-- MySQL Administrator dump 1.4
--
-- ------------------------------------------------------
-- Server version	5.1.58-1ubuntu1-log


/*!40101 SET @OLD_CHARACTER_SET_CLIENT=@@CHARACTER_SET_CLIENT */;
/*!40101 SET @OLD_CHARACTER_SET_RESULTS=@@CHARACTER_SET_RESULTS */;
/*!40101 SET @OLD_COLLATION_CONNECTION=@@COLLATION_CONNECTION */;
/*!40101 SET NAMES utf8 */;

/*!40014 SET @OLD_UNIQUE_CHECKS=@@UNIQUE_CHECKS, UNIQUE_CHECKS=0 */;
/*!40014 SET @OLD_FOREIGN_KEY_CHECKS=@@FOREIGN_KEY_CHECKS, FOREIGN_KEY_CHECKS=0 */;
/*!40101 SET @OLD_SQL_MODE=@@SQL_MODE, SQL_MODE='NO_AUTO_VALUE_ON_ZERO' */;


--
-- Create schema optica100
--

CREATE DATABASE IF NOT EXISTS optica100;
USE optica100;

--
-- Definition of table `optica100`.`Advice`
--

DROP TABLE IF EXISTS `optica100`.`Advice`;
CREATE TABLE  `optica100`.`Advice` (
  `id` mediumint(9) NOT NULL AUTO_INCREMENT,
  `image` varchar(128) DEFAULT NULL,
  `date_added` datetime NOT NULL DEFAULT '0000-00-00 00:00:00',
  `date_modified` datetime NOT NULL DEFAULT '0000-00-00 00:00:00',
  `active` tinyint(1) NOT NULL,
  `sort` mediumint(4) DEFAULT NULL,
  `id_prefix` mediumint(4) NOT NULL,
  PRIMARY KEY (`id`) USING BTREE
) ENGINE=MyISAM AUTO_INCREMENT=3 DEFAULT CHARSET=utf8;

--
-- Dumping data for table `optica100`.`Advice`
--

/*!40000 ALTER TABLE `Advice` DISABLE KEYS */;
LOCK TABLES `Advice` WRITE;
INSERT INTO `optica100`.`Advice` VALUES  (1,'','2012-03-11 12:40:38','2012-03-15 11:08:48',1,NULL,2),
 (2,'','2012-03-22 15:42:06','2012-03-22 15:42:06',1,NULL,0);
UNLOCK TABLES;
/*!40000 ALTER TABLE `Advice` ENABLE KEYS */;


--
-- Definition of table `optica100`.`AdviceCategory`
--

DROP TABLE IF EXISTS `optica100`.`AdviceCategory`;
CREATE TABLE  `optica100`.`AdviceCategory` (
  `id_advice` mediumint(9) NOT NULL,
  `id_cat` mediumint(9) NOT NULL,
  PRIMARY KEY (`id_advice`,`id_cat`)
) ENGINE=MyISAM DEFAULT CHARSET=utf8;

--
-- Dumping data for table `optica100`.`AdviceCategory`
--

/*!40000 ALTER TABLE `AdviceCategory` DISABLE KEYS */;
LOCK TABLES `AdviceCategory` WRITE;
INSERT INTO `optica100`.`AdviceCategory` VALUES  (1,4),
 (1,5);
UNLOCK TABLES;
/*!40000 ALTER TABLE `AdviceCategory` ENABLE KEYS */;


--
-- Definition of table `optica100`.`AdviceLang`
--

DROP TABLE IF EXISTS `optica100`.`AdviceLang`;
CREATE TABLE  `optica100`.`AdviceLang` (
  `id_advice` mediumint(9) NOT NULL,
  `id_lang` mediumint(9) NOT NULL,
  `content` text NOT NULL,
  `short_content` text,
  `meta_title` varchar(80) NOT NULL,
  `meta_description` varchar(200) DEFAULT NULL,
  `meta_keywords` varchar(25) DEFAULT NULL,
  `image_title` varchar(128) DEFAULT NULL,
  `name` varchar(255) NOT NULL,
  PRIMARY KEY (`id_advice`,`id_lang`) USING BTREE
) ENGINE=MyISAM DEFAULT CHARSET=utf8;

--
-- Dumping data for table `optica100`.`AdviceLang`
--

/*!40000 ALTER TABLE `AdviceLang` DISABLE KEYS */;
LOCK TABLES `AdviceLang` WRITE;
INSERT INTO `optica100`.`AdviceLang` VALUES  (1,4,'<em><strong>Основные определения</strong></em><br />',NULL,'Как носить линзу',NULL,NULL,'sdf','Как носить линзу1111111111'),
 (1,5,'<em><strong>Основные определения</strong></em><br />',NULL,'asdadsadasdsad',NULL,NULL,NULL,'adadadsadadad'),
 (2,4,'<p>22222222222</p>',NULL,'22222',NULL,NULL,'','22222222');
UNLOCK TABLES;
/*!40000 ALTER TABLE `AdviceLang` ENABLE KEYS */;


--
-- Definition of table `optica100`.`AdviceProduct`
--

DROP TABLE IF EXISTS `optica100`.`AdviceProduct`;
CREATE TABLE  `optica100`.`AdviceProduct` (
  `id_advice` mediumint(9) NOT NULL,
  `id_prod` mediumint(9) NOT NULL,
  PRIMARY KEY (`id_advice`,`id_prod`)
) ENGINE=MyISAM DEFAULT CHARSET=utf8;

--
-- Dumping data for table `optica100`.`AdviceProduct`
--

/*!40000 ALTER TABLE `AdviceProduct` DISABLE KEYS */;
LOCK TABLES `AdviceProduct` WRITE;
INSERT INTO `optica100`.`AdviceProduct` VALUES  (1,1),
 (1,2),
 (1,3);
UNLOCK TABLES;
/*!40000 ALTER TABLE `AdviceProduct` ENABLE KEYS */;


--
-- Definition of table `optica100`.`Attribute`
--

DROP TABLE IF EXISTS `optica100`.`Attribute`;
CREATE TABLE  `optica100`.`Attribute` (
  `id` mediumint(9) NOT NULL AUTO_INCREMENT,
  `name` varchar(255) CHARACTER SET utf8 NOT NULL,
  `id_lang` mediumint(9) NOT NULL,
  `id_set` mediumint(9) NOT NULL,
  `date_added` timestamp NOT NULL DEFAULT CURRENT_TIMESTAMP ON UPDATE CURRENT_TIMESTAMP,
  `date_modified` timestamp NOT NULL DEFAULT '0000-00-00 00:00:00',
  `active` tinyint(1) NOT NULL DEFAULT '1',
  `memo` tinyint(1) NOT NULL,
  `checkbox` tinyint(1) NOT NULL,
  `dropdown` tinyint(1) DEFAULT NULL,
  `dropdown_value` varchar(255) COLLATE utf8_bin DEFAULT NULL,
  `input` tinyint(1) NOT NULL DEFAULT '1',
  PRIMARY KEY (`id`,`id_lang`) USING BTREE
) ENGINE=MyISAM AUTO_INCREMENT=17 DEFAULT CHARSET=utf8 COLLATE=utf8_bin;

--
-- Dumping data for table `optica100`.`Attribute`
--

/*!40000 ALTER TABLE `Attribute` DISABLE KEYS */;
LOCK TABLES `Attribute` WRITE;
INSERT INTO `optica100`.`Attribute` VALUES  (3,'Тайтл',4,5,'2012-03-22 18:32:06','2012-03-22 12:25:24',1,0,0,NULL,'',1),
 (1,'Увеличение',4,6,'2012-03-22 18:32:06','2012-02-22 17:51:11',1,0,0,NULL,'',1),
 (1,'Zoom',5,6,'2012-03-22 18:32:06','2012-02-22 17:51:11',1,0,0,NULL,'',1),
 (2,'Оптическая сила',4,7,'2012-03-22 18:32:06','2012-02-28 17:23:15',1,0,0,NULL,'',1),
 (2,'Optical strenght',5,7,'2012-03-22 18:32:06','2012-02-28 17:23:15',1,0,0,NULL,'',1),
 (3,'Title',5,5,'2012-03-22 18:32:06','2012-03-22 12:25:24',1,0,0,NULL,'',1),
 (4,'Keyword',4,5,'2012-03-22 18:32:06','2012-02-24 10:37:01',1,0,0,NULL,'',1),
 (4,'Keyword',5,5,'2012-03-22 18:32:06','2012-02-24 10:37:01',1,0,0,NULL,'',1),
 (5,'Meta description',4,5,'2012-03-22 18:32:06','2012-02-24 10:37:12',1,0,0,NULL,'',1),
 (5,'Meta description',5,5,'2012-03-22 18:32:06','2012-02-24 10:37:12',1,0,0,NULL,'',1),
 (6,'Скидка',4,8,'2012-03-22 18:32:06','2012-02-24 10:37:40',1,0,0,NULL,'',1),
 (6,'Discount',5,8,'2012-03-22 18:32:06','2012-02-24 10:37:40',1,0,0,NULL,'',1),
 (7,'Гарантия',4,6,'2012-03-22 18:32:06','2012-02-24 10:38:11',1,0,0,NULL,'',1),
 (7,'Garanty',5,6,'2012-03-22 18:32:06','2012-02-24 10:38:12',1,0,0,NULL,'',1),
 (8,'Вес',4,6,'2012-03-22 18:32:06','2012-02-24 10:38:24',1,0,0,NULL,'',1),
 (8,'Weight',5,6,'2012-03-22 18:32:06','2012-02-24 10:38:24',1,0,0,NULL,'',1),
 (9,'Размер линзы',4,7,'2012-03-22 18:32:06','2012-02-24 10:39:46',1,0,0,NULL,'',1),
 (9,'Lense size',5,7,'2012-03-22 18:32:06','2012-02-24 10:39:46',1,0,0,NULL,'',1),
 (10,'Цена',4,8,'2012-03-22 18:32:06','2012-02-29 16:11:52',1,1,0,NULL,'',1),
 (10,'Price',5,8,'2012-03-22 18:32:06','2012-02-29 16:11:52',1,1,0,NULL,'',1),
 (11,'Материал',4,6,'2012-03-22 18:32:06','2012-02-27 12:35:11',1,0,0,NULL,'',1),
 (11,'Material',5,6,'2012-03-22 18:32:06','2012-02-27 12:35:11',1,0,0,NULL,'',1),
 (12,'Назначение',4,7,'2012-03-22 18:32:06','2012-02-28 17:25:18',1,1,0,NULL,'',1),
 (12,'Purpose',5,7,'2012-03-22 18:32:06','2012-02-28 17:25:18',1,1,0,NULL,'',1),
 (13,'Характеристики',4,7,'2012-03-22 18:32:06','2012-02-28 17:44:28',1,1,0,NULL,'',1),
 (13,'Characteristics',5,7,'2012-03-22 18:32:06','2012-02-28 17:44:28',1,1,0,NULL,'',1),
 (14,'Новинка',4,9,'2012-03-22 18:19:35','2012-03-22 18:20:21',1,0,1,0,'',0),
 (14,'New',5,9,'2012-03-22 18:19:35','2012-03-22 18:20:21',1,0,1,0,'',0),
 (15,'Привязка к спецпредложениям',4,9,'2012-03-22 18:32:06','2012-03-23 11:06:23',1,0,0,1,0x4F66666572,0),
 (15,'Rel to offers',5,9,'2012-03-22 18:32:06','2012-03-23 11:06:23',1,0,0,1,0x4F66666572,0),
 (16,'Leader',5,9,'2012-03-23 13:52:16','2012-03-23 13:52:16',1,0,1,0,'',0),
 (16,'Лидер продаж',4,9,'2012-03-23 13:52:16','2012-03-23 13:52:16',1,0,1,0,'',0);
UNLOCK TABLES;
/*!40000 ALTER TABLE `Attribute` ENABLE KEYS */;


--
-- Definition of table `optica100`.`AttributeCategory`
--

DROP TABLE IF EXISTS `optica100`.`AttributeCategory`;
CREATE TABLE  `optica100`.`AttributeCategory` (
  `id_attr` mediumint(9) NOT NULL,
  `value` text,
  `id_cat` mediumint(9) NOT NULL,
  `id_lang` mediumint(9) NOT NULL,
  `date_added` timestamp NOT NULL DEFAULT CURRENT_TIMESTAMP,
  `date_modified` timestamp NOT NULL DEFAULT '0000-00-00 00:00:00',
  PRIMARY KEY (`id_attr`,`id_cat`,`id_lang`)
) ENGINE=MyISAM DEFAULT CHARSET=utf8;

--
-- Dumping data for table `optica100`.`AttributeCategory`
--

/*!40000 ALTER TABLE `AttributeCategory` DISABLE KEYS */;
LOCK TABLES `AttributeCategory` WRITE;
INSERT INTO `optica100`.`AttributeCategory` VALUES  (5,'ываываыва',1,4,'2012-03-23 15:52:13','2012-03-23 15:52:13'),
 (4,'ваыа',1,4,'2012-03-23 15:52:13','2012-03-23 15:52:13'),
 (6,'2',2,4,'2012-03-23 15:51:33','2012-03-23 15:51:33'),
 (5,'дескрипшн',2,4,'2012-03-23 15:51:33','2012-03-23 15:51:33'),
 (4,'кейвордс',2,4,'2012-03-23 15:51:33','2012-03-23 15:51:33'),
 (3,'тайтл',2,4,'2012-03-23 15:51:33','2012-03-23 15:51:33'),
 (3,'кате',1,4,'2012-03-23 15:52:13','2012-03-23 15:52:13'),
 (3,'qwqwe',6,4,'2012-03-23 15:48:54','2012-03-23 15:48:54');
UNLOCK TABLES;
/*!40000 ALTER TABLE `AttributeCategory` ENABLE KEYS */;


--
-- Definition of table `optica100`.`AttributeProduct`
--

DROP TABLE IF EXISTS `optica100`.`AttributeProduct`;
CREATE TABLE  `optica100`.`AttributeProduct` (
  `id_attr` mediumint(9) NOT NULL,
  `value` text COLLATE utf8_bin,
  `id_prod` mediumint(9) NOT NULL,
  `id_lang` mediumint(9) NOT NULL,
  `date_added` timestamp NOT NULL DEFAULT CURRENT_TIMESTAMP ON UPDATE CURRENT_TIMESTAMP,
  `date_modified` timestamp NOT NULL DEFAULT '0000-00-00 00:00:00',
  PRIMARY KEY (`id_attr`,`id_prod`,`id_lang`) USING BTREE
) ENGINE=MyISAM DEFAULT CHARSET=utf8 COLLATE=utf8_bin;

--
-- Dumping data for table `optica100`.`AttributeProduct`
--

/*!40000 ALTER TABLE `AttributeProduct` DISABLE KEYS */;
LOCK TABLES `AttributeProduct` WRITE;
INSERT INTO `optica100`.`AttributeProduct` VALUES  (12,0x6173646173646173643837383937,2,4,'2012-03-30 13:43:38','2012-03-30 13:43:38'),
 (15,0x31,1,4,'2012-03-26 16:29:29','2012-03-26 16:29:29'),
 (2,0x3132,1,4,'2012-03-26 16:29:29','2012-03-26 16:29:29'),
 (9,0x3232,1,4,'2012-03-26 16:29:29','2012-03-26 16:29:29'),
 (12,0x3C656D3E61736461643C2F656D3E,1,4,'2012-03-26 16:29:29','2012-03-26 16:29:29'),
 (9,0x617364,2,4,'2012-03-30 13:43:38','2012-03-30 13:43:38'),
 (15,0x30,2,4,'2012-03-30 13:43:38','2012-03-30 13:43:38'),
 (2,0x7364,2,4,'2012-03-30 13:43:38','2012-03-30 13:43:38'),
 (14,0x31,2,4,'2012-03-30 13:43:38','2012-03-30 13:43:38'),
 (10,'',2,4,'2012-03-30 13:43:38','2012-03-30 13:43:38'),
 (6,'',2,4,'2012-03-30 13:43:38','2012-03-30 13:43:38'),
 (13,0x3C703E3132333132333C2F703E,1,4,'2012-03-26 16:29:29','2012-03-26 16:29:29'),
 (10,0x32,1,4,'2012-03-26 16:29:29','2012-03-26 16:29:29'),
 (6,0x31,1,4,'2012-03-26 16:29:29','2012-03-26 16:29:29'),
 (5,0x31313131313131313131,1,4,'2012-03-26 16:29:29','2012-03-26 16:29:29'),
 (9,0x323232,3,4,'2012-03-30 12:49:13','2012-03-30 12:49:13'),
 (2,0x3132,3,4,'2012-03-30 12:49:13','2012-03-30 12:49:13'),
 (15,0x30,3,4,'2012-03-30 12:49:13','2012-03-30 12:49:13'),
 (10,0x3132,3,4,'2012-03-30 12:49:13','2012-03-30 12:49:13'),
 (6,'',3,4,'2012-03-30 12:49:13','2012-03-30 12:49:13'),
 (5,0xD0B4D0B5D181D0BAD18031,3,4,'2012-03-30 12:49:13','2012-03-30 12:49:13'),
 (4,0xD0BAD0B5D0B9D0B2,3,4,'2012-03-30 12:49:13','2012-03-30 12:49:13'),
 (5,'',2,4,'2012-03-30 13:43:38','2012-03-30 13:43:38'),
 (12,0x3C7374726F6E673ED0B1D0BBD0B0D0BBD0B0D0BBD0B0D0BBD0B0D0B0D0BB3C2F7374726F6E673E,3,4,'2012-03-30 12:49:13','2012-03-30 12:49:13'),
 (3,0xD182D0B0D0B9D182D0BB,3,4,'2012-03-30 12:49:13','2012-03-30 12:49:13'),
 (4,0x31323132,2,4,'2012-03-30 13:43:38','2012-03-30 13:43:38'),
 (3,0x3132,2,4,'2012-03-30 13:43:38','2012-03-30 13:43:38'),
 (7,0x3133,4,4,'2012-03-22 16:16:13','2012-03-22 16:16:13'),
 (14,'',4,4,'2012-03-22 16:16:13','2012-03-22 16:16:13'),
 (1,0x3133,4,4,'2012-03-22 16:16:13','2012-03-22 16:16:13'),
 (10,0xD0BFD18BD0B2D0BFD18BD0B2D0BFD0B2D18BD0BFD0B2D18B,4,4,'2012-03-22 16:16:13','2012-03-22 16:16:13'),
 (6,0x3135,4,4,'2012-03-22 16:16:13','2012-03-22 16:16:13'),
 (5,'',4,4,'2012-03-22 16:16:13','2012-03-22 16:16:13'),
 (4,'',4,4,'2012-03-22 16:16:13','2012-03-22 16:16:13'),
 (3,'',4,4,'2012-03-22 16:16:13','2012-03-22 16:16:13'),
 (8,0x34,4,4,'2012-03-22 16:16:13','2012-03-22 16:16:13'),
 (11,0x313331333133,4,4,'2012-03-22 16:16:13','2012-03-22 16:16:13'),
 (2,'',5,4,'2012-03-23 13:52:40','2012-03-23 13:52:40'),
 (16,0x31,5,4,'2012-03-23 13:52:40','2012-03-23 13:52:40'),
 (15,0x31,5,4,'2012-03-23 13:52:40','2012-03-23 13:52:40'),
 (10,'',5,4,'2012-03-23 13:52:40','2012-03-23 13:52:40'),
 (6,'',5,4,'2012-03-23 13:52:40','2012-03-23 13:52:40'),
 (5,'',5,4,'2012-03-23 13:52:40','2012-03-23 13:52:40'),
 (4,'',5,4,'2012-03-23 13:52:40','2012-03-23 13:52:40'),
 (3,'',5,4,'2012-03-23 13:52:40','2012-03-23 13:52:40'),
 (4,0x3232323232323232323232,1,4,'2012-03-26 16:29:29','2012-03-26 16:29:29'),
 (3,0x32323232323232,1,4,'2012-03-26 16:29:29','2012-03-26 16:29:29'),
 (9,'',5,4,'2012-03-23 13:52:40','2012-03-23 13:52:40'),
 (12,'',5,4,'2012-03-23 13:52:40','2012-03-23 13:52:40'),
 (13,'',5,4,'2012-03-23 13:52:40','2012-03-23 13:52:40'),
 (12,0x383937393837393837,6,4,'2012-03-23 13:59:13','2012-03-23 13:59:13'),
 (9,0x3132,6,4,'2012-03-23 13:59:13','2012-03-23 13:59:13'),
 (2,0x3835,6,4,'2012-03-23 13:59:13','2012-03-23 13:59:13'),
 (16,0x31,6,4,'2012-03-23 13:59:13','2012-03-23 13:59:13'),
 (15,0x31,6,4,'2012-03-23 13:59:13','2012-03-23 13:59:13'),
 (10,0x32333233,6,4,'2012-03-23 13:59:13','2012-03-23 13:59:13'),
 (6,0x32,6,4,'2012-03-23 13:59:13','2012-03-23 13:59:13'),
 (5,0x736466736466,6,4,'2012-03-23 13:59:13','2012-03-23 13:59:13'),
 (4,0x31736466736466,6,4,'2012-03-23 13:59:13','2012-03-23 13:59:13'),
 (3,0x323232323232,6,4,'2012-03-23 13:59:13','2012-03-23 13:59:13'),
 (13,0x393030383039383938,6,4,'2012-03-23 13:59:13','2012-03-23 13:59:13'),
 (13,0x3C6F6C3E0D0AD18BD0B2D0B0D18BD0B2D0B03C6F6C3E0D0A3C2F6F6C3E3131313131310D0A3C2F6F6C3E0D0A0D0A0D0A,3,4,'2012-03-30 12:49:13','2012-03-30 12:49:13'),
 (13,'',2,4,'2012-03-30 13:43:38','2012-03-30 13:43:38');
UNLOCK TABLES;
/*!40000 ALTER TABLE `AttributeProduct` ENABLE KEYS */;


--
-- Definition of table `optica100`.`Category`
--

DROP TABLE IF EXISTS `optica100`.`Category`;
CREATE TABLE  `optica100`.`Category` (
  `id` mediumint(9) NOT NULL AUTO_INCREMENT,
  `parent` mediumint(9) NOT NULL,
  `image` varchar(255) NOT NULL,
  `active` tinyint(1) NOT NULL,
  `date_added` timestamp NOT NULL DEFAULT CURRENT_TIMESTAMP ON UPDATE CURRENT_TIMESTAMP,
  `date_modified` timestamp NOT NULL DEFAULT '0000-00-00 00:00:00',
  `prefix` tinyint(4) NOT NULL DEFAULT '0',
  PRIMARY KEY (`id`)
) ENGINE=MyISAM AUTO_INCREMENT=8 DEFAULT CHARSET=utf8;

--
-- Dumping data for table `optica100`.`Category`
--

/*!40000 ALTER TABLE `Category` DISABLE KEYS */;
LOCK TABLES `Category` WRITE;
INSERT INTO `optica100`.`Category` VALUES  (1,3,'',1,'2012-02-28 14:01:44','2012-03-23 15:52:13',1),
 (2,0,'',1,'2012-02-28 14:49:29','2012-03-23 15:51:33',1),
 (3,0,'',1,'2012-03-13 11:08:58','2012-03-23 15:51:47',1),
 (4,0,'',1,'2012-03-13 11:10:53','2012-03-23 17:04:00',2),
 (5,0,'',1,'2012-03-13 11:11:19','2012-03-23 17:04:15',2),
 (6,0,'',1,'2012-03-21 12:21:06','2012-03-23 15:48:54',1),
 (7,0,'',1,'2012-03-21 12:21:22','2012-03-23 15:49:21',1);
UNLOCK TABLES;
/*!40000 ALTER TABLE `Category` ENABLE KEYS */;


--
-- Definition of table `optica100`.`CategoryGroup`
--

DROP TABLE IF EXISTS `optica100`.`CategoryGroup`;
CREATE TABLE  `optica100`.`CategoryGroup` (
  `id_group` int(11) NOT NULL AUTO_INCREMENT,
  `id_lang` int(11) NOT NULL,
  `name` varchar(255) NOT NULL,
  `id_prefix` int(11) NOT NULL,
  PRIMARY KEY (`id_group`)
) ENGINE=MyISAM AUTO_INCREMENT=8 DEFAULT CHARSET=utf8;

--
-- Dumping data for table `optica100`.`CategoryGroup`
--

/*!40000 ALTER TABLE `CategoryGroup` DISABLE KEYS */;
LOCK TABLES `CategoryGroup` WRITE;
INSERT INTO `optica100`.`CategoryGroup` VALUES  (3,4,'Бинокли по применению',1),
 (4,4,'Бинокли по торговой марке',1),
 (5,4,'Бинокли по типу',1),
 (7,4,'По конструкции',2);
UNLOCK TABLES;
/*!40000 ALTER TABLE `CategoryGroup` ENABLE KEYS */;


--
-- Definition of table `optica100`.`CategoryLang`
--

DROP TABLE IF EXISTS `optica100`.`CategoryLang`;
CREATE TABLE  `optica100`.`CategoryLang` (
  `id` mediumint(9) NOT NULL,
  `name` varchar(600) CHARACTER SET utf8 COLLATE utf8_bin NOT NULL,
  `title` varchar(600) CHARACTER SET utf8 COLLATE utf8_bin NOT NULL,
  `meta_descr` varchar(200) CHARACTER SET utf8 COLLATE utf8_bin NOT NULL,
  `meta_keywords` varchar(200) CHARACTER SET utf8 COLLATE utf8_bin NOT NULL,
  `description` varchar(1500) CHARACTER SET utf8 COLLATE utf8_bin NOT NULL,
  `id_lang` mediumint(9) NOT NULL,
  `id_group` mediumint(9) NOT NULL,
  PRIMARY KEY (`id`,`id_lang`)
) ENGINE=MyISAM DEFAULT CHARSET=utf8;

--
-- Dumping data for table `optica100`.`CategoryLang`
--

/*!40000 ALTER TABLE `CategoryLang` DISABLE KEYS */;
LOCK TABLES `CategoryLang` WRITE;
INSERT INTO `optica100`.`CategoryLang` VALUES  (1,0xD091D0B8D0BDD0BED0BAD0BBD0B820D0B4D0BBD18F20D182D183D180D0B8D0B7D0BCD0B020D0B820D0BED182D0B4D18BD185D0B0,'','','','',4,3),
 (2,0xD091D0B8D0BDD0BED0BAD0BBD0B820D0B4D0BBD18F20D0BED185D0BED182D18B,'','','','',4,3),
 (3,0xD091D0B8D0BDD0BED0BAD0BBD0B820D0B4D0BBD18F20D180D18BD0B1D0B0D0BBD0BAD0B8,'','','','',4,3),
 (4,0xD094D0BBD18F20D187D182D0B5D0BDD0B8D18F,'','','','',4,7),
 (5,0xD094D0BBD18F20D0BFD0B8D181D18CD0BCD0B0,'','','','',4,7),
 (6,0x6661726C7578C2AE,'','','',0x3C703E3C613E6661726C7578267265673B3C2F613E3C2F703E,4,4),
 (7,0x72656761747461C2AE,'','','',0x3C703E3C613E72656761747461267265673B3C2F613E3C2F703E,4,4);
UNLOCK TABLES;
/*!40000 ALTER TABLE `CategoryLang` ENABLE KEYS */;


--
-- Definition of table `optica100`.`City`
--

DROP TABLE IF EXISTS `optica100`.`City`;
CREATE TABLE  `optica100`.`City` (
  `id_region` int(2) DEFAULT NULL,
  `id` int(4) NOT NULL DEFAULT '0',
  `name` varchar(255) DEFAULT NULL,
  PRIMARY KEY (`id`)
) ENGINE=MyISAM DEFAULT CHARSET=utf8;

--
-- Dumping data for table `optica100`.`City`
--

/*!40000 ALTER TABLE `City` DISABLE KEYS */;
LOCK TABLES `City` WRITE;
INSERT INTO `optica100`.`City` VALUES  (8,234,'Алексеевка(Белгород)'),
 (8,76,'Белгород'),
 (8,6423,'Беленькое(Борисовский р-н)'),
 (8,2719,'Беловское'),
 (8,4019,'Белый Колодезь'),
 (8,3945,'Бессоновка(Белгород)'),
 (8,3988,'Бирюч'),
 (8,3980,'Ближняя Игуменка'),
 (8,4020,'Большетроицкое'),
 (8,236,'Борисовка'),
 (8,237,'Валуйки'),
 (8,2165,'Вейделевка'),
 (8,3786,'Верхнее Кузькино'),
 (8,3355,'Веселая Лопань'),
 (8,1804,'Волоконовка'),
 (8,3942,'Глотово'),
 (8,5687,'Головчино'),
 (8,238,'Грайворон'),
 (8,5677,'Гремячье (Корочанский р-н)'),
 (8,239,'Губкин'),
 (8,4022,'Дальняя Игуменка'),
 (8,3376,'Доброе(Белгород)'),
 (8,5688,'Дорогощь'),
 (8,3326,'Дубовое (Белгород)'),
 (8,5489,'Жданово(Белгородская обл)'),
 (8,3978,'Засосна'),
 (8,3833,'Зозули'),
 (8,2167,'Ивня'),
 (8,3818,'Коломыцево'),
 (8,3849,'Комсомольский (Белгород)'),
 (8,3266,'Короча'),
 (8,6096,'Котел(Старооскольский р-н)'),
 (8,6075,'Красная Поляна(Шебекинский р-н)'),
 (8,1432,'Красная Яруга'),
 (8,3354,'Красное (Белгород)'),
 (8,5711,'Красный Отрожек (Яковлевский р-н)'),
 (8,5740,'Криничное'),
 (8,5185,'Ливенка'),
 (8,2170,'Майский(Белгород)'),
 (8,3955,'Максимовка'),
 (8,3979,'Маслова Пристань'),
 (8,5764,'Муром(Шебекенский р-н)'),
 (8,3047,'Незнамово'),
 (8,5196,'Нехотеевка'),
 (8,3787,'Новая Таволжанка'),
 (8,5598,'Новосадовый'),
 (8,4064,'Новоселовка-1'),
 (8,240,'Новый Оскол'),
 (8,6100,'Обуховка(Старооскольский р-н)'),
 (8,5653,'Озерки (Старооскольский р-н)'),
 (8,5747,'Октябрьский(Белгород)'),
 (8,6099,'ОЭМК(Старооскольский р-н)'),
 (8,3415,'Пенцево'),
 (8,5666,'Петропавловка (Белгородский р-н)'),
 (8,5872,'Поляна(Шебекинский р-н)'),
 (8,4203,'Пристень (Белгород)'),
 (8,2805,'Пролетарский (Белгород)'),
 (8,1416,'Прохоровка'),
 (8,4017,'Пушкарное'),
 (8,3405,'Пятницкое'),
 (8,2893,'Разумное'),
 (8,2171,'Ракитное (Белгород)'),
 (8,3404,'Ржевка'),
 (8,2166,'Ровеньки'),
 (8,3279,'Северный (Белгород)'),
 (8,5646,'Севрюково'),
 (8,3377,'Сосновка (Белгород)'),
 (8,241,'Старый Оскол'),
 (8,3218,'Стрелецкое'),
 (8,2169,'Строитель (Белгород)'),
 (8,2579,'Таврово'),
 (8,2168,'Томаровка'),
 (8,3814,'Тростенец'),
 (8,3993,'Уразово'),
 (8,5633,'Федосеевка'),
 (8,5323,'Холодное (Прохоровский р-н)'),
 (8,4021,'Хохлово(Белгород)'),
 (8,3265,'Чернянка'),
 (8,3834,'Чужиково'),
 (8,242,'Шебекино'),
 (8,5844,'Шеино(Корочанский р-н)'),
 (8,1470,'Щетиновка'),
 (8,2519,'Яковлево(Белгород)'),
 (8,4018,'Ясные Зори'),
 (9,258,'Белые берега'),
 (9,5680,'Березовка (Брянск)'),
 (9,4797,'Березовский (Брянск)'),
 (9,3297,'Большое Полпино'),
 (9,259,'Брасово'),
 (9,77,'Брянск'),
 (9,4280,'Верный Путь'),
 (9,261,'Выгоничи'),
 (9,4511,'Высокое(Брянск)'),
 (9,3366,'Глинещево'),
 (9,2610,'Добрунь'),
 (9,262,'Дубровка (Брянск)'),
 (9,263,'Дятьково (Брянск)'),
 (9,3051,'Жеча'),
 (9,264,'Жирятино'),
 (9,265,'Жуковка (Брянск)'),
 (9,266,'Злынка'),
 (9,267,'Карачев'),
 (9,268,'Клетня'),
 (9,269,'Климово'),
 (9,270,'Клинцы'),
 (9,271,'Комаричи'),
 (9,272,'Красная гора'),
 (9,4410,'Лесной (Брянск)'),
 (9,273,'Мглин'),
 (9,3983,'Мичуринский(Брянск)'),
 (9,274,'Навля'),
 (9,275,'Новозыбков'),
 (9,6490,'Новые Дарковичи'),
 (9,5263,'Октябрьское (Брянск)'),
 (9,5585,'Отрадное (Брянск)'),
 (9,6453,'Переторги'),
 (9,276,'Погар'),
 (9,277,'Почеп'),
 (9,3310,'Путевка'),
 (9,278,'Рогнедено'),
 (9,3248,'Свень'),
 (9,279,'Севск'),
 (9,280,'Сельцо'),
 (9,5204,'Скрябино'),
 (9,5319,'Снежка'),
 (9,281,'Стародуб'),
 (9,2491,'Старь'),
 (9,282,'Суземка'),
 (9,2599,'Супонево'),
 (9,283,'Сураж'),
 (9,5667,'Толмачево (Брянск)'),
 (9,284,'Трубчевск'),
 (9,285,'Унеча'),
 (9,1341,'Фокино(Брянск)'),
 (10,4551,'Аршан'),
 (10,4385,'Багдарин'),
 (10,5798,'Баргузин'),
 (10,4552,'Бичура'),
 (10,1852,'Верхняя Березовка'),
 (10,1508,'Гусиноозерск'),
 (10,5884,'Заиграево'),
 (10,4175,'Закаменск'),
 (10,1333,'Заречный(Улан-Уде)'),
 (10,6105,'Иволгинск'),
 (10,1705,'Кабанск'),
 (10,1706,'Каменск'),
 (10,5108,'Кижинга'),
 (10,4387,'Кырен'),
 (10,1708,'Кяхта'),
 (10,5076,'Матросова(Улан-Удэ)'),
 (10,4388,'Мухоршибирь'),
 (10,1702,'Наушки'),
 (10,5832,'Нижнеангарск(Бурятия)'),
 (10,1462,'Онохой'),
 (10,4550,'Орлик'),
 (10,2590,'Оронгой'),
 (10,4553,'Саган-Нур'),
 (10,2517,'Северобайкальск'),
 (10,1444,'Селенгинск'),
 (10,5268,'Сокол (Бурятия)'),
 (10,4386,'Сосново-Озёрское'),
 (10,6370,'Сотниково'),
 (10,3252,'Таежный'),
 (10,5001,'Турунтаево(Бурятия)'),
 (10,120,'Улан-Удэ'),
 (10,2187,'Усть-Ордынский'),
 (10,1910,'Хоринск'),
 (10,1748,'Цолга'),
 (10,5972,'Энергетик(Улан-Удэ)'),
 (10,1765,'Южный(Улан-Удэ)'),
 (11,1466,'Александров'),
 (11,320,'Андреево'),
 (11,321,'Анопино'),
 (11,3167,'Бавлены'),
 (11,2953,'Балакирево'),
 (11,3168,'Березки'),
 (11,2373,'Боголюбово'),
 (11,322,'Великодворский'),
 (11,323,'Вербовский'),
 (11,79,'Владимир'),
 (11,2744,'Вольгинский'),
 (11,4257,'Ворша'),
 (11,325,'Вязники (Владимир)'),
 (11,3230,'Глебово'),
 (11,1790,'Городище(Владимир)'),
 (11,326,'Гороховец'),
 (11,327,'Гусь-Хрустальный'),
 (11,3057,'Демидово'),
 (11,328,'Иванищи'),
 (11,4902,'Искра (Владимир)'),
 (11,329,'Камешково'),
 (11,330,'Карабаново'),
 (11,3169,'Кипрево'),
 (11,1328,'Киржач'),
 (11,332,'Ковров'),
 (11,2949,'Колокша'),
 (11,333,'Кольчугино'),
 (11,2947,'Коммунар (Владимир)'),
 (11,334,'Костерево'),
 (11,335,'Красная Горбатка'),
 (11,336,'Красное Эхо'),
 (11,2952,'Красный Октябрь(Владимир)'),
 (11,337,'Курлово'),
 (11,338,'Лакинск'),
 (11,339,'Лесной(Владимир)'),
 (11,3285,'Марино'),
 (11,340,'Мезиновский'),
 (11,341,'Меленки'),
 (11,342,'Мелехово'),
 (11,4580,'Механизаторов'),
 (11,343,'Мстера'),
 (11,344,'Муром'),
 (11,2758,'Никологоры'),
 (11,3867,'Оргтруд'),
 (11,3112,'Павловское(Владимир)'),
 (11,345,'Петушки'),
 (11,346,'Покров (Владимир)'),
 (11,2515,'Пролетарский (Владимир)'),
 (11,1755,'Радужный(Владимир)'),
 (11,4903,'Садовый (Владимир)'),
 (11,348,'Собинка'),
 (11,4235,'Сокол (Владимир)'),
 (11,2630,'Ставрово'),
 (11,349,'Струнино'),
 (11,350,'Судогда'),
 (11,351,'Суздаль'),
 (11,2951,'Федоровская'),
 (11,3263,'Цыбеево'),
 (11,352,'Энергетик (Владимир)'),
 (11,2372,'Юрьевец(Владимирской)'),
 (11,354,'Юрьев-Польский'),
 (12,355,'Быково(Волгоград)'),
 (12,80,'Волгоград'),
 (12,358,'Волжский (Волгоград)'),
 (12,359,'Городище(Волгоград)'),
 (12,5093,'Горьковский'),
 (12,2501,'Гумрак'),
 (12,3339,'Даниловка'),
 (12,4372,'Дворянское'),
 (12,360,'Дубовка (Волгоград)'),
 (12,2820,'Елань (Волгоград)'),
 (12,4274,'Ерзовка'),
 (12,2271,'Жирновск'),
 (12,2273,'Иловля'),
 (12,361,'Калач-на-Дону'),
 (12,1707,'Камышин'),
 (12,6315,'Качалинская'),
 (12,3081,'Киквидзе'),
 (12,3082,'Клетская'),
 (12,363,'Котельниково'),
 (12,2272,'Котово (Волгоград)'),
 (12,364,'Краснослободск (Волгоград)'),
 (12,365,'Красный Яр(Волгоград)'),
 (12,3083,'Кумылженская'),
 (12,366,'Ленинск'),
 (12,5189,'Мирный(Волгоград)'),
 (12,1701,'Михайловка(Волгоград)'),
 (12,3084,'Нехаевская'),
 (12,1536,'Новоаннинский'),
 (12,3088,'Новониколаевский (Волгоград)'),
 (12,6393,'Новый Рогачик(Городищенский р-н)'),
 (12,5267,'Областная с-х опытная станция'),
 (12,3089,'Октябрьский (Волгоград)'),
 (12,3090,'Ольховка'),
 (12,1550,'Паласовка'),
 (12,368,'Петров Вал'),
 (12,3413,'Рабочий(Волжский)'),
 (12,2818,'Рудня (Волгоград)'),
 (12,3865,'Сады Придонья'),
 (12,2274,'Светлый Яр'),
 (12,3091,'Серафимович'),
 (12,369,'Средняя Ахтуба'),
 (12,3092,'Старая Полтавка'),
 (12,5235,'Степной (Городищенский р-н)'),
 (12,370,'Суровикино'),
 (12,1565,'Урюпинск'),
 (12,371,'Фролово'),
 (12,5521,'Червленое'),
 (12,3093,'Чернышковский'),
 (13,2337,'Бабаево'),
 (13,3346,'Бабушкино'),
 (13,2180,'Белозерск'),
 (13,4399,'Благовещенье'),
 (13,3349,'Бобровникова'),
 (13,3338,'Ботово(Череповец)'),
 (13,1733,'Великий Устюг'),
 (13,3350,'Верховажье'),
 (13,81,'Вологда'),
 (13,4034,'Вологда-20'),
 (13,2182,'Вохтога'),
 (13,3344,'Вытегра'),
 (13,2184,'Грязовец'),
 (13,1408,'Депо'),
 (13,4562,'Ермаково(Вологода)'),
 (13,5487,'Зеленцово'),
 (13,4823,'Ирдоматка'),
 (13,4731,'Кадников'),
 (13,2340,'Кадуй'),
 (13,2341,'Кириллов'),
 (13,2179,'Кичменский Городок'),
 (13,4634,'Климовское'),
 (13,3356,'Красавино (Вологда)'),
 (13,373,'Кувшиново (Вологда)'),
 (13,374,'Лоста'),
 (13,3357,'Майский( Вологда)'),
 (13,6351,'Малечкино'),
 (13,3783,'Митицино'),
 (13,4435,'Можайское'),
 (13,375,'Молочное (Вологда)'),
 (13,3348,'Морозовица'),
 (13,3352,'Непотягово'),
 (13,3164,'Нестерово'),
 (13,2178,'Никольск (Вологда)'),
 (13,3347,'Новатор'),
 (13,2183,'Нюксеница'),
 (13,376,'Прилуки (Вологда)'),
 (13,5279,'Ростилово'),
 (13,4739,'Рубцово'),
 (13,2336,'Сазоново'),
 (13,6163,'Семёнково(Вологда)'),
 (13,377,'Сокол(Вологда)'),
 (13,2338,'Суда'),
 (13,3341,'Сямжа'),
 (13,2177,'Тарнога'),
 (13,3802,'Текстильщиков'),
 (13,3222,'Тоншалово'),
 (13,2176,'Тотьма'),
 (13,3353,'Устье (Усть-Кубинский р-н)'),
 (13,378,'Устюжна'),
 (13,3351,'Харовск'),
 (13,2339,'Хохлово(Череповец)'),
 (13,1738,'Чагода'),
 (13,134,'Череповец'),
 (13,1859,'Шексна'),
 (13,5233,'Юбилейный(Тотемский р-н)'),
 (14,6352,'Александровка(Новоусманский р-н)'),
 (14,1860,'Анна'),
 (14,3856,'Бабяково'),
 (14,4418,'Ближнее Стояново'),
 (14,379,'Бобров'),
 (14,1861,'Богучар'),
 (14,380,'Борисоглебск'),
 (14,4641,'Боровое'),
 (14,1862,'Бутурлиновка'),
 (14,1863,'Верхний Мамон'),
 (14,1864,'Верхняя Хава'),
 (14,1865,'Воля'),
 (14,82,'Воронеж'),
 (14,1866,'Графское'),
 (14,1867,'Гремячье (Воронеж)'),
 (14,1868,'Грибановка'),
 (14,4663,'Давыдовка'),
 (14,6452,'Девица(Семилукский р-н)'),
 (14,4440,'Залужное'),
 (14,1870,'Землянск'),
 (14,1871,'Каверье'),
 (14,382,'Калач'),
 (14,1441,'Каменка(Воронеж)'),
 (14,1872,'Кантемировка'),
 (14,1873,'Капанище'),
 (14,1874,'Каширское'),
 (14,1875,'Колодезный'),
 (14,6237,'Коротояк'),
 (14,1876,'Краснолесный'),
 (14,1877,'Латное'),
 (14,383,'Лиски'),
 (14,6494,'Лосево(Воронеж)'),
 (14,2636,'Масловка (Воронеж)'),
 (14,5731,'Масловка (Лискинский р-н)'),
 (14,4408,'Медовка'),
 (14,1878,'Нижнедевицк'),
 (14,1879,'Нижний Кисляй'),
 (14,1880,'Нижняя Ведуга'),
 (14,3048,'Никольское (Воронеж)'),
 (14,1881,'Новая Усмань'),
 (14,384,'Нововоронеж'),
 (14,4423,'Новогремяченское'),
 (14,385,'Новохоперск'),
 (14,1794,'Ольховатка'),
 (14,2941,'Орловка(Хохольский р-н)'),
 (14,1882,'Орлово(Новоусманский р-н)'),
 (14,386,'Острогожск'),
 (14,1846,'Павловск (Воронеж)'),
 (14,1883,'Панино'),
 (14,6245,'Парусное'),
 (14,2868,'Первого Мая(Воронеж)'),
 (14,1884,'Петропавловка (Воронеж)'),
 (14,387,'Поворино'),
 (14,1885,'Подгоренский'),
 (14,4169,'Подгорное (Воронеж)'),
 (14,1886,'Подклетное'),
 (14,3102,'Пригородный (Калач-Воронеж)'),
 (14,4330,'Придонской (Воронеж)'),
 (14,4528,'Промзона МЭЗ'),
 (14,1887,'Рамонь'),
 (14,3944,'Репное'),
 (14,1888,'Репьевка'),
 (14,1889,'Рогачевка'),
 (14,388,'Россошь'),
 (14,4617,'Рыбное (Воронежская)'),
 (14,389,'Семилуки'),
 (14,6394,'Совхоз Воронежский'),
 (14,4390,'Солнечный(Воронеж)'),
 (14,1891,'Сомово'),
 (14,6295,'Софьино(Воронеж)'),
 (14,1892,'Средний Икорец'),
 (14,4118,'Стрелица(Воронеж)'),
 (14,1894,'Таловая'),
 (14,1895,'Терновка'),
 (14,1896,'Трудовое(Воронеж)'),
 (14,4060,'Углянец'),
 (14,1897,'Хохол'),
 (14,6073,'Хохольский'),
 (14,4075,'Хреновое'),
 (14,3053,'Чертовицк'),
 (14,3187,'Шилово (Воронеж)'),
 (14,4461,'Элеваторный'),
 (14,390,'Эртиль'),
 (14,4439,'Ямное'),
 (15,1316,'Бабаюрт'),
 (15,5520,'Башлыкент'),
 (15,2159,'Буйнакск'),
 (15,1343,'Дагестанские Огни'),
 (15,603,'Дербент'),
 (15,1344,'Избербаш'),
 (15,1345,'Каспийск'),
 (15,1346,'Касумкент'),
 (15,1347,'Каякент'),
 (15,1348,'Кизилюрт'),
 (15,1349,'Кизляр'),
 (15,5636,'Коркмаскала'),
 (15,1350,'Манаскент'),
 (15,602,'Махачкала'),
 (15,2824,'Новый Кяхулай'),
 (15,4183,'Семендер'),
 (15,3272,'Степной (Махачкала)'),
 (15,1351,'Сулак'),
 (15,4701,'Тарумовка'),
 (15,1352,'Хасавюрт'),
 (15,5743,'Шамхал'),
 (16,3241,'Бира'),
 (16,1393,'Биробиджан'),
 (16,1200,'Волочаевка'),
 (81,6417,'Агинское(Забайкальский край)'),
 (81,5274,'Антипиха'),
 (81,1908,'Забайкальск'),
 (81,6223,'Тарбагатай'),
 (81,126,'Чита'),
 (17,6285,'Бухарово'),
 (17,416,'Вичуга'),
 (17,417,'Гаврилов Посад'),
 (17,5242,'Говядово'),
 (17,3973,'Горяново Новое'),
 (17,5684,'Грозилово'),
 (17,5324,'Гулиха'),
 (17,4495,'Домотканово'),
 (17,5799,'Ермолино(Иванововской)'),
 (17,418,'Заволжск'),
 (17,5896,'Золотниковская пустынь'),
 (17,91,'Иваново'),
 (17,4958,'Игнатово'),
 (17,420,'Ильинское(Иваново)'),
 (17,5038,'Ингарь'),
 (17,421,'Кинешма'),
 (17,4959,'Коляново(Иваново)'),
 (17,422,'Комсомольск(Иваново)'),
 (17,423,'Кохма'),
 (17,6166,'Кузнецовка'),
 (17,4976,'Кукарино'),
 (17,6158,'Лебяжий Луг'),
 (17,1981,'Лежнево (Иваново)'),
 (17,1977,'Лух'),
 (17,5047,'Михалево(Ивановской)'),
 (17,6374,'Новая Усадьба'),
 (17,2447,'Ново- Талицы'),
 (17,5439,'Ново-Талицы'),
 (17,5895,'Новые Горки'),
 (17,425,'Палех'),
 (17,5899,'Песочново'),
 (17,1978,'Пестяки'),
 (17,5640,'Петровский'),
 (17,1980,'Петровское (Иваново)'),
 (17,4683,'Пещеры'),
 (17,426,'Плес'),
 (17,3259,'Подвязновский'),
 (17,427,'Приволжск'),
 (17,4846,'Решма'),
 (17,428,'Родники (Иваново)'),
 (17,6172,'Сабиново'),
 (17,1979,'Савино'),
 (17,1976,'Старая Вичуга'),
 (17,429,'Тейково'),
 (17,430,'Фурманов'),
 (17,4639,'Хромцово'),
 (17,2445,'Чернореченский'),
 (17,431,'Шуя'),
 (17,432,'Южа'),
 (17,5641,'Юрьевец(Ивановской)'),
 (18,2333,'Магас'),
 (18,1397,'Назрань'),
 (19,139,'Ангарск'),
 (19,3132,'Белореченский(Иркутск)'),
 (19,4076,'Березовый(Иркутск)'),
 (19,1383,'Братск'),
 (19,4485,'Вересовка'),
 (19,2009,'Вихоревка'),
 (19,4751,'Гидростроитель'),
 (19,5064,'Горка(Иркутск)'),
 (19,2788,'Дзержинск(Иркутск)'),
 (19,2190,'Жилкино'),
 (19,85,'Иркутск'),
 (19,6123,'Кирова (Иркутск)'),
 (19,6390,'Лесной(Иркутск)'),
 (19,2196,'Листвянка'),
 (19,4411,'Майск'),
 (19,2192,'Максимовщина'),
 (19,2194,'Мамоны'),
 (19,3236,'Марково'),
 (19,2188,'Мегет'),
 (19,3012,'Мельниково'),
 (19,3929,'Молодежный (Иркутск)'),
 (19,2199,'Моты'),
 (19,4237,'Ново-Иркутский'),
 (19,5849,'Оек (Иркутск)'),
 (19,2193,'Олха'),
 (19,3106,'Падун'),
 (19,5727,'Падь Топка'),
 (19,2191,'Пивовариха'),
 (19,6009,'Промплощадка ЛПК'),
 (19,6131,'Смоленщина'),
 (19,4555,'Солнечный-2 (Иркутск)'),
 (19,2197,'Тальцы'),
 (19,450,'Усолье-Сибирское'),
 (19,1414,'Усть-Илимск'),
 (19,2414,'Усть-Кут'),
 (19,2195,'Чистые ключи'),
 (19,451,'Шелехов'),
 (19,4261,'Энергетик (Иркутск)'),
 (19,2198,'Юго-Восточный'),
 (20,2828,'Баксан'),
 (20,2869,'Кашхатау'),
 (20,2781,'Майский (Владикавказ)'),
 (20,2523,'Нальчик'),
 (20,2602,'Нарткала'),
 (20,2591,'Хасанья'),
 (20,2939,'Чегем'),
 (20,3393,'Южный (Владикавказ)'),
 (21,463,'Багратионовск'),
 (21,464,'Балтийск'),
 (21,465,'Большаково'),
 (21,466,'Большое Исаково'),
 (21,3327,'Борисово (Калининград)'),
 (21,6259,'Борское(Калининград)'),
 (21,467,'Васильково'),
 (21,4190,'Вербное'),
 (21,3328,'Взморье'),
 (21,2809,'Волочаевское'),
 (21,5712,'Высокое(Калининград)'),
 (21,468,'Гвардейск'),
 (21,6377,'Геройское'),
 (21,4191,'Горино'),
 (21,4290,'Грачевка(Калининград))'),
 (21,469,'Гурьевск(Калининград)'),
 (21,470,'Гусев'),
 (21,4192,'Домново'),
 (21,3329,'Донское (Калининград)'),
 (21,4193,'Дорожный'),
 (21,3909,'Дружный(Калининградская обл.)'),
 (21,2409,'Железнодорожный(Калининград)'),
 (21,4291,'Жилино'),
 (21,4194,'Заозерье'),
 (21,4195,'Заостровье'),
 (21,471,'Зеленоградск'),
 (21,472,'Знаменск (Калининград)'),
 (21,3330,'Ижевское(Калининград)'),
 (21,87,'Калининград'),
 (21,4196,'Калинино(Калининград)'),
 (21,4197,'Каменка (Калининград)'),
 (21,3331,'Колосовка'),
 (21,3254,'Константиновка (Калининград)'),
 (21,3332,'Кострово (Калининград)'),
 (21,1762,'Краснознаменск (Калининград)'),
 (21,3868,'Красноторовка'),
 (21,6512,'Кремнево'),
 (21,4198,'Круглово'),
 (21,4199,'Крылово'),
 (21,4200,'Кумачево'),
 (21,2561,'Ладушкин'),
 (21,5795,'Лазовское'),
 (21,4201,'Лесной(Куршская коса)'),
 (21,4202,'Луговое(Калининград)'),
 (21,2960,'Люблино'),
 (21,4292,'Майский(Калининград)'),
 (21,4205,'Малое Исаково'),
 (21,4206,'Малое Лесное'),
 (21,4227,'Малое Луговое'),
 (21,475,'Мамоново'),
 (21,4892,'Моргуново'),
 (21,4207,'Морское(Куршская коса)'),
 (21,4623,'Моршанское'),
 (21,5479,'Муромское'),
 (21,3113,'Мысовка'),
 (21,3337,'Невское'),
 (21,476,'Неман'),
 (21,477,'Нестеров'),
 (21,3333,'Нивенское'),
 (21,6260,'Низовье(Гурьевский р-н)'),
 (21,4209,'Новоселово'),
 (21,4374,'Озерки'),
 (21,2410,'Озерск(Калининград)'),
 (21,3334,'Отрадное (Калининград)'),
 (21,3335,'Партизанское'),
 (21,4865,'Первомайское (Багратионовский р-н)'),
 (21,3243,'Переславское'),
 (21,3244,'Переяславское'),
 (21,4210,'Петрово'),
 (21,478,'Пионерский (Калининград)'),
 (21,4211,'Поваровка'),
 (21,4212,'Поддубное'),
 (21,3114,'Подлипово'),
 (21,4213,'Покровское(Калининград)'),
 (21,479,'Полесск'),
 (21,480,'Правдинск'),
 (21,2825,'Прегольский'),
 (21,3336,'Прибрежное'),
 (21,482,'Приморск(Калининград)'),
 (21,4214,'Приморье'),
 (21,4215,'Пятидорожное'),
 (21,4216,'Рассвет (Калининград)'),
 (21,4217,'Родники(Гурьевский р-н)'),
 (21,4218,'Родники(Знаменский р-н)'),
 (21,2879,'Романово (Калининград)'),
 (21,4219,'Рощино(Калининград)'),
 (21,483,'Светлогорск(Калининград)'),
 (21,1322,'Светлый(Калининград)'),
 (21,485,'Славск'),
 (21,1744,'Советск (Калининград)'),
 (21,4221,'Сосновка(Калининград)'),
 (21,5749,'Тимофеевка (Калининград)'),
 (21,4453,'Тимофеево'),
 (21,3947,'Тургенево'),
 (21,3188,'Храброво'),
 (21,487,'Черняховск'),
 (21,4204,'Чехово'),
 (21,4244,'Чкаловск (Калининградская)'),
 (21,4293,'Шоссейный (Гурьевский р-н)'),
 (21,2810,'Южный (Калининград)'),
 (21,4222,'Яблоневка'),
 (21,2431,'Янтарный(Калининград)'),
 (22,4427,'Троицкое(Калмыкия)'),
 (22,1274,'Элиста'),
 (23,4754,'Афанасово'),
 (23,6211,'Ахлебинино'),
 (23,2550,'Бабынино'),
 (23,615,'Балабаново'),
 (23,1786,'Барятино'),
 (23,2672,'Белоусово'),
 (23,2560,'Бетлица'),
 (23,2546,'Борбровск'),
 (23,626,'Боровск'),
 (23,6463,'Волконское'),
 (23,2407,'Воротынск'),
 (23,1772,'Ворсино'),
 (23,5875,'Восход(Калуга)'),
 (23,5606,'Высокиничи'),
 (23,6508,'Грабцево'),
 (23,3156,'Детчино'),
 (23,4831,'Добрино'),
 (23,2556,'Думиничи'),
 (23,3123,'Ермолино(Калуга)'),
 (23,2558,'Жиздра'),
 (23,3264,'Жилетово'),
 (23,3199,'Жуков'),
 (23,2544,'Жуково (Калуга)'),
 (23,5957,'Ивакино'),
 (23,2545,'Износки'),
 (23,5197,'Кабицыно(Калуга)'),
 (23,489,'Калуга'),
 (23,2408,'Киров (Калужская)'),
 (23,2554,'Козельск'),
 (23,4339,'Коллонтай'),
 (23,1782,'Кондрово'),
 (23,6493,'Корекозево'),
 (23,4338,'Коряково (Калуга)'),
 (23,1919,'Кременки'),
 (23,4813,'Кривское'),
 (23,4839,'Куровской'),
 (23,4694,'Лужное'),
 (23,2791,'Льва Толстого'),
 (23,1482,'Людиново'),
 (23,4421,'Маклино'),
 (23,490,'Малоярославец'),
 (23,2267,'Медынь'),
 (23,2549,'Мещовск'),
 (23,2548,'Мосальск'),
 (23,6178,'Мстихино'),
 (23,4738,'Недельное'),
 (23,720,'Обнинск'),
 (23,2555,'Перемышль'),
 (23,1419,'Полотняный завод'),
 (23,4878,'Пятовский'),
 (23,6359,'Резвань'),
 (23,4337,'Росва'),
 (23,5085,'Рындино(Бабынинский р-н)'),
 (23,4398,'Секиотово'),
 (23,2815,'Сосенский'),
 (23,4941,'Сосновый(Калуга)'),
 (23,2552,'Спас-Деменск'),
 (23,2553,'Сухиничи'),
 (23,761,'Таруса'),
 (23,2943,'Товарково (Калуга)'),
 (23,6175,'Трубино(Калуга)'),
 (23,2557,'Ульяново'),
 (23,2559,'Хвастовичи'),
 (23,3027,'Шайковка'),
 (23,2547,'Юхнов'),
 (24,942,'Вилючинск'),
 (24,2231,'Вулканный'),
 (24,943,'Елизово'),
 (24,944,'Коряки'),
 (24,3907,'Нагорный (Петропавловск-Камчатский)'),
 (24,4526,'Николаевка(Петропавловск-Камчатский)'),
 (24,2229,'Паратунка'),
 (24,108,'Петропавловск-Камчатский'),
 (24,5291,'Раздольный'),
 (24,4532,'Рыбачий(Камчатка)'),
 (24,4230,'Светлый (П. Камчатский)'),
 (24,947,'Сев. Коряки'),
 (24,4533,'Сосновка (Камчатка)'),
 (24,2230,'Термальный'),
 (25,4122,'Зеленчукская'),
 (25,3809,'Знаменское (Прикубанский р-н)'),
 (25,4359,'Карачаевск'),
 (25,2010,'Теберда'),
 (25,3916,'Усть-Джегута'),
 (25,4285,'Учкекен'),
 (25,1331,'Черкесск'),
 (25,4747,'Эркен-Шахар'),
 (26,930,'Беломорск'),
 (26,4228,'Вяртсиля'),
 (26,932,'Кондопога'),
 (26,2807,'Кончезеро'),
 (26,933,'Костомукша'),
 (26,935,'Медвежьегорск'),
 (26,4313,'Мелиоративный'),
 (26,5115,'Новая Вилга'),
 (26,107,'Петрозаводск'),
 (26,4262,'Пиндуши'),
 (26,938,'Питкяранта'),
 (26,2349,'Пряжа'),
 (26,939,'Сегежа'),
 (26,940,'Сортавала'),
 (26,941,'Суоярви'),
 (26,4263,'Томицы'),
 (26,1476,'Чална'),
 (26,1796,'Шуйская'),
 (27,5066,'Андреевка(Кемеровская)'),
 (27,1709,'Анжеро-Судженск'),
 (27,5257,'Арсентьевка'),
 (27,3966,'Атаманово(Новокузнецк)'),
 (27,3969,'Ашмарино'),
 (27,5463,'Бачатский'),
 (27,3961,'Бедарево'),
 (27,491,'Белово'),
 (27,6128,'Береговая'),
 (27,2240,'Березовский(Кемерово)'),
 (27,3956,'Бунгур'),
 (27,6004,'Верх-Чебула'),
 (27,5622,'Грамотеино'),
 (27,3830,'Гурьевск(Кемерово)'),
 (27,3959,'Елань (Новокузнецк)'),
 (27,6122,'Журавли'),
 (27,3822,'Инской'),
 (27,3964,'Калачево (Новокузнецк)'),
 (27,1711,'Калтан'),
 (27,2842,'Кедровка'),
 (27,88,'Кемерово'),
 (27,493,'Киселевск'),
 (27,5767,'Комиссарово'),
 (27,3375,'Краснобродский'),
 (27,3965,'Кутруково'),
 (27,840,'Ленинск-Кузнецкий'),
 (27,3967,'Листвяги'),
 (27,4403,'Мазурово'),
 (27,2238,'Мариинск'),
 (27,841,'Междуреченск'),
 (27,4396,'Металлплощадка'),
 (27,3960,'Митино (Новокузнецк)'),
 (27,494,'Мыски'),
 (27,98,'Новокузнецк'),
 (27,4850,'Новостройка (Кемерово)'),
 (27,5623,'Новый городок'),
 (27,495,'Осинники'),
 (27,5612,'Панфилово'),
 (27,4224,'Пионер(Кемерово)'),
 (27,5453,'Плотниково(Кемеровской)'),
 (27,2607,'Полысаево'),
 (27,3202,'Предзаводской'),
 (27,496,'Прокопьевск'),
 (27,4226,'Промышленная'),
 (27,3957,'Редаково'),
 (27,4397,'РТС'),
 (27,2688,'Салаир'),
 (27,3962,'Сосновка (Новокузнецк)'),
 (27,3968,'Спиченково'),
 (27,6491,'Старопестерево'),
 (27,5642,'Судженка'),
 (27,2220,'Тайга'),
 (27,2500,'Тальжино'),
 (27,6005,'Тисуль'),
 (27,497,'Топки'),
 (27,3958,'Точилино'),
 (27,6003,'Тяжинский'),
 (27,3970,'Шушталеп'),
 (27,1423,'Юрга'),
 (27,4225,'Ягуновский'),
 (27,6506,'Ясногорский'),
 (27,2241,'Яшкино'),
 (27,5078,'Яя'),
 (28,4350,'Афанасьево'),
 (28,3984,'Бахта'),
 (28,2251,'Белая Холуница'),
 (28,4331,'Березник (Киров)'),
 (28,2617,'Бурмакино'),
 (28,2244,'Вахруши'),
 (28,6467,'Верхняя Тойма(Киров)'),
 (28,3371,'Восточный (Киров)'),
 (28,1456,'Вятские Поляны'),
 (28,3930,'Вятские Увалы'),
 (28,3231,'Ганино'),
 (28,3409,'Гирсово'),
 (28,3408,'Дороничи'),
 (28,4295,'Дресвяново'),
 (28,4267,'Загарье'),
 (28,1704,'Зуевка'),
 (28,4300,'Кильмезь'),
 (28,498,'Киров (Кировская)'),
 (28,1434,'Кирово-Чепецк'),
 (28,2249,'Кирс'),
 (28,6091,'Колянур'),
 (28,3343,'Костино(Киров)'),
 (28,1521,'Котельнич'),
 (28,3281,'Красная Поляна (Киров)'),
 (28,5661,'Красный Яр(Киров)'),
 (28,3858,'Кузнецы (Киров)'),
 (28,4106,'Кумены'),
 (28,6304,'Лебяжский тракт'),
 (28,1543,'Луза'),
 (28,500,'Лянгасово'),
 (28,3852,'Малая Субботиха'),
 (28,2849,'Малмыж'),
 (28,5265,'Мараки'),
 (28,4306,'Мелянда'),
 (28,2795,'Мирный (Киров)'),
 (28,3002,'Митино (Киров)'),
 (28,1531,'Мураши'),
 (28,501,'Мурыгино'),
 (28,2796,'Нагорск'),
 (28,3921,'Нема'),
 (28,2250,'Нижнеивкино'),
 (28,3191,'Нолинск'),
 (28,2248,'Омутнинск'),
 (28,3358,'Оричи'),
 (28,3853,'Орлов'),
 (28,5451,'Первомайский(Киров)'),
 (28,3394,'Пижанка'),
 (28,5658,'Победилово'),
 (28,4335,'Порошино'),
 (28,2888,'Пригородный (Киров)'),
 (28,4486,'Просница'),
 (28,4305,'Пунгино'),
 (28,2247,'Радужный (Киров)'),
 (28,6424,'Родыгино(Киров)'),
 (28,4340,'Рудничный'),
 (28,5583,'Садаковский'),
 (28,1556,'Слободской'),
 (28,2252,'Советск (Киров)'),
 (28,3896,'Сосновка (Киров)'),
 (28,6256,'Сошени'),
 (28,3851,'Среднеивкино'),
 (28,3045,'Стрижи'),
 (28,4422,'Стулово'),
 (28,5856,'Уни (Унинский р-н)'),
 (28,3043,'Уржум'),
 (28,4301,'Ухтым'),
 (28,2245,'Фатеево'),
 (28,3070,'Юрья'),
 (28,3192,'Яранск'),
 (29,4711,'Бельгоп'),
 (29,6486,'Боровой'),
 (29,4712,'Ветлосян'),
 (29,4713,'Водный'),
 (29,2829,'Воргашор'),
 (29,1128,'Воркута'),
 (29,4035,'Выльгорт'),
 (29,4714,'Дальний (Аэропорт)'),
 (29,4715,'Дежнево'),
 (29,4864,'Емва'),
 (29,6482,'ж\\д Вокзал'),
 (29,2253,'Инта'),
 (29,4038,'Красный Затон'),
 (29,6483,'КС-10 Промзона'),
 (29,4039,'Максаковка'),
 (29,6480,'Нижний Доманик'),
 (29,6478,'Нижний Одес'),
 (29,4716,'Озерный (Коми)'),
 (29,1911,'Печора'),
 (29,4717,'Подгорный'),
 (29,6477,'Поляна(Сосногорский р-н)'),
 (29,6481,'Седью'),
 (29,4718,'Сосногорск'),
 (29,114,'Сыктывкар'),
 (29,6485,'Тобысь'),
 (29,4719,'УРМЗ'),
 (29,1372,'Усинск'),
 (29,6473,'Усть-Ухта(Сосногорский р-н)'),
 (29,4707,'Ухта'),
 (29,6484,'Четлос Промзона'),
 (29,6487,'Чиньяворык'),
 (29,4041,'Чов'),
 (29,4720,'Шуда-Яг'),
 (29,4040,'Эжва'),
 (29,4721,'Югэр'),
 (29,6479,'Ярега'),
 (31,3426,'Агафоново'),
 (31,6320,'Березовая роща (Судиславский р-н)'),
 (31,6019,'Борщино'),
 (31,2570,'Буй'),
 (31,2638,'Ветлужский'),
 (31,2567,'Волгореченск'),
 (31,504,'Галич'),
 (31,4923,'Губачево'),
 (31,2575,'Зарубино(Кострома)'),
 (31,2574,'Караваево'),
 (31,4441,'Коряково (Кострома)'),
 (31,502,'Кострома'),
 (31,1736,'Красное-на-Волге'),
 (31,3893,'Кузьмищи'),
 (31,4502,'Лежнево (Кострома)'),
 (31,4236,'Мантурово(Кострома)'),
 (31,2569,'Минское'),
 (31,3359,'Некрасово'),
 (31,2572,'Нерехта'),
 (31,6048,'Николо-Шанга'),
 (31,1484,'Никольское (Кострома)'),
 (31,2571,'Островское'),
 (31,6028,'Раслово'),
 (31,4622,'Северное (Кострома)'),
 (31,2573,'Судиславль'),
 (31,2568,'Сусанино'),
 (31,3142,'Фанерник'),
 (31,3260,'Чистые Боры'),
 (31,509,'Шарья'),
 (32,510,'Абинск'),
 (32,4478,'Абрау-Дюрсо'),
 (32,4614,'Агой'),
 (32,4815,'Агуй-Шапсуг'),
 (32,5681,'Адербиевка(Геленджикский р-н)'),
 (32,2691,'Адлер'),
 (32,514,'Азовская'),
 (32,5702,'Александровка(Краснодар)'),
 (32,4891,'Алексеевская (Краснодар)'),
 (32,5531,'Анапа'),
 (32,5532,'Анапская'),
 (32,5682,'Анастасиевская'),
 (32,516,'Апшеронск'),
 (32,517,'Армавир'),
 (32,1914,'Архипо-Осиповка'),
 (32,6379,'Атаманская(Краснодар)'),
 (32,1385,'Афипский'),
 (32,5665,'Ахтанизовская'),
 (32,3423,'Ахтырский'),
 (32,5589,'Барыбинский'),
 (32,3175,'Белая глина'),
 (32,5054,'Белозерный (пригород) (Краснодар)'),
 (32,2932,'Белозерный(Краснодар)'),
 (32,518,'Белореченск'),
 (32,5745,'Бережной'),
 (32,4948,'Березанская'),
 (32,4525,'Березовый(Краснодар)'),
 (32,6234,'Бетта(Новороссийск)'),
 (32,5533,'Благовещенская'),
 (32,5534,'Большой Утриш'),
 (32,4247,'Брюховецкая'),
 (32,4854,'Вардане'),
 (32,5535,'Варениковская'),
 (32,5590,'Васюринская'),
 (32,6375,'Великовечное'),
 (32,5160,'Венцы'),
 (32,4479,'Верхнебаканский'),
 (32,3987,'Верхнее Буу'),
 (32,2692,'Веселое'),
 (32,5549,'Виноградный'),
 (32,6144,'Виноградный(Крымский р-н)'),
 (32,5536,'Витязево'),
 (32,6356,'Владимировка(Новороссийск)'),
 (32,4786,'Волковка'),
 (32,5537,'Волна'),
 (32,3948,'Воронежская'),
 (32,1502,'Воскресенский'),
 (32,1410,'Выселки(Краснодар)'),
 (32,5538,'Вышестеблиевская'),
 (32,4474,'Гайдук'),
 (32,4481,'Геленджик'),
 (32,3011,'Георгиевское'),
 (32,4906,'Гиагинская'),
 (32,2955,'Гирей'),
 (32,2936,'Глебовка'),
 (32,6164,'Глубокий(Новокубанский р-н)'),
 (32,4065,'Головинка (Сочи)'),
 (32,5539,'Голубицкая'),
 (32,4480,'Горный (Краснодар)'),
 (32,520,'Горячий Ключ(Краснодар)'),
 (32,4477,'Грушовая'),
 (32,5744,'Губская'),
 (32,521,'Гулькевичи'),
 (32,2693,'Дагомыс'),
 (32,5873,'Двубратский'),
 (32,6013,'Дедеркой'),
 (32,5540,'Джанхот'),
 (32,1913,'Джубга'),
 (32,4482,'Дивноморское'),
 (32,522,'Динская'),
 (32,4887,'Долиновское'),
 (32,4829,'Дядьковская'),
 (32,523,'Ейск'),
 (32,3054,'Елизаветинская'),
 (32,5502,'Забойский'),
 (32,6024,'Заветный'),
 (32,4992,'Заречный(Краснодар)'),
 (32,2958,'Заречье'),
 (32,5982,'Заря (Красноармейский р-н)'),
 (32,5591,'Зассовская'),
 (32,2859,'Знаменский (Краснодар)'),
 (32,4792,'Ивановская'),
 (32,5481,'Измайловская(Сочи)'),
 (32,2525,'Ильский'),
 (32,2910,'Индустриальный(Краснодар)'),
 (32,4483,'Кабардинка'),
 (32,5238,'Кабардинская'),
 (32,2538,'Кавказская'),
 (32,4506,'Казанская'),
 (32,4179,'Калинино (Краснодар)'),
 (32,2618,'Калининская'),
 (32,2922,'Калиши'),
 (32,5592,'Калниболотская'),
 (32,4836,'Каменномостский'),
 (32,3095,'Каневская'),
 (32,6141,'Киевское(Крымский р-н)'),
 (32,4473,'Кирилловка (Новороссийск)'),
 (32,6253,'Кирова'),
 (32,4698,'Колосистый'),
 (32,4925,'Коноково'),
 (32,5593,'Копанской'),
 (32,526,'Кореновск'),
 (32,5541,'Коса-Чушка'),
 (32,4442,'Кошехабль'),
 (32,2694,'Красная Поляна (Сочи)'),
 (32,2926,'Красноармейский(Краснодар)'),
 (32,89,'Краснодар'),
 (32,5737,'Красное'),
 (32,5119,'Красносельский(Краснодар)'),
 (32,6380,'Красный Курган(Новороссийск)'),
 (32,4710,'Кривенковская'),
 (32,531,'Кропоткин'),
 (32,5597,'Крупской(Красноармейский р-н)'),
 (32,5557,'Крутой'),
 (32,3397,'Крыловская'),
 (32,6136,'Крымск'),
 (32,3152,'Кудепста'),
 (32,533,'Курганинск'),
 (32,5398,'Курчанская'),
 (32,1768,'Кущевская'),
 (32,534,'Лабинск'),
 (32,2513,'Ладожская'),
 (32,2695,'Лазаревское'),
 (32,2921,'Лазурный'),
 (32,5331,'Лебяжий'),
 (32,535,'Ленинградская'),
 (32,3806,'Лоо'),
 (32,4361,'Лорис'),
 (32,4907,'Майский (Адыгея)'),
 (32,537,'Майский(Краснодар)'),
 (32,4695,'Малороссийская'),
 (32,4924,'Марьянская'),
 (32,2504,'Медведовская'),
 (32,5173,'Мирный(Сочи)'),
 (32,1415,'Михайловская'),
 (32,6140,'Молдованское'),
 (32,5172,'Молдовка'),
 (32,2911,'Моревка'),
 (32,3912,'Мостовской'),
 (32,4471,'Мысхако'),
 (32,6132,'Натухаевская'),
 (32,6139,'Неберджаевская'),
 (32,4100,'Небуг'),
 (32,5307,'Некрасовская'),
 (32,2677,'Нефтекачка (Краснодар)'),
 (32,4484,'Нижнебаканский'),
 (32,5177,'Низаймановский'),
 (32,3216,'Новая Адыгея'),
 (32,5594,'Новоалексеевское(Краснодар)'),
 (32,6106,'Новоберезанский'),
 (32,5595,'Нововеличковская'),
 (32,4457,'Новодмитриевская'),
 (32,6138,'Новокрымский'),
 (32,1402,'Новокубанск'),
 (32,4500,'Новомалороссийская'),
 (32,5588,'Новоминская'),
 (32,3076,'Новомихайловский (Краснодар)'),
 (32,5556,'Новомихайловское'),
 (32,3099,'Новомышастовская'),
 (32,4686,'Новопокровская'),
 (32,3098,'Новорождественская'),
 (32,4462,'Новороссийск'),
 (32,2822,'Новотитаровская'),
 (32,5868,'Новощербиновская'),
 (32,4672,'Октябрьская'),
 (32,4493,'Октябрьский(Краснодар)'),
 (32,3898,'Ольгинка'),
 (32,2620,'Отрадная'),
 (32,5452,'Отрадо-Ольгинское'),
 (32,2923,'Павловская'),
 (32,2821,'Павловский (Краснодар)'),
 (32,3017,'Парковый'),
 (32,542,'Пашковский'),
 (32,4685,'Пенькозавод'),
 (32,5449,'Первомайский(Краснодар)'),
 (32,5809,'Перекатный'),
 (32,5552,'Переясловская'),
 (32,4741,'Петропавловская'),
 (32,4834,'Платнировская'),
 (32,5515,'Плодородный'),
 (32,6468,'Подгорный(Краснодар)'),
 (32,2757,'Полтавская'),
 (32,4908,'Понежукай'),
 (32,6412,'Попутная'),
 (32,4699,'Приазовская'),
 (32,4628,'Привольный (Краснодар)'),
 (32,3055,'Прикубанский'),
 (32,543,'Приморско-Ахтарск'),
 (32,4170,'Прогресс (Краснодар)'),
 (32,3935,'Прогресс (Сочи)'),
 (32,4083,'Псебай'),
 (32,4673,'Раевская'),
 (32,4779,'Рассвет (Краснодар)'),
 (32,4612,'Роговская'),
 (32,4826,'Родники(Белореченский р-н)'),
 (32,4613,'Родниковская'),
 (32,4840,'Российский'),
 (32,5503,'Русское'),
 (32,6364,'Рязанская'),
 (32,5792,'Садовод'),
 (32,6421,'Садовый(Краснодар)'),
 (32,5726,'Саратовская'),
 (32,6143,'Саук-Дере'),
 (32,4926,'Светлый (Новороссийск)'),
 (32,4610,'Свободный(Краснодар)'),
 (32,4476,'Северная Озереевка'),
 (32,4444,'Северный (Краснодар)'),
 (32,2514,'Северская (Краснодар)'),
 (32,5542,'Сенной (Краснодар)'),
 (32,546,'Славянск-на-Кубани'),
 (32,3016,'Совхозный'),
 (32,2690,'Сочи'),
 (32,5659,'Ставропольская'),
 (32,4536,'Старовеличковская'),
 (32,3075,'Стародеревянковская'),
 (32,4688,'Старокорсунская'),
 (32,2581,'Староминская'),
 (32,6349,'Старомышастовская'),
 (32,4965,'Старонижестеблиевская'),
 (32,5543,'Старотитаровская'),
 (32,4177,'Старощербиновская'),
 (32,5685,'Степной (Курганинск)'),
 (32,5544,'Стрелка'),
 (32,5190,'Суздальская'),
 (32,5545,'Сукко'),
 (32,5571,'Су-Псех'),
 (32,5546,'Тамань'),
 (32,1779,'Тахтамукай'),
 (32,2853,'Тбилисская'),
 (32,6498,'Текос(Геленджикский р-н)'),
 (32,5512,'Темиргоевская'),
 (32,5547,'Темрюк'),
 (32,4962,'Терновская'),
 (32,549,'Тимашевск'),
 (32,550,'Тихорецк'),
 (32,551,'Троицкая'),
 (32,5441,'Трудобеликовский'),
 (32,552,'Туапсе'),
 (32,3396,'Тульский'),
 (32,4432,'Тюменский'),
 (32,5202,'Унароково'),
 (32,4728,'Успенская'),
 (32,553,'Успенское (Краснодар)'),
 (32,554,'Усть-Лабинск'),
 (32,2619,'Фастовецкая'),
 (32,556,'Хадыженск'),
 (32,4108,'Хакуринохабль'),
 (32,4909,'Ханская'),
 (32,6020,'Холмская'),
 (32,3029,'Холмский'),
 (32,2886,'Хоста'),
 (32,4655,'хутор им.Тамаровского'),
 (32,4638,'Хутор Ленина (Краснодар)'),
 (32,6137,'Хутор Новоукраинский'),
 (32,4472,'Цемдолина'),
 (32,4954,'Центральный(Краснодарский)'),
 (32,5548,'Цибанобалка'),
 (32,4879,'Цукерова Балка'),
 (32,4107,'Челбасская'),
 (32,4660,'Черноморский'),
 (32,4510,'Шаумян'),
 (32,5596,'Шедок'),
 (32,4602,'Шесхарис'),
 (32,6193,'Школьное'),
 (32,6142,'Экономическое(Крымский р-н)'),
 (32,4917,'Эсто-Садок'),
 (32,5175,'Юбилейный(Краснодар)'),
 (32,4475,'Южная Озереевка'),
 (32,4577,'Южный(Краснодар)'),
 (32,4498,'Ярославская'),
 (32,4490,'Ясенская'),
 (33,3362,'Абан'),
 (33,1695,'Ачинск'),
 (33,5716,'Бархатово'),
 (33,2163,'Березовка(Красноярск)'),
 (33,2847,'Боготол'),
 (33,3087,'Большой Улуй'),
 (33,2848,'Бородино'),
 (33,1694,'Дивногорск'),
 (33,4911,'Дрокино'),
 (33,850,'Дудинка'),
 (33,561,'Емельяново'),
 (33,1696,'Енисейск'),
 (33,4730,'Ермаковское(Красноярск)'),
 (33,1334,'Железногорск (Красноярск)'),
 (33,1700,'Заозерный'),
 (33,565,'Зеленогорск(Красноярск)'),
 (33,3086,'Иланский'),
 (33,1515,'Кайеркан'),
 (33,1692,'Канск'),
 (33,90,'Красноярск'),
 (33,4620,'Красноярск-Восточный'),
 (33,6206,'Курагино'),
 (33,1539,'Лесосибирск'),
 (33,570,'Минусинск'),
 (33,1698,'Назарово'),
 (33,4838,'Нижний Ингаш'),
 (33,849,'Норильск'),
 (33,3225,'Овсянка'),
 (33,2162,'Оганер'),
 (33,6082,'Подгорный(Красноярск)'),
 (33,4605,'Промзона НПЗ'),
 (33,3223,'Солонцы'),
 (33,1693,'Сосновоборск'),
 (33,5095,'Станция Базаиха'),
 (33,852,'Талнах'),
 (33,5434,'Терентьево'),
 (33,3240,'Топольки'),
 (33,574,'Уяр'),
 (33,3085,'Филимоново'),
 (33,1699,'Шарыпово'),
 (33,576,'Шушенское'),
 (34,4014,'Альменьево'),
 (34,4011,'Белозерское'),
 (34,2835,'Варгаши'),
 (34,1855,'Восход (Курган)'),
 (34,2942,'Глядянское'),
 (34,3869,'Далматово'),
 (34,4013,'Звериноголовское'),
 (34,3312,'Каргаполье'),
 (34,3870,'Катайск'),
 (34,3917,'Кетово'),
 (34,577,'Курган'),
 (34,2831,'Куртамыш'),
 (34,6127,'Левашово(Курган)'),
 (34,3286,'Лесниково'),
 (34,3871,'Лесной(Курган)'),
 (34,6265,'Макушино(Курган)'),
 (34,5157,'Механический'),
 (34,6022,'Митино(Курган)'),
 (34,4015,'Мишкино (Курган)'),
 (34,6177,'Мостовское(Курган)'),
 (34,5691,'Новая Сидоровка(Курган)'),
 (34,5961,'Новопетропавловское(Курган)'),
 (34,4762,'Новый Мир'),
 (34,5859,'Озеро Медвежье'),
 (34,4266,'Петухово'),
 (34,6326,'Погорелка(Курган)'),
 (34,4286,'Пристанционный'),
 (34,6511,'Просвет(Курган)'),
 (34,4955,'Садовое(Курган)'),
 (34,5286,'Сосновка(Курган)'),
 (34,4048,'Уксянское'),
 (34,4016,'Целинное (Курган)'),
 (34,578,'Шадринск'),
 (34,4487,'Шатрово'),
 (34,4012,'Шумиха'),
 (34,3972,'Щучье'),
 (34,2678,'Юргамыш'),
 (35,5199,'Анахино'),
 (35,6212,'Белая'),
 (35,4229,'Беседино'),
 (35,5715,'Большое-Солдатское'),
 (35,4276,'Верхнее Косиново'),
 (35,4054,'Верхняя Медведица'),
 (35,5181,'Возы'),
 (35,3079,'Воронок (Сембаза)'),
 (35,2539,'Ворошнево'),
 (35,2347,'Глушково'),
 (35,6213,'Гончаровка'),
 (35,4265,'Горшечное'),
 (35,3427,'Дмитриев'),
 (35,6399,'Дроняево(Курчатовский р-н)'),
 (35,5995,'Дружная'),
 (35,563,'Железногорск(Курск)'),
 (35,5853,'Замостье'),
 (35,5232,'Заповедное'),
 (35,4059,'Защитное'),
 (35,4425,'Золотухино'),
 (35,6458,'им. К. Либкнехта'),
 (35,4058,'Искра (Курск)'),
 (35,4449,'Касторное'),
 (35,5700,'Кировский'),
 (35,4424,'Кислино'),
 (35,4051,'Козино'),
 (35,5311,'Конышёвка'),
 (35,2348,'Коренево (Курск)'),
 (35,2940,'Косиново'),
 (35,4294,'Куибышевск'),
 (35,579,'Курск'),
 (35,1433,'Курчатов'),
 (35,4264,'Кшенский'),
 (35,4055,'Кшень'),
 (35,1544,'Льгов'),
 (35,5692,'Мантурово(Курск)'),
 (35,3133,'Маршала Жукова'),
 (35,4329,'Марьино (Курск)'),
 (35,4951,'Новые Дворы'),
 (35,582,'Обоянь'),
 (35,4535,'Олымский'),
 (35,6363,'Пенский'),
 (35,4166,'Полевая'),
 (35,4056,'Поныри'),
 (35,4450,'Пристень (Курск)'),
 (35,4052,'Прямицыно'),
 (35,1557,'Рыльск'),
 (35,6080,'Рышково'),
 (35,4057,'Сапогово'),
 (35,5605,'Свобода'),
 (35,5693,'Сейм'),
 (35,4529,'Солнцево(Курск)'),
 (35,4050,'Студенок'),
 (35,1561,'Суджа'),
 (35,3318,'Тим'),
 (35,4053,'Уланок'),
 (35,6436,'Успенка(Курчатовский р-н)'),
 (35,2838,'Фатеж'),
 (35,3319,'Хомутовка'),
 (35,4234,'Черемисеново'),
 (35,2875,'Чермашной'),
 (35,6224,'Черницино'),
 (35,5694,'Шерекино'),
 (35,5334,'Шуклинка'),
 (35,4078,'Щетинка'),
 (35,1566,'Щигры'),
 (36,4919,'Агалатово'),
 (36,4889,'Аннино'),
 (36,5289,'Белоостров'),
 (36,992,'Бокситогорск'),
 (36,3042,'Бугры'),
 (36,994,'Васкелово'),
 (36,4448,'Вещево'),
 (36,3381,'Виллози'),
 (36,4581,'Войсковицы'),
 (36,4953,'Войскорово'),
 (36,998,'Волосово'),
 (36,999,'Волхов'),
 (36,2605,'Волхонка'),
 (36,1000,'Всеволожск'),
 (36,2433,'Выборг'),
 (36,1002,'Вырица'),
 (36,1004,'Гатчина'),
 (36,4530,'Гладкое'),
 (36,3007,'Горбунки'),
 (36,3065,'Горелово'),
 (36,4814,'Горская волость'),
 (36,1005,'Громово'),
 (36,4690,'Ермилово'),
 (36,1007,'Зеленогорск(С-Петербург)'),
 (36,4445,'Зеленый Холм'),
 (36,1008,'Ивангород'),
 (36,6464,'Имени Морозова(Спб)'),
 (36,1009,'Кавголово'),
 (36,1011,'Каменногорск'),
 (36,1012,'Кингисепп'),
 (36,4497,'Кипень'),
 (36,1013,'Кириши'),
 (36,1014,'Кировск(С-Петербург)'),
 (36,3157,'Кирпичный завод'),
 (36,6447,'Ковалева(Спб)'),
 (36,1015,'Колпино'),
 (36,3886,'Колтуши'),
 (36,1016,'Комарово'),
 (36,1811,'Коммунар (С.Петербург)'),
 (36,5979,'Красная Долина(Спб)'),
 (36,3314,'Красное Село'),
 (36,5194,'Красный Бор (Санкт-Петербург)'),
 (36,5964,'Красный Холм (Выборгский р-н)'),
 (36,1017,'Кронштадт'),
 (36,5203,'Кудрово'),
 (36,1018,'Кузьмолово'),
 (36,3217,'Кузьмоловский'),
 (36,4443,'Лазаревка'),
 (36,3094,'Лахта'),
 (36,4504,'Левашово(С-Петербург)'),
 (36,4582,'Ленинское'),
 (36,6474,'Лепсари (СПБ)'),
 (36,1021,'Лисий Нос'),
 (36,1023,'Ломоносов'),
 (36,1024,'Луга'),
 (36,1025,'Любань(Санкт-Петербург)'),
 (36,1026,'Мга'),
 (36,1027,'Металлострой'),
 (36,5187,'Низино'),
 (36,1028,'Никольское (С.Петербург)'),
 (36,1029,'Новая Ладога'),
 (36,1030,'Ново-Девяткино'),
 (36,4515,'Новосаратовка'),
 (36,4963,'Ольгино'),
 (36,1031,'Орехово'),
 (36,1032,'Отрадное (Кировского района)Спб'),
 (36,6014,'Офицерское село'),
 (36,1339,'Павловск(С-Петербург)'),
 (36,1034,'Парголово'),
 (36,2542,'Парнас'),
 (36,1035,'Первомайское(С-Петербург)'),
 (36,1406,'Песочный'),
 (36,1036,'Петергоф'),
 (36,1037,'Петродворец'),
 (36,1038,'Пикалево'),
 (36,1039,'Подпорожье'),
 (36,4753,'Понтонный'),
 (36,5164,'пос. им. Свердлова'),
 (36,1040,'Приморск (С-Петербург)'),
 (36,1041,'Приозерск'),
 (36,1043,'Пушкин'),
 (36,1044,'Рощино(С-Петербург)'),
 (36,4691,'Русско-Высоцкое'),
 (36,4804,'Саперный'),
 (36,1046,'Светогорск'),
 (36,1049,'Сертолово'),
 (36,1050,'Сестрорецк'),
 (36,1051,'Сиверский'),
 (36,4870,'Синявино'),
 (36,1052,'Сланцы'),
 (36,1053,'Советский (Выборгский р-н)'),
 (36,1054,'Сосново'),
 (36,1805,'Сосновый Бор(С.Петербург)'),
 (36,1474,'Старо-Паново'),
 (36,3115,'Стрельна'),
 (36,4752,'Суоранда'),
 (36,1056,'Сясьстрой'),
 (36,5179,'Тельмана'),
 (36,6476,'Тихвин'),
 (36,1058,'Токсово'),
 (36,1059,'Толмачево (Ленинградская)'),
 (36,1060,'Торковичи'),
 (36,1061,'Тосно'),
 (36,4523,'Углово'),
 (36,4740,'Ульяновка(С-Петербург)'),
 (36,1062,'Усть-Ижора'),
 (36,1063,'Усть-Луга'),
 (36,5958,'Усть-Славянка(Спб)'),
 (36,4874,'Федоровское'),
 (36,6460,'Черкасово(Спб)'),
 (36,1064,'Шлиссельбург'),
 (36,1065,'Шушары'),
 (36,4469,'Щеглово'),
 (36,4111,'Янино'),
 (37,4700,'Боринское'),
 (37,5672,'Варваро-Борки'),
 (37,3119,'Воронец'),
 (37,4709,'Газопровод (Елецкий р-н)'),
 (37,584,'Грязи'),
 (37,585,'Данков'),
 (37,3124,'Дачный(Липецкая)'),
 (37,586,'Добринка'),
 (37,4465,'Дружба(Становлянский р-н)'),
 (37,587,'Елец'),
 (37,4611,'Елецкий'),
 (37,588,'Задонск'),
 (37,589,'Казинка'),
 (37,6321,'Капитанщино'),
 (37,5246,'Копцевы Хутора'),
 (37,2723,'Косыревка'),
 (37,4137,'Красное(Липецк)'),
 (37,4468,'Кузьминские Отвержки'),
 (37,591,'Лебедянь'),
 (37,4136,'Лев-Толстой'),
 (37,1424,'Ленино'),
 (37,93,'Липецк'),
 (37,2419,'Матырский'),
 (37,4773,'Никольское (Усманский р-н)'),
 (37,4133,'Новая Ляда'),
 (37,4882,'Песковатский'),
 (37,4466,'Плеханово(Липецкая обл.)'),
 (37,594,'Подгорное(Липецк)'),
 (37,4775,'Рощинский (Чаплыгинский р-н)'),
 (37,3825,'Сенцово'),
 (37,4881,'Сошки'),
 (37,6403,'Сселки'),
 (37,3826,'Становое(Липецк)'),
 (37,6322,'СХТ (Грязи)'),
 (37,595,'Сырский'),
 (37,4135,'Тербуны'),
 (37,597,'Усмань'),
 (37,4518,'Хлевное'),
 (37,598,'Чаплыгин'),
 (38,1568,'Галимый'),
 (38,599,'Магадан'),
 (38,1903,'Матросова(Магадан)'),
 (38,2302,'Ола'),
 (38,600,'Палатка'),
 (38,2309,'Радист'),
 (38,2303,'Снежный (Магаданская)'),
 (38,2306,'Сокол(Магадан)'),
 (38,2310,'Солнечный(Магадан)'),
 (38,2304,'Стекольный'),
 (38,2307,'Уптар'),
 (38,2308,'Хасын'),
 (39,1230,'Волжск'),
 (39,1232,'Звенигово'),
 (39,6492,'Знаменский(Медведевский р-н)'),
 (39,1233,'Йошкар-Ола'),
 (39,1236,'Козьмодемьянск'),
 (39,4916,'Красногорский'),
 (39,4538,'Краснооктябрьский'),
 (39,6344,'Кузнецово (Медведевский р-н)'),
 (39,5277,'Кулаково(Горномарийский р-н)'),
 (39,2604,'Медведево'),
 (39,2806,'Оршанка'),
 (39,4964,'Параньга'),
 (39,4503,'Речной'),
 (39,2351,'Русский Кукмор'),
 (39,2615,'Сернур'),
 (39,4491,'Табашино'),
 (39,3135,'Шелангер'),
 (39,3185,'Шойбулак'),
 (40,4271,'Ардатово'),
 (40,5280,'Атемар'),
 (40,4460,'Атюрьево'),
 (40,3150,'Атяшево'),
 (40,3905,'Барашево'),
 (40,5298,'Берсеневка (Лямбирский р-н)'),
 (40,2468,'Большая Елховка'),
 (40,6271,'Добровольный(Саранск)'),
 (40,4415,'Ельники'),
 (40,4588,'Зарубкино'),
 (40,4152,'Звездный (Саранск)'),
 (40,1722,'Зубова Поляна'),
 (40,4579,'Инсар'),
 (40,6378,'Инсар-Акшино(Мордовия)'),
 (40,3273,'Кадошкино'),
 (40,1520,'Ковылкино'),
 (40,2850,'Комсомольский (Саранск)'),
 (40,6435,'Кочкурово (Саранск)'),
 (40,3268,'Краснослободск (Саранск)'),
 (40,3255,'Луховка'),
 (40,2264,'Лямбирь'),
 (40,5676,'Николаевка(Саранск)'),
 (40,4407,'Новые выселки(Зубово-Полянский р-н)'),
 (40,5457,'Пайгарма'),
 (40,5675,'Парца'),
 (40,6441,'Подлесная Тавла'),
 (40,2265,'Ромаданово'),
 (40,1067,'Рузаевка'),
 (40,4250,'Сабур-Мачкасы'),
 (40,1066,'Саранск'),
 (40,3080,'Старое Шайгово'),
 (40,3061,'Темников'),
 (40,4417,'Теньгушево'),
 (40,2851,'Торбеево'),
 (40,2266,'Чамзинка'),
 (40,2927,'Явас'),
 (40,2587,'Ялга'),
 (41,666,'Зеленоград'),
 (41,129,'Москва'),
 (42,605,'Абрамцево(Балашихинский р-н)'),
 (42,3227,'Авдотьино'),
 (42,3429,'Аксиньино(Одинцовский р-н)'),
 (42,607,'Алабино'),
 (42,608,'Алабушево(Солнечногорский р-н)'),
 (42,3623,'Аладьино(Дмитровский р-н)'),
 (42,3628,'Аладьино(Каширский р-н)'),
 (42,3430,'Алексино (Истринский р-н)'),
 (42,610,'Ангелово'),
 (42,1858,'Андреевка(Солнечногорский р-н)'),
 (42,611,'Апрелевка'),
 (42,612,'Архангельское(Красногорский р-н)'),
 (42,2406,'Атепцево'),
 (42,3431,'Ашитково'),
 (42,613,'Ашукино'),
 (42,3432,'Бабенки'),
 (42,616,'Балашиха'),
 (42,3433,'Барановское'),
 (42,617,'Барвиха'),
 (42,618,'Барыбино'),
 (42,3434,'Барынино'),
 (42,3435,'Беззубово(Егорьевский р-н)'),
 (42,3436,'Бекасово'),
 (42,619,'Белая Дача'),
 (42,1808,'Белоозерский'),
 (42,621,'Белоомут'),
 (42,622,'Белые столбы'),
 (42,3437,'Белый Раст (Дмитровский)'),
 (42,3438,'Беляниново'),
 (42,3770,'Бережки(Подольский р-н)'),
 (42,3633,'Беседы'),
 (42,3439,'Бисерово (Балашихинский р-н)'),
 (42,3636,'Богородское(Сергиево-Посадский р-н)+'),
 (42,623,'Болшево'),
 (42,3634,'Большевик(Серпуховский р-н)'),
 (42,624,'Большие Вяземы'),
 (42,625,'Большие Дворы'),
 (42,3440,'Большое Алексеевское'),
 (42,3639,'Бородки'),
 (42,3441,'Бортниково (Дмитровский р-н)'),
 (42,3442,'Братовщина'),
 (42,628,'Бронницы'),
 (42,3443,'Буденовец'),
 (42,3444,'Бужарово'),
 (42,3445,'Буньково (Истринский)'),
 (42,3645,'Бунятино'),
 (42,629,'Бутово'),
 (42,3446,'Быково(Подольский р-н)'),
 (42,630,'Быково(Раменский р-н)'),
 (42,3447,'Васильевское(Серпуховской р-н)'),
 (42,2006,'Ватутинки'),
 (42,3448,'Введенское(Домодедовский р-н)'),
 (42,3449,'Введенское(Одинцовский р-н)'),
 (42,3450,'Вельяминово'),
 (42,631,'Вербилки'),
 (42,3451,'Верея(Орехово-Зуевский р-н)'),
 (42,3452,'Верея(Раменский р-н)'),
 (42,3453,'Верхнее Мячково'),
 (42,3665,'Вешки'),
 (42,633,'Видное'),
 (42,634,'Виноградово(Воскресенский р-н)'),
 (42,3454,'Вишняковские Дачи'),
 (42,635,'Внуково'),
 (42,3455,'Воздвиженское(Сергиево-Посадский р-н)'),
 (42,636,'Волоколамск'),
 (42,3456,'Волченки'),
 (42,3457,'Воровского им.'),
 (42,3458,'Вороново(Подольский р-н)'),
 (42,637,'Воскресенск'),
 (42,2448,'Воскресенское(Ленинский р-н)'),
 (42,638,'Востряково'),
 (42,3459,'Восход(Истринский р-н)'),
 (42,639,'Высоковск'),
 (42,1730,'Газопровод(Ленинский р-н)'),
 (42,3460,'Ганусово (Домодедовский р-н)'),
 (42,3461,'Гарь-Покровское'),
 (42,3462,'Герцена им.Санаторий'),
 (42,641,'Гжель'),
 (42,3463,'Гидроузла Поселок'),
 (42,3651,'Глухово(Красногорский р-н)'),
 (42,2496,'Говорово'),
 (42,3662,'Голиково(Солнечногорский р-н)'),
 (42,642,'Голицыно'),
 (42,3649,'Головково(Наро-Фоминский р-н)'),
 (42,3663,'Голубое(Солнечногорский р-н)'),
 (42,3785,'Гольево'),
 (42,3464,'Горбово Фабрика(Рузский р-н)'),
 (42,645,'Горки Ленинские'),
 (42,643,'Горки(Дмитровский р-н)'),
 (42,3465,'Горки-10(Одинцовский р-н)'),
 (42,3466,'Горки-2 (Одинцовский р-н)'),
 (42,3467,'Горловка(Одинцовский р-н)'),
 (42,3468,'Городище (Подольский)'),
 (42,3469,'Горшково'),
 (42,3650,'Грибки(Мытищинский р-н)'),
 (42,1728,'Губино'),
 (42,2682,'Губцево(Наро-Фоминский р-н)'),
 (42,3470,'Давыдково(Наро-Фоминский р-н)'),
 (42,1739,'Давыдово(Орехово-Зуевский р-н)'),
 (42,3471,'Дашковка'),
 (42,646,'Деденево(Дмитровский р-н)'),
 (42,1856,'Дединово(Луховицкий р-н)');
INSERT INTO `optica100`.`City` VALUES  (42,647,'Дедовск'),
 (42,3472,'Демихово'),
 (42,3473,'Денежниково (Раменский)'),
 (42,3474,'Деньково(Истринский р-н)'),
 (42,648,'Дзержинский'),
 (42,649,'Дмитров'),
 (42,650,'Долгопрудный'),
 (42,651,'Домодедово'),
 (42,3210,'Домодедово аэропорт'),
 (42,3475,'Донино'),
 (42,652,'Дорохово (Рузский р-н)'),
 (42,3655,'Дубки(Одинцовский р-н)'),
 (42,653,'Дубна(Москва)'),
 (42,3476,'Дубровицы'),
 (42,4307,'Дубровка (Ленинский р-н)'),
 (42,3720,'Дубровки (Солнечногорский р-н)'),
 (42,3477,'Дурыкино'),
 (42,3478,'Духанино'),
 (42,3479,'Евсеево (Подольский р-н)'),
 (42,2564,'Еганово (Раменский р-н)'),
 (42,655,'Егорьевск'),
 (42,3658,'Елино(Солнечногорский р-н)'),
 (42,3480,'Ельдигино'),
 (42,1428,'Еремино(Мытищинский р-н)'),
 (42,3481,'Ермолино(Дмитровский р-н)'),
 (42,3482,'Ершово(Одинцовский р-н)'),
 (42,3589,'Есипово(Солнечногорский р-н)'),
 (42,3483,'Ефремовская'),
 (42,656,'Жаворонки'),
 (42,657,'Железнодорожный(Москва)'),
 (42,658,'Жилево'),
 (42,3484,'Житнево'),
 (42,3485,'Жостово'),
 (42,1753,'Жуковка(Одинцовский р-н)'),
 (42,659,'Жуковский'),
 (42,3486,'Жучки'),
 (42,660,'Заветы Ильича (МО)'),
 (42,3487,'Заворово'),
 (42,2004,'Загорянский'),
 (42,661,'Запрудня'),
 (42,662,'Зарайск'),
 (42,1785,'Заречье(Одинцовский р-н)'),
 (42,663,'Заря'),
 (42,3705,'Захарово(Одинцовский р-н)'),
 (42,665,'Звенигород'),
 (42,3488,'Зверосовхоз'),
 (42,3489,'Здравница (Мытищинский р-н)'),
 (42,3490,'Зеленоградский'),
 (42,3491,'Зеленый (Ногинский р-н)'),
 (42,3492,'Знамя Октября'),
 (42,3493,'Зюзино'),
 (42,3494,'Ивановка(Раменский р-н)'),
 (42,667,'Ивантеевка(Пушкинский р-н)'),
 (42,668,'Изварино'),
 (42,669,'Измайлово (Ленинский р-н)'),
 (42,670,'Икша'),
 (42,671,'Ильинский'),
 (42,3495,'Ильинский Погост'),
 (42,3496,'Ильинское-Усово'),
 (42,672,'Истра'),
 (42,3672,'Иудино(Сергиево-Посадский р-н)'),
 (42,3497,'Каблуково (Щелковский)'),
 (42,3498,'Калининец'),
 (42,1778,'Калиновка(Ленинский р-н)'),
 (42,3499,'Каринское'),
 (42,3629,'Картмазово'),
 (42,3675,'Кашино(Истринский р-н)'),
 (42,673,'Кашира'),
 (42,3500,'Киевский'),
 (42,3501,'Кирилловка (Люберецкий р-н)'),
 (42,676,'Климовск'),
 (42,2683,'Клин'),
 (42,678,'Клязьма'),
 (42,679,'Кокошкино'),
 (42,680,'Коломна'),
 (42,3502,'Колычево(Можайский р-н)'),
 (42,3503,'Колюбакино'),
 (42,681,'Коммунарка'),
 (42,3504,'Конобеево'),
 (42,3687,'Константиново ГПЗ (Домодедово)'),
 (42,3505,'Константиново(Раменский р-н)'),
 (42,3506,'Коренево(Люберецкий р-н)'),
 (42,683,'Королев'),
 (42,3507,'Кострово(Истринский р-н)'),
 (42,1713,'Котельники'),
 (42,3508,'Котово(Истринский р-н)'),
 (42,684,'Красково'),
 (42,3509,'Красная Горка (Мытищинский)'),
 (42,3510,'Красная Пахра'),
 (42,685,'Красноармейск(Москва)'),
 (42,3694,'Красновидово'),
 (42,686,'Красногорск'),
 (42,687,'Краснозаводск'),
 (42,474,'Краснознаменск(МО)'),
 (42,3688,'Краснознаменский'),
 (42,688,'Кратово'),
 (42,3425,'Крекшино'),
 (42,3644,'Кривцово'),
 (42,689,'Кубинка'),
 (42,3700,'Кудиново'),
 (42,3697,'Кузнецово(Наро-Фоминский р-н)'),
 (42,3696,'Кузнецово(Раменский р-н)'),
 (42,3511,'Кузнецы(Павлово-Посадский р-н)'),
 (42,3512,'Кузнечики'),
 (42,2434,'Кузяево (Дмитровский р-н)'),
 (42,690,'Купавна'),
 (42,3513,'Курилово'),
 (42,691,'Куровское'),
 (42,3515,'Лесной Городок'),
 (42,692,'Лесной(Пушкинский р-н)'),
 (42,3516,'Лесные Поляны(Подольский р-н)'),
 (42,3517,'Лесные Поляны(Пушкинский р-н)'),
 (42,3518,'Летний отдых'),
 (42,3711,'Лешково'),
 (42,2492,'Ликино-Дулево'),
 (42,3519,'Литвиново(Щелковский р-н)'),
 (42,693,'Лобня'),
 (42,3520,'Ложки(Солнечногорский р-н)'),
 (42,3521,'Лоза'),
 (42,695,'Лосино-Петровский'),
 (42,696,'Лотошино'),
 (42,697,'Луговая(Мытищинский р-н)'),
 (42,3707,'Лужники(Ступинский р-н)'),
 (42,3522,'Лукино (Домодедовский р-н)'),
 (42,3523,'Лукошкино (Наро-Фоминский)'),
 (42,698,'Лунево'),
 (42,699,'Луховицы'),
 (42,3524,'Лучинское (Подольский р-н)'),
 (42,700,'Лыткарино'),
 (42,701,'Львовский'),
 (42,702,'Люберцы'),
 (42,703,'Любучаны'),
 (42,3732,'Люторецкое'),
 (42,705,'Малаховка'),
 (42,3525,'Малино'),
 (42,3724,'Малые Вяземы'),
 (42,3526,'Малышево (Раменское)'),
 (42,706,'Мамонтовка (Пушкинский р-н)'),
 (42,3714,'Мамонтово(Ногинский р-н)'),
 (42,1792,'Мамыри'),
 (42,3527,'Манихино (Истринский)'),
 (42,3528,'Манушкино'),
 (42,3529,'Марушкино'),
 (42,3530,'Марфино(Одинцовский р-н)'),
 (42,2007,'Марьино(Ленинский р-н)'),
 (42,3531,'Медвежьи Озера (Щелковский)'),
 (42,707,'Менделеево'),
 (42,3532,'Мещерское'),
 (42,3533,'Мизиново'),
 (42,708,'Михнево (Ступинский р-н)'),
 (42,3534,'Мичуринец'),
 (42,3149,'МО'),
 (42,709,'Можайск'),
 (42,3535,'Молоди (Подольский р-н)'),
 (42,1788,'Молоково(Ленинский р-н)'),
 (42,710,'Монино'),
 (42,3536,'Морозово (Дмитровский р-н)'),
 (42,3537,'Московский(Ленинский р-н)'),
 (42,2471,'Мосрентген'),
 (42,3538,'Мураново'),
 (42,712,'Мытищи'),
 (42,3539,'Назарьево(Одинцовский р-н)'),
 (42,713,'Наро-Фоминск'),
 (42,3735,'Нарынка'),
 (42,714,'Нахабино'),
 (42,1850,'Некрасовка(Москва)'),
 (42,3540,'Некрасовский (Дмитровский)'),
 (42,715,'Немчиновка'),
 (42,3541,'Непецино'),
 (42,3542,'Никитское'),
 (42,716,'Никольско-Архангельский (Балашихинский р-н)'),
 (42,3543,'Никольско-Архангельское'),
 (42,3544,'Никулино(Раменский р-н)'),
 (42,1721,'Новая Ольховка(Наро-Фоминский р-н)'),
 (42,3545,'Новобратцевский'),
 (42,3546,'Новогорск'),
 (42,3547,'Новодрожжино'),
 (42,3549,'Новое Гришино'),
 (42,3548,'Новое(Орехово-Зуевский р-н)'),
 (42,3670,'Новоивановское'),
 (42,3550,'Новоникольское(Красногорский р-н)'),
 (42,1807,'Новопеределкино'),
 (42,3551,'Новопетровское'),
 (42,717,'Новоподрезково'),
 (42,3728,'Новосиньково'),
 (42,1742,'Новый (Егорьевский р-н)'),
 (42,3552,'Новый Быт'),
 (42,719,'Ногинск'),
 (42,3553,'Оболдино'),
 (42,721,'Оболенск'),
 (42,722,'Обухово'),
 (42,3730,'Огуднево'),
 (42,138,'Одинцово'),
 (42,3554,'Одинцово-Вахромеево'),
 (42,724,'Ожерелье'),
 (42,3555,'Озерецкое (Дмитровский)'),
 (42,725,'Озеры'),
 (42,726,'Октябрьский(Люберецкий р-н)'),
 (42,3556,'Онуфриево'),
 (42,3557,'Опалиха'),
 (42,727,'Орехово-Зуево'),
 (42,3734,'Орудьево'),
 (42,3704,'Островцы'),
 (42,3558,'Отрадное(Красногорский р-н)'),
 (42,3559,'Павловская Слобода'),
 (42,728,'Павловский Посад'),
 (42,3560,'Павловское(Истринский р-н)'),
 (42,729,'Первомайский(Москва)'),
 (42,1751,'Переделкино'),
 (42,1369,'Пересвет'),
 (42,3561,'Перхушково'),
 (42,3562,'Пестово(Мытищинский р-н)'),
 (42,1754,'Петрово-Дальнее'),
 (42,3563,'Петровское(Ленинский р-н)'),
 (42,3743,'Пикино'),
 (42,3564,'Пироговский'),
 (42,731,'Поварово'),
 (42,3565,'Подмосковье Санаторий'),
 (42,732,'Подольск'),
 (42,3566,'Подосинки (Наро-Фоминский)'),
 (42,733,'Подрезково'),
 (42,734,'Покров (Подольский р-н)'),
 (42,3567,'Полушкино (Люберецкий)'),
 (42,735,'Правдинский'),
 (42,3568,'Привокзальный'),
 (42,3569,'Приокск'),
 (42,3570,'Пролетарский(Серпуховской р-н)'),
 (42,736,'Протвино'),
 (42,3571,'Псарьки'),
 (42,3572,'Птичное'),
 (42,3698,'Путилково'),
 (42,737,'Пушкино(МО)'),
 (42,738,'Пущино'),
 (42,3573,'Радужный(Москва)'),
 (42,740,'Развилка'),
 (42,3574,'Раменский Совхоз'),
 (42,741,'Раменское'),
 (42,3575,'Рассудово'),
 (42,1404,'Рахманово'),
 (42,742,'Реутов'),
 (42,3576,'Ржавки'),
 (42,3577,'Родники(Раменский р-н)'),
 (42,3578,'Рождествено(Волоколамский р-н)'),
 (42,3579,'Рождествено(Рузский р-н)'),
 (42,3580,'Романцево (Подольский)'),
 (42,744,'Рошаль'),
 (42,746,'Руза'),
 (42,3232,'Румянцево'),
 (42,3581,'Рязаново(Подольский р-н)'),
 (42,3582,'Саввинская Слобода'),
 (42,3583,'Салтыковка'),
 (42,3584,'Сафоново(Раменский р-н)'),
 (42,3585,'Свердловский'),
 (42,3586,'Северный(Балашихинский р-н)'),
 (42,3729,'Северово'),
 (42,3587,'Селятино'),
 (42,3588,'Семхоз'),
 (42,748,'Сергиев Посад'),
 (42,3590,'Сергиевское(Коломенский р-н)'),
 (42,749,'Серебряные пруды'),
 (42,750,'Серпухов'),
 (42,3591,'Синево'),
 (42,3756,'Синьково'),
 (42,3592,'Ситне-Щелканово'),
 (42,3754,'Скоропусковский'),
 (42,751,'Снегири'),
 (42,3593,'Соболево'),
 (42,1431,'Совхоз 1 Мая'),
 (42,3428,'Совхоз 50 лет Октября (Ногинский р-н)'),
 (42,1806,'Совхоз им.Ленина'),
 (42,752,'Солнечногорск'),
 (42,753,'Солнцево (МО)'),
 (42,1920,'Сосновка(Одинцовский р-н)'),
 (42,754,'Софрино'),
 (42,3139,'Спас-Заулок'),
 (42,3594,'Спутник (МО)'),
 (42,755,'Старая Купавна'),
 (42,3595,'Старая Руза'),
 (42,756,'Старо-Сырово'),
 (42,3596,'Старый Городок'),
 (42,3597,'Степановское'),
 (42,3598,'Степанщино'),
 (42,757,'Столбовая'),
 (42,758,'Ступино'),
 (42,759,'Сходня'),
 (42,3759,'Сычево(Волоколамский р-н)'),
 (42,760,'Талдом'),
 (42,3599,'Талицы(Истринский р-н)'),
 (42,1758,'Тарасовка'),
 (42,3600,'Текстильщик'),
 (42,763,'Темпы'),
 (42,764,'Томилино'),
 (42,766,'Троицк (МО)'),
 (42,3601,'Троицкое(Мытищинский р-н)'),
 (42,3781,'Трошково'),
 (42,3764,'Трубино(Щелковский р-н)'),
 (42,3602,'Трудовая'),
 (42,767,'Тучково'),
 (42,768,'Удельная (Домодедовский р-н)'),
 (42,3603,'Ульянино'),
 (42,3604,'Усово'),
 (42,3766,'Успенское(Одинцовский р-н)'),
 (42,3605,'Федюково (Ленинский)'),
 (42,769,'Фирсановка'),
 (42,770,'Фрязево'),
 (42,771,'Фрязино'),
 (42,772,'Фряново'),
 (42,773,'Химки'),
 (42,1760,'Хлебниково'),
 (42,3606,'Хлюпино'),
 (42,3607,'Холщевики'),
 (42,3771,'Хорлово(Воскресенский р-н)'),
 (42,774,'Хотьково'),
 (42,3608,'Хрипань'),
 (42,775,'Цюрупы им.'),
 (42,3609,'Чайковского им.'),
 (42,3610,'Часцы'),
 (42,3611,'Чашниково(Солнечногорский р-н)'),
 (42,776,'Челобитьево'),
 (42,3612,'Чемодурово'),
 (42,3613,'Черкизово(Пушкинский р-н)'),
 (42,3751,'Черная Грязь'),
 (42,777,'Черноголовка'),
 (42,2494,'Черное(Балашихинский р-н)'),
 (42,779,'Чехов'),
 (42,3614,'Чисмена'),
 (42,3615,'Чулково (Раменский р-н)'),
 (42,3616,'Чурилково'),
 (42,3774,'Шабурново'),
 (42,3617,'Шаликово'),
 (42,3776,'Шарапово(Наро-Фоминский р-н)'),
 (42,3618,'Шарапово(Одинцовский р-н)'),
 (42,3619,'Шарапово(Чеховский р-н)'),
 (42,781,'Шатура'),
 (42,783,'Шаховская'),
 (42,3801,'Шереметьево-1 Аэропорт'),
 (42,5551,'Шереметьево-2 Аэропорт'),
 (42,784,'Шереметьевский'),
 (42,3620,'Шихово'),
 (42,1849,'Щапово'),
 (42,785,'Щелково'),
 (42,786,'Щербинка'),
 (42,1789,'Щитниково'),
 (42,787,'Электрогорск'),
 (42,788,'Электросталь'),
 (42,789,'Электроугли'),
 (42,790,'Юбилейный (Москва)'),
 (42,791,'Юность'),
 (42,3621,'Юрлово (Солнечногорский)'),
 (42,3622,'Ям'),
 (42,1459,'Ямкино'),
 (42,792,'Яхрома'),
 (43,2703,'Абрам-Мыс'),
 (43,793,'Апатиты'),
 (43,5208,'Белое Море'),
 (43,2704,'Белокаменка (Мурманск)'),
 (43,4808,'Белореченский(Мурманская)'),
 (43,1355,'Видяево'),
 (43,1356,'Гаджиево'),
 (43,1357,'Дровяное'),
 (43,2705,'Ена'),
 (43,794,'Заполярный'),
 (43,2706,'Зверьсовхоз'),
 (43,2707,'Зеленоборский'),
 (43,795,'Кандалакша'),
 (43,5273,'КАЭС'),
 (43,2708,'Кильдинстрой'),
 (43,796,'Кировск(Мурманск)'),
 (43,797,'Ковдор'),
 (43,798,'Кола'),
 (43,1359,'Ловозеро'),
 (43,2709,'Минькино'),
 (43,1360,'Мишуково'),
 (43,2710,'Молочное (Мурманск)'),
 (43,799,'Мончегорск'),
 (43,94,'Мурманск'),
 (43,5270,'Мурманск-17'),
 (43,801,'Мурмаши'),
 (43,802,'Никель'),
 (43,803,'Оленегорск'),
 (43,1361,'Печенга'),
 (43,804,'Полярные Зори'),
 (43,1362,'Полярный'),
 (43,2711,'Ревда (Мурманск)'),
 (43,805,'Росляково'),
 (43,806,'Сафоново(Мурманск)'),
 (43,807,'Североморск'),
 (43,808,'Снежногорск(Мурманск)'),
 (43,2712,'Тулома'),
 (43,2713,'Шонгуй'),
 (43,2714,'Юркино'),
 (44,2627,'Нарьян-Мар'),
 (45,6334,'Абабково(Н.Новгород)'),
 (45,5225,'Алиди'),
 (45,4272,'Ардатов'),
 (45,3952,'Арефино'),
 (45,1390,'Арзамас'),
 (45,4603,'Арья'),
 (45,3418,'Афонино'),
 (45,814,'Балахна'),
 (45,6469,'Бармино (Лысковский р-н)'),
 (45,3919,'Бебяево'),
 (45,5916,'Безводное(Кстовский р-н)'),
 (45,6135,'Березовка (Арзамасский р-н)'),
 (45,5847,'Берёзовка (Богородский р-н)'),
 (45,6089,'Ближнее Борисово (Кстовский р-н)'),
 (45,815,'Богородск'),
 (45,5222,'Большая Ельня'),
 (45,4647,'Большое Болдино'),
 (45,6069,'Большое Горево'),
 (45,3282,'Большое Козино'),
 (45,4315,'Большое Мурашкино'),
 (45,6281,'Большой Макателем'),
 (45,816,'Бор'),
 (45,4746,'Буревестник'),
 (45,4115,'Бутурлино'),
 (45,4314,'Вад'),
 (45,6027,'Варнавино'),
 (45,4310,'Вача'),
 (45,2458,'Ветлуга'),
 (45,4413,'Вознесенское'),
 (45,2457,'Володарск'),
 (45,2530,'Воротынец'),
 (45,2459,'Ворсма'),
 (45,4316,'Воскресенское(Н.Новгород)'),
 (45,6093,'Выездное (Арзамасский р-н)'),
 (45,1690,'Выкса'),
 (45,4328,'Гагино'),
 (45,2918,'Гидроторф'),
 (45,2460,'Горбатов'),
 (45,817,'Городец'),
 (45,6084,'Дальнее-Константиново'),
 (45,5500,'Дачный(Нижегородская)'),
 (45,818,'Дзержинск (Н.Новгород)'),
 (45,4311,'Дивеево'),
 (45,819,'Дружный (Кстовский р-н)'),
 (45,3283,'Ждановский'),
 (45,4436,'Железнодорожный (Борский р-н)'),
 (45,3141,'Желнино'),
 (45,820,'Заволжье'),
 (45,5925,'Зарубино(Городецкий р-н)'),
 (45,6261,'Зеленый город(Н.Новгород)'),
 (45,2784,'Ильиногорск'),
 (45,6409,'ИМПЕК(Атомная станция)'),
 (45,5526,'Каликино(Борский р-н)'),
 (45,5631,'Каменки (Богородский р-н)'),
 (45,6440,'Кантаурово'),
 (45,2461,'Княгинино'),
 (45,3821,'Ковернино'),
 (45,6059,'Комсомольский(Богородский р-н)'),
 (45,3417,'Конново'),
 (45,3862,'Красные Баки'),
 (45,5170,'Красный Ватрас'),
 (45,821,'Кстово(Н.Новгород)'),
 (45,3284,'Кстовская Промзона'),
 (45,6384,'Кудашиха(Н.Новгород)'),
 (45,2436,'Кудьма'),
 (45,6134,'Кузнечиха(Н.Новгород)'),
 (45,4428,'Кузьминка (Кстовский р-н)'),
 (45,2462,'Кулебаки'),
 (45,4463,'Кусакова'),
 (45,3828,'Лесная поляна'),
 (45,4068,'Лесогорск'),
 (45,4373,'Линда'),
 (45,4438,'Лукино (Балахнинский р-н)'),
 (45,2463,'Лукоянов'),
 (45,2425,'Лысково'),
 (45,4419,'Михаленино (Варнавинский р-н)'),
 (45,4704,'Морозовка'),
 (45,5473,'Мостотряд'),
 (45,3416,'Мотмос'),
 (45,2897,'Мулино'),
 (45,3110,'Мухтолово'),
 (45,1381,'Навашино'),
 (45,5652,'Нагулино'),
 (45,4636,'Нижегородец'),
 (45,99,'Нижний Новгород'),
 (45,3104,'Николо-Погост'),
 (45,3063,'Новосмолинский'),
 (45,6280,'Обход(Н.Новгород)'),
 (45,6081,'Окский(Богородский р-н)'),
 (45,3249,'Октябрьский (Н.Новгород)'),
 (45,6428,'Опалиха(Кстовский р-н)'),
 (45,5607,'Остреево (Борский р-н)'),
 (45,1365,'Павлово'),
 (45,5730,'Память Парижской Коммуны'),
 (45,1843,'Первомайск (Н.Новгород)'),
 (45,3159,'Перевоз'),
 (45,4875,'Пермеево'),
 (45,6023,'Пешелань (Арзамасский р-н)'),
 (45,4327,'Пильна'),
 (45,3922,'Починки'),
 (45,6385,'Проммикрорайон-7 ЛПК'),
 (45,5900,'Пруды (Краснобаковский р-н)'),
 (45,2898,'Пушкино (Н.Новгород)'),
 (45,4687,'Пыра'),
 (45,1314,'Работки'),
 (45,6324,'Редькино(Н.Новгород)'),
 (45,4400,'Решетиха'),
 (45,3808,'Ржавка'),
 (45,4894,'Савослейка'),
 (45,825,'Саров'),
 (45,3161,'Сатис'),
 (45,4402,'Селекционной станции поселок'),
 (45,2482,'Селекция'),
 (45,2464,'Семенов'),
 (45,2350,'Сергач'),
 (45,5024,'Сеченово'),
 (45,4433,'Смолино(Н.Новгород)'),
 (45,3864,'Сокольское'),
 (45,4309,'Сосновское'),
 (45,4317,'Спасское (Спасский р-н)'),
 (45,4067,'Строителей (Н.Новгород)'),
 (45,6190,'Строчково(Н.Новгород)'),
 (45,4464,'Тонкино'),
 (45,4776,'Тоншаево'),
 (45,3421,'Тумботино'),
 (45,3863,'Урень'),
 (45,2899,'Федяково (Н.Новгород)'),
 (45,5488,'Центральный(Володарский)'),
 (45,826,'Черепичный'),
 (45,6323,'Чибирь'),
 (45,3420,'Чкаловск (Н.Новгород)'),
 (45,4784,'Шаранга'),
 (45,2465,'Шатки'),
 (45,3861,'Шахунья'),
 (45,5176,'Шелокша'),
 (45,3419,'Юганец'),
 (45,5970,'Ясенцы (Павловский р-н)'),
 (46,3306,'Акрон'),
 (46,6017,'Березовка(Новгород Великий)'),
 (46,4768,'Божонка'),
 (46,4873,'Борки'),
 (46,828,'Боровичи'),
 (46,6369,'Быково(Новгород)'),
 (46,829,'Валдай'),
 (46,5523,'Волховец'),
 (46,5152,'Волховский'),
 (46,3103,'Григорово'),
 (46,3866,'Демянск'),
 (46,5249,'Котово(Новгородская)'),
 (46,3178,'Крестцы'),
 (46,5999,'Лесная'),
 (46,4594,'Лешино'),
 (46,3296,'Любытино'),
 (46,831,'Малая Вишера'),
 (46,2601,'Новая Мельница'),
 (46,827,'Новгород Великий'),
 (46,833,'Окуловка'),
 (46,2676,'Панковка'),
 (46,1396,'Парфино'),
 (46,2718,'Пестово (Новгород Великий)'),
 (46,6145,'Плетниха'),
 (46,2954,'Подберезье'),
 (46,925,'Сольцы'),
 (46,836,'Старая Русса'),
 (46,6196,'Сырково'),
 (46,3915,'Трубичино'),
 (46,5834,'Угловка'),
 (46,2562,'Чечулино'),
 (46,838,'Чудово'),
 (46,3151,'Шимск'),
 (48,4123,'Азово'),
 (48,3883,'Александровка(Омск)'),
 (48,854,'Береговой (Омск)'),
 (48,5046,'Биофабрика(Омск)'),
 (48,3887,'Боевой'),
 (48,2232,'Большеречье'),
 (48,3872,'Большие Уки'),
 (48,4128,'Горьковское (Омск)'),
 (48,3827,'Горячий ключ(Омск)'),
 (48,4185,'Дружино'),
 (48,3219,'Иртышский'),
 (48,855,'Исилькуль'),
 (48,856,'Калачинск'),
 (48,5989,'Камышловский'),
 (48,5448,'Ключи'),
 (48,3873,'Кормиловка'),
 (48,2233,'Корниловка'),
 (48,4112,'Красноярка'),
 (48,3181,'Красный Яр (Люблинский)'),
 (48,4231,'Крутая горка (Омск)'),
 (48,1445,'Крутинка'),
 (48,3888,'Лесной(Омск)'),
 (48,1413,'Лузино'),
 (48,2234,'Любино'),
 (48,3874,'Любинский'),
 (48,857,'Марьяновка'),
 (48,2235,'Москаленки'),
 (48,2236,'Муромцево'),
 (48,858,'Называевск'),
 (48,3889,'Неверовка'),
 (48,2412,'Нововаршавка'),
 (48,4131,'Новоомский'),
 (48,4232,'Новостройка (Омск)'),
 (48,3880,'Новоуральское'),
 (48,3882,'Одесское'),
 (48,3876,'Оконешниково'),
 (48,102,'Омск'),
 (48,5638,'Отрадное'),
 (48,3890,'Павлоградка'),
 (48,6199,'Петровка'),
 (48,3877,'Полтавка'),
 (48,5794,'Пушкино(Омская)'),
 (48,6033,'Ракитинка'),
 (48,2687,'Ростовка'),
 (48,860,'Русская Поляна(Омск)'),
 (48,3879,'Саргатское'),
 (48,3884,'Северо-Любинский'),
 (48,3878,'Седельниково'),
 (48,2237,'Таврическое'),
 (48,2411,'Тара'),
 (48,5616,'Троицк(Омская)'),
 (48,5320,'Троицкое (Омск)'),
 (48,2413,'Тюкалинск'),
 (48,6133,'Ульяновка(Омск)'),
 (48,861,'Черлак'),
 (48,4113,'Чернолучье'),
 (48,3317,'Щербакуль'),
 (47,4446,'Барабинск'),
 (47,1376,'Бердск'),
 (47,1480,'Искитим'),
 (47,4023,'Колывань'),
 (47,844,'Кольцово(Новосибирск)'),
 (47,3875,'Коченево'),
 (47,845,'Краснообск-Новосибирский'),
 (47,4587,'Красноозерка'),
 (47,4026,'Красный Яр (Новосибирск)'),
 (47,2418,'Кудряшовский'),
 (47,4029,'Морозово (Новосибирск)'),
 (47,3370,'Мочище'),
 (47,4033,'Мошково'),
 (47,846,'Нижняя Ельцовка'),
 (47,100,'Новосибирск'),
 (47,4032,'Новый (Новосибирск)'),
 (47,4030,'ОбъГэс'),
 (47,1449,'Обь'),
 (47,4028,'Огурцово'),
 (47,3165,'Пашино'),
 (47,4027,'Плотниково'),
 (47,4024,'Тогучин'),
 (47,4489,'Толмачево (Новосибирская)'),
 (47,4584,'Чаны'),
 (47,1472,'Элитный'),
 (49,3215,'Адамовка'),
 (49,6355,'Аэропорт'),
 (49,882,'Беляевка (Оренбург)'),
 (49,883,'Бугуруслан'),
 (49,884,'Бузулук'),
 (49,4452,'Весенний'),
 (49,6015,'Вязовка(Оренб.р-н)'),
 (49,885,'Гай'),
 (49,5223,'Горный(Оренбург)'),
 (49,2963,'Гранитный'),
 (49,5048,'Грачевка(Оренбург)'),
 (49,3824,'Девятого января поселок'),
 (49,2854,'Домбаровский'),
 (49,5107,'Ивановка(Оренбург)'),
 (49,3322,'Каргала'),
 (49,2855,'Кваркино'),
 (49,5169,'Кузнечный'),
 (49,2401,'Курманаевка'),
 (49,5309,'Ленина(Оренбург)'),
 (49,2397,'Луна'),
 (49,4936,'Лылово'),
 (49,6101,'Мазуровка'),
 (49,4795,'Нагорный(Оренбург)'),
 (49,3049,'Нежинка'),
 (49,2398,'Нефтяников(Лесхоз)'),
 (49,5530,'Нижняя Павловка (Оренбург)'),
 (49,3820,'Новоорск'),
 (49,889,'Новосергиевка'),
 (49,890,'Новотроицк'),
 (49,1912,'Октябрьское(Оренбург)'),
 (49,104,'Оренбург'),
 (49,6202,'Оренбург-Центральный(аэропорт)'),
 (49,900,'Орск'),
 (49,892,'Переволоцкий'),
 (49,4659,'Плешаново'),
 (49,5738,'Победа (Оренбург)'),
 (49,3046,'Подгородняя Покровка'),
 (49,893,'Пригородный (Оренбург)'),
 (49,5569,'Пристанционный (Оренбург)'),
 (49,2175,'Ростоши'),
 (49,894,'Сакмара'),
 (49,895,'Саракташ'),
 (49,5695,'Светлый(Оренбург)'),
 (49,2174,'Солнечный(Оренбург)'),
 (49,896,'Соль-Илецк'),
 (49,2399,'Сорочинск'),
 (49,4589,'Старое Тюрино'),
 (49,1800,'Тоцкое'),
 (49,4937,'Халилово'),
 (49,2816,'Чкалов'),
 (49,5146,'Экспериментальный'),
 (49,4785,'Энергетик (Новоорский р-н)'),
 (50,5998,'Бакланово'),
 (50,862,'Болхов'),
 (50,863,'Верховье'),
 (50,2814,'Волково(Орел)'),
 (50,864,'Глазуновка'),
 (50,865,'Дмитровск'),
 (50,4801,'Добрый'),
 (50,3817,'Долгое'),
 (50,5134,'Жудерский'),
 (50,866,'Залегощь'),
 (50,6035,'Зареченский'),
 (50,6257,'Зеленый Шум'),
 (50,867,'Змиевка'),
 (50,1922,'Знаменка (Орел)'),
 (50,5260,'Знаменское(Знаменский р-н)'),
 (50,868,'Колпны'),
 (50,3050,'Корсаково'),
 (50,5121,'Красная Заря(Орел)'),
 (50,869,'Кромы'),
 (50,6162,'Крутое(Ливенский р-н)'),
 (50,3373,'Куликовский'),
 (50,3189,'Лаврово'),
 (50,870,'Ливны'),
 (50,5087,'Малая Каменка'),
 (50,3367,'Малая Куликовка'),
 (50,871,'Малоархангельск'),
 (50,872,'Мценск'),
 (50,6414,'Навесное'),
 (50,6161,'Нагорный(Орел)'),
 (50,873,'Нарышкино'),
 (50,5198,'Неполодь'),
 (50,6114,'Никуличи'),
 (50,874,'Новосиль'),
 (50,103,'Орел'),
 (50,3918,'Отрадинский'),
 (50,2640,'Платоново'),
 (50,5983,'Плещеево'),
 (50,876,'Покровское(Орел)'),
 (50,1766,'Разбегаевка'),
 (50,5454,'Сахзаводской'),
 (50,2894,'Сергиевское (Орел)'),
 (50,4120,'Сосково'),
 (50,5455,'Спасское-Лутовиново'),
 (50,2840,'Стальной Конь'),
 (50,6489,'Становое(Орел)'),
 (50,5761,'Стрелецкий'),
 (50,3271,'Телецентр'),
 (50,4356,'Тросна'),
 (50,3186,'Хардиково'),
 (50,877,'Хомутово (Орел)'),
 (50,878,'Хотынец'),
 (50,4969,'Черкасская(Кромской р-н)'),
 (50,879,'Шаблыкино'),
 (50,5266,'Шахово'),
 (50,4180,'Шиловский'),
 (51,5444,'Алферьевка'),
 (51,5911,'Березовая роща (Пензенский р-н)'),
 (51,4522,'Бессоновка(Пенза)'),
 (51,4630,'Богословка'),
 (51,4248,'Васильевка (Пенза)'),
 (51,4282,'Городище (Пенза)'),
 (51,4521,'Грабово'),
 (51,1319,'Заречный(Пенза)'),
 (51,3857,'Засечное'),
 (51,903,'Каменка(Пенза)'),
 (51,4616,'Кижеватово'),
 (51,904,'Кузнецк'),
 (51,5192,'Мичуринский(Пензенский р-н)'),
 (51,3800,'Мокшан'),
 (51,4281,'Монтажный'),
 (51,3949,'Нефтянник'),
 (51,905,'Нижний Ломов'),
 (51,105,'Пенза'),
 (51,5113,'Рамзай'),
 (51,907,'Сердобск'),
 (51,5111,'Чемодановка'),
 (52,5000,'3 Госконезавод(Пермский)'),
 (52,908,'Александровск'),
 (52,1982,'Барда'),
 (52,909,'Березники (Пермь)'),
 (52,2000,'Березовка(Пермь)'),
 (52,4844,'Бершеть'),
 (52,1984,'Большая Соснова'),
 (52,4049,'Большое Савино'),
 (52,4103,'Ванюки'),
 (52,910,'Верещагино'),
 (52,6350,'Гайны'),
 (52,2832,'Гамово'),
 (52,4104,'Голый Мыс'),
 (52,911,'Горнозаводск'),
 (52,5835,'Горный(Пермский)'),
 (52,912,'Гремячинск'),
 (52,913,'Губаха'),
 (52,914,'Добрянка'),
 (52,4662,'Звездный(Пермь)'),
 (52,2001,'Ильинский(Пермь)'),
 (52,1987,'Карагай'),
 (52,915,'Кизел'),
 (52,3391,'Кондратово'),
 (52,916,'Красновишерск'),
 (52,917,'Краснокамск'),
 (52,4451,'Красный Яр(Пермь)'),
 (52,6504,'Крым(Пермский)'),
 (52,2629,'Кудымкар'),
 (52,1989,'Куеда'),
 (52,5910,'Кукуштан'),
 (52,4391,'Култаево'),
 (52,918,'Кунгур'),
 (52,3153,'Лобаново'),
 (52,919,'Лысьва'),
 (52,4621,'Майский(Пермь)'),
 (52,3406,'Марковский'),
 (52,6252,'Мартьяново(Пермь)'),
 (52,6451,'Мулянка'),
 (52,5071,'Нагорное(Пермский)'),
 (52,5729,'Нартовка (Березниковский р-н)'),
 (52,4117,'Новые Ляды'),
 (52,920,'Нытва'),
 (52,4512,'Оверята'),
 (52,2002,'Октябрьский(Пермь)'),
 (52,1992,'Орда'),
 (52,1991,'Оса'),
 (52,921,'Осенцы'),
 (52,2716,'Осинцы'),
 (52,1993,'Оханск'),
 (52,922,'Очер'),
 (52,5733,'Пашия'),
 (52,106,'Пермь'),
 (52,4102,'Песьянка'),
 (52,5634,'Платошино'),
 (52,5671,'Пожва'),
 (52,1388,'Полазна'),
 (52,5648,'Родники'),
 (52,4626,'Светлый(Пермь)'),
 (52,1994,'Сива'),
 (52,5044,'Сокол(Пермский)'),
 (52,924,'Соликамск'),
 (52,1995,'Суксун'),
 (52,2761,'Сылва'),
 (52,1996,'Уинское'),
 (52,3182,'Уральский'),
 (52,926,'Усолье'),
 (52,2498,'Усть-Качка'),
 (52,1988,'Усть-Кишерть'),
 (52,1773,'Ферма'),
 (52,3410,'Фролы'),
 (52,2876,'Хмели'),
 (52,927,'Чайковский'),
 (52,1998,'Частые'),
 (52,1999,'Чердынь'),
 (52,4609,'Черное(Пермь)'),
 (52,928,'Чернушка'),
 (52,929,'Чусовой'),
 (52,5043,'Шалаши(Пермский)'),
 (52,5567,'Шерья'),
 (52,3369,'Юго-Камский'),
 (52,5755,'Юрла'),
 (52,3908,'Яйва'),
 (53,288,'Артем'),
 (53,289,'Большой Камень'),
 (53,2890,'Весенняя'),
 (53,78,'Владивосток'),
 (53,6308,'Владимиро-Александровское'),
 (53,2915,'Воздвиженка'),
 (53,2755,'Вольно-Надеждинское'),
 (53,292,'Врангель'),
 (53,6325,'Емар(Владивосток)'),
 (53,1321,'Заводской(Владивосток)'),
 (53,6255,'Зарубино(Владивосток)'),
 (53,296,'Кневичи'),
 (53,298,'Ливадия'),
 (53,5326,'Михайловка(Владивосток)'),
 (53,299,'Находка'),
 (53,6152,'Океанская'),
 (53,300,'Партизанск'),
 (53,3384,'Приморский(Владивосток)'),
 (53,6156,'Садгород'),
 (53,6111,'Седанка'),
 (53,5136,'Смоляниново'),
 (53,301,'Трудовое(Владивосток)'),
 (53,302,'Угловое'),
 (53,303,'Уссурийск'),
 (53,1329,'Фокино(Владивосток)'),
 (53,6016,'Чайка'),
 (53,305,'Шкотово'),
 (53,5994,'Штыково'),
 (53,306,'Южное-Морское'),
 (54,4082,'Бежаницы'),
 (54,6290,'Богданово'),
 (54,2789,'Бурачки'),
 (54,948,'Великие Луки'),
 (54,3989,'Дедовичи(ГРЭС)(Псков)'),
 (54,3325,'Дедовичи(Псков)'),
 (54,2299,'Дно'),
 (54,4646,'Ершово(Псков)'),
 (54,2928,'Загорицы'),
 (54,5325,'Идрица'),
 (54,3209,'Невель'),
 (54,2674,'Неелово'),
 (54,3412,'Новоизборск'),
 (54,3126,'Новосокольники'),
 (54,5586,'Овинки'),
 (54,3206,'Опочка'),
 (54,2298,'Остров'),
 (54,3207,'Палкино'),
 (54,2889,'Печоры'),
 (54,3004,'Писковичи'),
 (54,1391,'Порхов'),
 (54,109,'Псков'),
 (54,3847,'Пустошка'),
 (54,4081,'Пушкинские Горы'),
 (54,4269,'Пыталово'),
 (54,2597,'Родина'),
 (54,1384,'Себеж'),
 (54,3208,'Середка'),
 (54,3320,'Соловьи'),
 (54,3885,'Суханово'),
 (54,2655,'Тямша'),
 (54,4604,'Федоровщина'),
 (54,4176,'Хилово'),
 (54,4884,'Хотицы'),
 (55,949,'Азов'),
 (55,950,'Аксай(Ростов)'),
 (55,5670,'Алексеевка (Ростов)'),
 (55,3925,'Аютинский'),
 (55,951,'Батайск'),
 (55,952,'Белая Калитва'),
 (55,2155,'Большой Лог'),
 (55,4167,'Верхнетемерницкий'),
 (55,2527,'Водопадный'),
 (55,953,'Волгодонск'),
 (55,5655,'Воронцовка'),
 (55,4516,'Гигант'),
 (55,4835,'Глубокий'),
 (55,954,'Гуково'),
 (55,5931,'Гундоровский'),
 (55,3143,'Донецк (Ростов-на-Дону)'),
 (55,3997,'Донской (Ростов)'),
 (55,5698,'Дубовское'),
 (55,5697,'Железнодорожный(Ростов-на-Дону)'),
 (55,955,'Зверево'),
 (55,4759,'Зеленый(Ростов)'),
 (55,956,'Зерноград'),
 (55,6185,'Интернациональный'),
 (55,5461,'Кагальник'),
 (55,1426,'Каменоломни'),
 (55,957,'Каменск-Шахтинский'),
 (55,4642,'Киселевское Сельское Поселение'),
 (55,5450,'Красный Крым'),
 (55,958,'Красный Сулин'),
 (55,2582,'Краснянка'),
 (55,3256,'Крым'),
 (55,1437,'Кулешовка'),
 (55,6153,'Лагутники'),
 (55,4358,'Ленинаван'),
 (55,5696,'Лозной'),
 (55,4979,'Маркин'),
 (55,4426,'Матвеев Курган'),
 (55,5573,'Маяковского'),
 (55,959,'Миллерово'),
 (55,6357,'Мокрый Батай'),
 (55,5752,'Морозов'),
 (55,960,'Морозовск'),
 (55,3881,'Новоалександровка'),
 (55,2749,'Новобатайск'),
 (55,961,'Новочеркасск'),
 (55,962,'Новошахтинск'),
 (55,6318,'Новощербаков'),
 (55,4392,'Овощной'),
 (55,3811,'Ольгинская'),
 (55,4508,'Орловский'),
 (55,4395,'Паршиков Хутор'),
 (55,3845,'Персиановский'),
 (55,1378,'Покровское(Ростов-на-Дону)'),
 (55,5191,'Приморка'),
 (55,963,'Пролетарск'),
 (55,4357,'Рассвет(Ростов-на-Дону)'),
 (55,3144,'Романовская'),
 (55,110,'Ростов-на-Дону'),
 (55,966,'Сальск'),
 (55,3813,'Самарское'),
 (55,4922,'Старая Станица'),
 (55,2156,'Старочеркасск'),
 (55,967,'Таганрог'),
 (55,3145,'Тацинская'),
 (55,5209,'Углеродовский'),
 (55,3378,'Хутор Ленина(Ростов-на-Дону)'),
 (55,968,'Цимлянск'),
 (55,2157,'Чалтырь'),
 (55,969,'Шахты'),
 (55,3146,'Шолоховская'),
 (55,3147,'Щепкин'),
 (55,4758,'Юго-Восточная промзона'),
 (55,488,'Янтарный(Ростов-на-Дону)'),
 (56,2957,'Агропустынь'),
 (56,1929,'Аладьино'),
 (56,1945,'Александро-Невский'),
 (56,3138,'Варские'),
 (56,6124,'Городище(Рязань)'),
 (56,4101,'Грачевка (Рязань)'),
 (56,3923,'Денежниково (Рязань)'),
 (56,1763,'Дивово'),
 (56,3815,'Дядьково (Рязань)'),
 (56,1928,'Елатьма'),
 (56,1936,'Ермишь'),
 (56,971,'Захарово'),
 (56,6176,'Зеленинские Дворики'),
 (56,1924,'Ибредь'),
 (56,4560,'Ижевское(Рязань)'),
 (56,1931,'Инякино'),
 (56,1938,'Кадом'),
 (56,972,'Касимов'),
 (56,5023,'Кирицы'),
 (56,5104,'Кисьва'),
 (56,973,'Кораблино'),
 (56,1944,'Милославское'),
 (56,974,'Михайлов'),
 (56,4787,'Мураевня'),
 (56,4563,'Мурмино'),
 (56,1925,'Новомичуринск'),
 (56,1926,'Новоселки'),
 (56,6258,'Окский(Рязанская обл.)'),
 (56,3981,'Октябрьский(Рязань)'),
 (56,1937,'Пителино'),
 (56,1933,'Побединка'),
 (56,5316,'Подвязье'),
 (56,4119,'Поляны(Рязань)'),
 (56,2639,'Приокский'),
 (56,1941,'Пронск'),
 (56,1942,'Путятино'),
 (56,975,'Рыбное (Рязань)'),
 (56,976,'Ряжск'),
 (56,970,'Рязань'),
 (56,1932,'Сапожок'),
 (56,1943,'Сараи'),
 (56,978,'Сасово'),
 (56,979,'Скопин'),
 (56,4578,'Солотча'),
 (56,1930,'Спас-Клепики'),
 (56,3006,'Спасск Рязанский'),
 (56,5946,'Старожилово'),
 (56,1935,'Стенькино'),
 (56,6130,'Тума'),
 (56,4872,'Турлатово'),
 (56,3985,'Успенское (Рязань)'),
 (56,4900,'Ухолово'),
 (56,2443,'Хирино'),
 (56,5470,'Хрущёво'),
 (56,4554,'Чернава'),
 (56,780,'Чулково (Рязань)'),
 (56,5105,'Чучково'),
 (56,1939,'Шацк'),
 (56,4640,'Шелемишевские хутора'),
 (56,1946,'Шилово (Рязань)'),
 (56,5806,'Электрик'),
 (58,4989,'Аверьяновский'),
 (58,5456,'Александровское поле'),
 (58,2656,'Алексеевка (Самара)'),
 (58,3154,'Балахоновка  '),
 (58,2657,'Безенчук'),
 (58,4288,'Белозерки'),
 (58,4062,'Береза(Самара)'),
 (58,4353,'Богатое'),
 (58,5969,'Большая Глушица'),
 (58,5699,'Большая Дергуновка'),
 (58,3315,'Большая Черниговка'),
 (58,4352,'Борское (Самара)'),
 (58,6186,'Варламово(Тольятти)'),
 (58,4129,'Васильевка (Тольятти)'),
 (58,3389,'Верхнее Санчелеево'),
 (58,2658,'Верхняя Подстепновка'),
 (58,3298,'Винтай'),
 (58,4669,'Волжский Утес'),
 (58,2270,'Волжский(Самара)'),
 (58,6088,'Воскресенка'),
 (58,5501,'Выселки(Тольятти)'),
 (58,2659,'Георгиевка'),
 (58,2660,'Дубовый Мед'),
 (58,5935,'Дубовый Умет'),
 (58,6411,'Дудачный(Волжский р-н)'),
 (58,5240,'Елховка'),
 (58,3300,'Жигулевск'),
 (58,3301,'Зеленовка'),
 (58,4354,'Ильмень'),
 (58,4277,'Исаклы'),
 (58,5138,'Калиновка(Самара)'),
 (58,5497,'Каменный Брод'),
 (58,5748,'Камышла'),
 (58,981,'Кинель'),
 (58,3183,'Кинельский'),
 (58,2743,'Кинель-Черкассы'),
 (58,4325,'Клявлино'),
 (58,3238,'Козелки'),
 (58,3250,'Козельковская'),
 (58,4379,'Кошки'),
 (58,1923,'Красная Глинка'),
 (58,4278,'Красноармейское(Самара)'),
 (58,6366,'Красносамарское'),
 (58,3073,'Красный Пахарь (Самара)'),
 (58,2268,'Красный Яр(Самара)'),
 (58,2662,'Кротовка'),
 (58,4279,'Кряж'),
 (58,3854,'Курумоч'),
 (58,4382,'Лопатино(Самара)'),
 (58,4319,'Луначарский'),
 (58,2563,'Мехзавод'),
 (58,2269,'Мирный(Самара)'),
 (58,5647,'Михеевка'),
 (58,2663,'Нефтегорск'),
 (58,3302,'Нижнее Санчелеево'),
 (58,982,'Новокуйбышевск'),
 (58,2430,'Новосемейкино'),
 (58,3303,'Октябрьск'),
 (58,984,'Отрадный'),
 (58,6174,'Переволоки'),
 (58,5215,'Пестравка'),
 (58,2543,'Петра-Дубрава'),
 (58,6337,'Печенино'),
 (58,4299,'Поволжский'),
 (58,3390,'Подстепки'),
 (58,985,'Похвистнево'),
 (58,3383,'Прибрежный (Самарская)'),
 (58,5241,'Приволжье'),
 (58,3986,'Привольный (Самара)'),
 (58,6288,'Приморский(Тольятти)'),
 (58,2664,'Просвет'),
 (58,2665,'Рощинский (Самара)'),
 (58,5984,'Рубежный'),
 (58,3385,'Русская Борковка'),
 (58,2741,'Садовый(Самара)'),
 (58,111,'Самара'),
 (58,4389,'Светлое Поле'),
 (58,2535,'Сергиевск'),
 (58,4355,'Серноводск(Самарская)'),
 (58,2417,'Смышляевка'),
 (58,4383,'Спутник(Самара)'),
 (58,6386,'Старое Юреево(Самара)'),
 (58,2667,'Стройкерамика'),
 (58,3936,'Стромилово'),
 (58,2668,'Сургут (Самара)'),
 (58,2669,'Суходол'),
 (58,3386,'Сызрань'),
 (58,2827,'Тимашево (Самара)'),
 (58,3387,'Тимофеевка (Тольятти)'),
 (58,4172,'Толевый'),
 (58,3382,'Тольятти'),
 (58,2717,'Управленческий'),
 (58,2670,'Усть-Кинельский'),
 (58,4760,'Хворостянка'),
 (58,3062,'Центральный (Самара)'),
 (58,990,'Чапаевск'),
 (58,4378,'Челно-Вершины'),
 (58,3974,'Черновский'),
 (58,4173,'Чкалова'),
 (58,3403,'Шентала'),
 (58,3928,'Шигоны'),
 (58,3388,'Ягодное'),
 (58,4454,'Яицкое'),
 (57,1042,'Пулково'),
 (57,112,'Санкт-Петербург'),
 (59,1953,'Александров Гай'),
 (59,5846,'Александровка(Саратовский р-н)'),
 (59,4912,'Анисовка'),
 (59,1070,'Аркадак'),
 (59,1952,'Аткарск'),
 (59,1954,'Базарный Карабулак'),
 (59,1071,'Балаково'),
 (59,2637,'Балтай'),
 (59,3020,'Бартоломей'),
 (59,6335,'Баскатовка'),
 (59,4774,'Березовка (Энгельский р-н)'),
 (59,5656,'Березовка-1(Петровский р-н)'),
 (59,5132,'Видим'),
 (59,1073,'Вольск'),
 (59,1955,'Воскресенское(Саратов)'),
 (59,4658,'Генеральское'),
 (59,1956,'Горный (Саратов)'),
 (59,5437,'Горяйновка'),
 (59,5496,'Гуселка'),
 (59,1957,'Дергачи(Саратов)'),
 (59,2929,'Дубки(Саратов)'),
 (59,1958,'Духовницкое'),
 (59,1971,'Екатериновка'),
 (59,1074,'Ершов'),
 (59,3926,'Жасминный'),
 (59,6200,'Золотая Степь'),
 (59,5838,'Золотое'),
 (59,5184,'Зональный (Саратов)'),
 (59,3120,'Зоринский'),
 (59,6358,'Ивановский'),
 (59,1972,'Ивантеевка(Саратов)'),
 (59,1075,'Калининск'),
 (59,5839,'Каменский'),
 (59,6006,'Карла Маркса'),
 (59,6343,'Квасниковка'),
 (59,3316,'Керамический'),
 (59,6510,'Ключи(Саратов)'),
 (59,1076,'Красноармейск(Саратов)'),
 (59,1077,'Красный Кут'),
 (59,4376,'Красный Октябрь(Саратов)'),
 (59,1078,'Красный Текстильщик'),
 (59,3816,'Красный Яр (Энгельс)'),
 (59,5845,'Курдюм (Саратовский р-н)'),
 (59,1959,'Лысые Горы'),
 (59,1960,'Маркс'),
 (59,6063,'Маянга'),
 (59,1961,'Мокроус'),
 (59,4375,'Мясокомбинат'),
 (59,5425,'Натальино'),
 (59,2426,'Новопушкинский'),
 (59,1079,'Новоузенск'),
 (59,1962,'Новые Бурасы'),
 (59,1407,'Озинки'),
 (59,6219,'Октябрьский Городок'),
 (59,1963,'Перелюб'),
 (59,1080,'Петровск'),
 (59,6502,'Пинеровка'),
 (59,1964,'Питерка'),
 (59,3121,'Подстепное'),
 (59,2614,'Поливановка'),
 (59,5478,'Прибрежный (Саратовская)'),
 (59,2887,'Приволжский(Саратов)'),
 (59,6068,'Пригородный(Саратов)'),
 (59,2909,'Пробуждение'),
 (59,1081,'Пугачев'),
 (59,2908,'Расково'),
 (59,5860,'Репное(Балашовский р-н)'),
 (59,1965,'Ровное'),
 (59,1966,'Романовка (Саратов)'),
 (59,5831,'Росташи'),
 (59,1082,'Ртищево'),
 (59,1967,'Самойловка'),
 (59,113,'Саратов'),
 (59,2751,'Светлый (Саратов)'),
 (59,2752,'Сенной (Саратов)'),
 (59,6242,'Советское(Саратов)'),
 (59,3927,'Соколовый'),
 (59,1968,'Степное'),
 (59,2966,'Сторожовка'),
 (59,4380,'Строитель(Саратов)'),
 (59,1969,'Татищево'),
 (59,5471,'Тепличный'),
 (59,1084,'Тепловка'),
 (59,1970,'Турки'),
 (59,2971,'Увек'),
 (59,5841,'Успенка(Пугачевский р-н)'),
 (59,5714,'Усть-Курдюм'),
 (59,1085,'Хвалынск'),
 (59,3220,'Чернавка'),
 (59,4287,'Шевыревка'),
 (59,2616,'Шиханы'),
 (59,4501,'Шумейка'),
 (59,1086,'Энгельс'),
 (59,3911,'Юриш'),
 (61,2608,'Анива'),
 (61,5756,'Дальнее'),
 (61,1280,'Долинск'),
 (61,6303,'Ключи(Ю.Сахалин)'),
 (61,1281,'Корсаков'),
 (61,5315,'Луговое(Ю.Сахалинск)'),
 (61,1282,'Невельск'),
 (61,5248,'Ново-Александровск(Ю.Сахалинск)'),
 (61,6154,'Ново-Троицкое'),
 (61,2345,'Озерск(Южно-Сахалинск)'),
 (61,6146,'Петропавловское(Ю.Сахалин)'),
 (61,2342,'Пригородное (Ю.Сахалинск)'),
 (61,2343,'Сокол(Южно-Сахалинск)'),
 (61,6336,'Соловьевка(Ю.Сахалин)'),
 (61,6011,'Троицкое(Ю.Сахалинск)'),
 (61,1284,'Холмск'),
 (61,5660,'Хомутово(Ю.Сахалинск)'),
 (61,127,'Южно-Сахалинск'),
 (62,3788,'Алапаевск'),
 (62,391,'Арамиль'),
 (62,392,'Асбест'),
 (62,393,'Белоярский (Екатеринбург)'),
 (62,394,'Березовский(Екатеринбург)'),
 (62,395,'Богданович'),
 (62,2754,'Большой Исток'),
 (62,398,'Верхняя Пышма'),
 (62,399,'Верхняя Салда'),
 (62,5793,'Горный Щит'),
 (62,400,'Двуреченск'),
 (62,401,'Дегтярск'),
 (62,83,'Екатеринбург'),
 (62,3374,'Залесье'),
 (62,1454,'Заречный(Екатеринбург)'),
 (62,403,'Каменск-Уральский'),
 (62,405,'Кировоград(Екатеринбург)'),
 (62,3100,'Кольцово (Екатеринбург)'),
 (62,5842,'Компрессорный (Ект)'),
 (62,4509,'Краснотурьинск'),
 (62,2671,'Лесной(Свердловская)'),
 (62,406,'Невьянск'),
 (62,407,'Нижние Серги'),
 (62,408,'Нижний Тагил'),
 (62,1854,'Нижняя Салда'),
 (62,409,'Новоуральск'),
 (62,410,'Первоуральск'),
 (62,411,'Полевской'),
 (62,412,'Ревда (Екатеринбург)'),
 (62,413,'Реж'),
 (62,6221,'Рефтинский (ЕКТ)'),
 (62,5843,'Садовый (Ект)'),
 (62,2836,'Серов'),
 (62,1916,'Среднеуральск'),
 (62,414,'Сухой Лог'),
 (62,415,'Сысерть'),
 (62,4031,'Шувакиш'),
 (63,309,'Алагир'),
 (63,310,'Ардон'),
 (63,2681,'Архонская'),
 (63,312,'Беслан'),
 (63,308,'Владикавказ'),
 (63,314,'Дигора'),
 (63,1337,'Заводской (Владикавказ)'),
 (63,2334,'Зкажево'),
 (63,2837,'Змейская'),
 (63,4416,'Михайловское(Владикавказ)'),
 (63,2332,'Моздок'),
 (63,2335,'Октябрьское (Владикавказ)'),
 (63,2330,'Прохладный'),
 (63,2331,'Чикола'),
 (64,5574,'Авторемзавод'),
 (64,6243,'Алтухово(Смоленск)'),
 (64,4404,'Бердники'),
 (64,4842,'Богородицкое'),
 (64,5330,'Вадино'),
 (64,4298,'Велиж'),
 (64,2326,'Верхнеднепровский'),
 (64,4724,'Вишенки'),
 (64,5333,'Вязгино'),
 (64,1088,'Вязьма'),
 (64,1089,'Гагарин'),
 (64,1090,'Глинка'),
 (64,4303,'Демидов'),
 (64,1719,'Десногорск'),
 (64,4632,'Дивасовское'),
 (64,2833,'Дорогобуж'),
 (64,4297,'Духовщина'),
 (64,2327,'Ельня'),
 (64,6246,'Ермаки(Смоленск)'),
 (64,5335,'Жуково (Смоленск)'),
 (64,6381,'Игоревская(Смоленск)'),
 (64,4631,'Капыревщина'),
 (64,5582,'Кардымово'),
 (64,2892,'Катынь'),
 (64,4238,'Красный'),
 (64,6012,'Красный Бор(Смоленск)'),
 (64,5678,'Маркатушино'),
 (64,3859,'Миловидово'),
 (64,3251,'Молокозавод'),
 (64,4843,'Монастырщина'),
 (64,2699,'Мулловка(Смоленск)'),
 (64,5294,'Новосельцы'),
 (64,3340,'Новые Батеки'),
 (64,5758,'Одинцово(Смоленск)'),
 (64,3379,'Озерный (Смоленск)'),
 (64,6198,'Ольша'),
 (64,2323,'Осетище'),
 (64,5609,'Павловка(Рославльский р-н)'),
 (64,2720,'Печерск'),
 (64,4794,'Починок'),
 (64,4296,'Пронино'),
 (64,1430,'Рославль'),
 (64,2328,'Рудня (Смоленск)'),
 (64,2325,'Сафоново(Смоленск)'),
 (64,5446,'Семлево'),
 (64,5445,'Сметанино(Смоленская)'),
 (64,1087,'Смоленск'),
 (64,5253,'Стабна'),
 (64,6149,'Стодолище'),
 (64,2329,'Сычевка'),
 (64,4914,'Талашкино'),
 (64,2895,'Тихвинка'),
 (64,4847,'Угра'),
 (64,4915,'Фленово'),
 (64,3810,'Хиславичи'),
 (64,6148,'Хохлово(Смоленск)'),
 (64,6236,'Цыбульники'),
 (64,5254,'Шаламино'),
 (64,5423,'Шаталово'),
 (64,6328,'Шумячи'),
 (64,1420,'Ярцево'),
 (64,5230,'Ясенная'),
 (65,1093,'Александровское'),
 (65,3052,'Анджиевский'),
 (65,4505,'Архангельское(Ставрополь)'),
 (65,1094,'Безопасное'),
 (65,1095,'Благодарный'),
 (65,3015,'Бройлерный'),
 (65,1096,'Буденновск'),
 (65,3158,'Верхнерусское'),
 (65,1727,'Винсады'),
 (65,2497,'Вязники (Ставрополь)'),
 (65,1097,'Георгиевск'),
 (65,2970,'Георгиевская'),
 (65,3295,'Горячеводск'),
 (65,1098,'Грачевка (Ставрополь)'),
 (65,5506,'Демино'),
 (65,1100,'Донское (Ставрополь)'),
 (65,1101,'Ессентуки'),
 (65,3784,'Ессентукская'),
 (65,1102,'Железноводск'),
 (65,1103,'Зеленокумск'),
 (65,3946,'Ивановское (Ставрополь)'),
 (65,1104,'Изобильный'),
 (65,1421,'Иноземцево'),
 (65,1105,'Ипатово'),
 (65,3848,'Казьминское'),
 (65,1106,'Кисловодск'),
 (65,2319,'Комсомолец (Ставрополь)'),
 (65,1108,'Кочубеевское'),
 (65,1109,'Красногвардейское(Ставрополь)'),
 (65,1453,'Краснокумское'),
 (65,3155,'Красный Пахарь (Ставрополь)'),
 (65,1110,'Курсавка'),
 (65,1111,'Курская'),
 (65,2930,'Левокумское'),
 (65,1112,'Лермонтов'),
 (65,1113,'Летняя Ставка'),
 (65,1114,'Минеральные Воды'),
 (65,3003,'Мирный (Ставрополь)'),
 (65,1115,'Михайловск(Ставрополь)'),
 (65,3058,'Мокрая Буйвола'),
 (65,3368,'Надежда'),
 (65,540,'Невинномысск'),
 (65,2873,'Незлобная'),
 (65,3128,'Нефтекачка (Ставрополь)'),
 (65,1116,'Нефтекумск'),
 (65,1118,'Новоалександровск (Ставрополь)'),
 (65,1119,'Новопавловск'),
 (65,1120,'Новоселицкое'),
 (65,1121,'Новотерский'),
 (65,2486,'Новотроицкая'),
 (65,3804,'Новый (Ставрополь)'),
 (65,3258,'Первомайский (Ставрополь)'),
 (65,3203,'Покойное'),
 (65,4079,'Прасковея'),
 (65,3074,'Прикумское'),
 (65,6058,'Прогресс(Ставрополь)'),
 (65,1122,'Пятигорск'),
 (65,2933,'Пятигорский'),
 (65,3380,'Рыздвянный'),
 (65,3014,'Садовый (Ставрополь)'),
 (65,1123,'Светлоград'),
 (65,6307,'Свободы'),
 (65,2322,'Солдато-Александровское'),
 (65,1124,'Солнечнодольск'),
 (65,2321,'Солуно-Дмитриевское'),
 (65,1092,'Ставрополь'),
 (65,3060,'Староизобильная'),
 (65,3395,'Старомарьевское'),
 (65,4070,'Старопавловская'),
 (65,3198,'Татарка'),
 (65,3829,'Терек'),
 (65,4980,'Терский'),
 (65,2907,'Ульяновка(Ставрополь)'),
 (65,2826,'Энергетик (Ставрополь)'),
 (66,4132,'Георгиевский'),
 (66,5760,'Заворонежское'),
 (66,5269,'Зеленый Гай (Мичуринский р-н)'),
 (66,4140,'Знаменка (Тамбов)'),
 (66,4141,'Кирсанов'),
 (66,4142,'Комсомолец(Тамбов)'),
 (66,4143,'Котовск'),
 (66,4671,'Красненькая'),
 (66,4144,'Мичуринск'),
 (66,4145,'Моршанск'),
 (66,4151,'Новоникольское (Тамбов)'),
 (66,4147,'Первомайский (Тамбов)'),
 (66,5651,'Покрово-Пригородное'),
 (66,4148,'Рассказово'),
 (66,4869,'Стрельцы'),
 (66,4149,'Строитель (Тамбов)'),
 (66,4139,'Тамбов'),
 (66,4134,'Турмасово'),
 (66,4150,'Уварово'),
 (67,2834,'Агрыз'),
 (67,2739,'Азнакаево'),
 (67,5201,'Актюба(Татарстан)'),
 (67,6181,'Алабуга'),
 (67,452,'Альметьевск'),
 (67,453,'Арск'),
 (67,5975,'Бавлы'),
 (67,2862,'Бетьки'),
 (67,5195,'Бехтерево(Елабужский р-н)'),
 (67,4318,'Биек Тау'),
 (67,4182,'Биклянь'),
 (67,2905,'Большая Шильна'),
 (67,1363,'Бугульма'),
 (67,1499,'Буинск'),
 (67,2746,'Васильево'),
 (67,5815,'Верхний Акташ'),
 (67,5828,'Верхняя Мактама'),
 (67,2697,'Высокая Гора'),
 (67,5826,'Габдрахманово'),
 (67,3311,'ГЭС'),
 (67,3069,'Дербышки'),
 (67,2830,'Джалиль'),
 (67,454,'Елабуга'),
 (67,455,'Заинск'),
 (67,2540,'Затон им. Куйбышева'),
 (67,1703,'Зеленодольск'),
 (67,3819,'Зяб'),
 (67,4312,'Индивидуальный'),
 (67,5272,'Индустриальный (Нижнекамск)'),
 (67,5813,'Иркен'),
 (67,86,'Казань'),
 (67,5814,'Калейкино'),
 (67,4241,'Кама'),
 (67,5824,'Кама-Исмагилово'),
 (67,3059,'Камское Устье'),
 (67,457,'Карабаш'),
 (67,3117,'Киндери'),
 (67,5821,'Кичуй'),
 (67,5822,'Кичучатово'),
 (67,5554,'Ключи(Нижнекамск)'),
 (67,4929,'Комсомолец(Нижнекамск)'),
 (67,4208,'Константиновка(Казань)'),
 (67,4105,'Кощаково'),
 (67,4184,'Красный ключ'),
 (67,3910,'Круглое поле'),
 (67,458,'Кукмор'),
 (67,5577,'Кульшарипово'),
 (67,3066,'Куркачи'),
 (67,6038,'Левченко пгт'),
 (67,1537,'Лениногорск'),
 (67,2904,'Малая Шильна'),
 (67,3239,'Малые Клыки'),
 (67,3261,'Международный Аэропорт'),
 (67,1547,'Менделеевск'),
 (67,5812,'Минибаево(Альметьевск)'),
 (67,811,'Набережные Челны'),
 (67,2689,'Нагорный(Нижнекамск)'),
 (67,4729,'Нефтебаза(Нижнекамск)'),
 (67,97,'Нижнекамск'),
 (67,6180,'Нижний Бъеф'),
 (67,4073,'Нижний Суык-Су'),
 (67,3895,'Нижняя Мактама'),
 (67,5810,'Новое Маврино'),
 (67,5823,'Новое Надырово'),
 (67,4845,'Новониколаевский(Казань)'),
 (67,6422,'Новые Ерыклы'),
 (67,3129,'Новый(Нижнекамск)'),
 (67,1371,'Нурлат'),
 (67,5732,'Ореховка'),
 (67,4187,'Орловка(Нижнекамск)'),
 (67,3067,'Пестрецы'),
 (67,3796,'Петровский(Казань)'),
 (67,5817,'Поташная поляна'),
 (67,5816,'Русский Акташ'),
 (67,3269,'Самосырово'),
 (67,5819,'Светлое Озеро'),
 (67,3097,'Сидоровка'),
 (67,5825,'Старая Письмянка'),
 (67,5811,'Старое Маврино'),
 (67,3024,'Старые Ерыклы'),
 (67,2698,'Столбище'),
 (67,4074,'Строителей(Нижнекамск)'),
 (67,5827,'Тайсуганово'),
 (67,461,'Тетюши'),
 (67,3920,'Техснаб'),
 (67,3233,'Тимяшево'),
 (67,3975,'Тихоновка'),
 (67,5706,'Туктар'),
 (67,6171,'Урсала'),
 (67,5976,'Уруссу'),
 (67,3068,'Усады (В.Гора)'),
 (67,2696,'Усады (Лаишево)'),
 (67,5818,'Федотово(Татарстан)'),
 (67,462,'Чистополь'),
 (67,4181,'Элеваторная Гора'),
 (67,6018,'Ютазы'),
 (67,5820,'Ямаш'),
 (68,4637,'Аввакумово'),
 (68,4524,'Андреаполь'),
 (68,4283,'Андрейково'),
 (68,1492,'Бежецк'),
 (68,6129,'Березайка'),
 (68,4302,'Бологое'),
 (68,2798,'Большие Борки'),
 (68,3040,'Большие Перемерки'),
 (68,4323,'Боровлево'),
 (68,4381,'Бурашево'),
 (68,4519,'Власьево'),
 (68,4736,'Выползово'),
 (68,1503,'Вышний Волочек'),
 (68,4944,'Дмитрова Гора'),
 (68,6046,'ДРСУ-2'),
 (68,4520,'Дубровки'),
 (68,2948,'Заволжское (Тверь)'),
 (68,5494,'Змеево'),
 (68,5262,'Изоплит'),
 (68,2012,'Калашниково'),
 (68,1516,'Калязин'),
 (68,4755,'Карачарово'),
 (68,1518,'Кашин'),
 (68,674,'Кимры'),
 (68,682,'Конаково'),
 (68,2628,'Кувшиново (Тверь)'),
 (68,4371,'Литвинки'),
 (68,1541,'Лихославль'),
 (68,6192,'Луговая(Тверь)'),
 (68,2013,'Максатиха'),
 (68,5624,'Медное'),
 (68,1534,'Нелидово(Тверь)'),
 (68,3201,'Новозавидовский'),
 (68,1545,'Осташков'),
 (68,3304,'Редкино'),
 (68,1382,'Ржев'),
 (68,4920,'Садыково'),
 (68,3399,'Сахарово'),
 (68,2017,'Селижарово'),
 (68,1560,'Старица'),
 (68,762,'Тверь'),
 (68,1562,'Торжок'),
 (68,1564,'Удомля'),
 (68,4324,'Химнститут'),
 (68,2870,'Чуприяновка'),
 (68,4615,'Шоша'),
 (68,6195,'Элеватор'),
 (68,4322,'Эммаус'),
 (69,1134,'Асино'),
 (69,6286,'Аэропорт(Томский р-н)'),
 (69,3071,'Богашево'),
 (69,3122,'Дзержинское(Томск)'),
 (69,5256,'Зональная станция'),
 (69,3163,'Зональный (Томск)'),
 (69,4822,'Зоркальцево'),
 (69,4499,'Калтай'),
 (69,2485,'Каргасок'),
 (69,3170,'Кедровый (Томск)'),
 (69,4812,'Ключи (Томск)'),
 (69,1135,'Колпашево'),
 (69,2799,'Кузьминка(Томск)'),
 (69,5564,'Лоскутово'),
 (69,3171,'Парабель'),
 (69,1136,'Предтеченск'),
 (69,1471,'Самусь'),
 (69,1338,'Светлый(Томск)'),
 (69,136,'Северск (Томск)'),
 (69,2794,'Сосновый Бор (Томск)'),
 (69,1139,'Стрежевой'),
 (69,1834,'Тимирязевское (Томск)'),
 (69,116,'Томск'),
 (70,1141,'Алексин'),
 (70,2256,'Арсеньево'),
 (70,2262,'Архангельское(Тула)'),
 (70,2679,'Барсуки'),
 (70,2801,'Бегичевский'),
 (70,1142,'Белев'),
 (70,1143,'Богородицк'),
 (70,1144,'Болохово'),
 (70,6471,'Большие Плоты'),
 (70,4559,'Большое Колодезное'),
 (70,4556,'Ботщевое'),
 (70,6470,'Варваровка'),
 (70,4348,'Велегож'),
 (70,1145,'Венев'),
 (70,2259,'Волово'),
 (70,5091,'Воскресенское (Дубенский р-н)'),
 (70,4649,'Глушанки'),
 (70,2521,'Горелки'),
 (70,5837,'Грицовский'),
 (70,1146,'Донской(Тула)'),
 (70,2254,'Дубна(Тула)'),
 (70,4394,'Дубовка(Тула)'),
 (70,1147,'Ефремов'),
 (70,2263,'Заокский'),
 (70,4349,'Ильинка(Тула)'),
 (70,4988,'Иншинский'),
 (70,3180,'Кабицыно(Тула)'),
 (70,1904,'Карамышево(Тула)'),
 (70,4346,'Карпово'),
 (70,4732,'Кашира-8'),
 (70,1148,'Кимовск'),
 (70,1149,'Киреевск'),
 (70,4393,'Косая гора');
INSERT INTO `optica100`.`City` VALUES  (70,4968,'Краинка'),
 (70,4807,'Красный Яр(Тула)'),
 (70,5234,'Кураково'),
 (70,2260,'Куркино'),
 (70,5438,'Лазарево'),
 (70,1150,'Ленинский'),
 (70,1151,'Липки'),
 (70,2722,'Лихвинка'),
 (70,1152,'Ломинцево'),
 (70,4345,'Лужковский'),
 (70,4806,'Малиновка'),
 (70,4790,'Маслово'),
 (70,5973,'Машковичи'),
 (70,6168,'Медвенка(Тула)'),
 (70,1153,'Менделеевский'),
 (70,2811,'Метростроевкий'),
 (70,2906,'Молодежный(Тула)'),
 (70,4342,'Новогуровский'),
 (70,1154,'Новомосковск (Тула)'),
 (70,5251,'Новооктябрьский'),
 (70,4343,'Новоугольный'),
 (70,2650,'Обидимо'),
 (70,2255,'Одоев'),
 (70,5116,'Октябрьский (Плавский р-н)'),
 (70,1761,'Октябрьский(Ленинский р-н)'),
 (70,5435,'Осиновая гора'),
 (70,5468,'Павлово(Алексинский р-н)'),
 (70,1155,'Первомайский(Тула)'),
 (70,3194,'Петелино'),
 (70,2733,'Петровский(Тула)'),
 (70,1156,'Плавск'),
 (70,6416,'Плеханово(Тула)'),
 (70,4347,'Поповка'),
 (70,2721,'Прудное'),
 (70,5887,'Рассвет(Тула)'),
 (70,2673,'Ревякино'),
 (70,5443,'Рудаково'),
 (70,2424,'Северозадонск'),
 (70,5264,'Скуратово'),
 (70,6310,'Слободка'),
 (70,1157,'Советск(Тула)'),
 (70,4341,'Спартак(Тульская)'),
 (70,6266,'Спасское(Новомосковский р-н)'),
 (70,6501,'Стахановский'),
 (70,1158,'Суворов'),
 (70,6426,'Судаково'),
 (70,5836,'Суходол(Тула)'),
 (70,2258,'Теплое'),
 (70,2944,'Товарково (Тула)'),
 (70,2800,'Товарковский'),
 (70,117,'Тула'),
 (70,1160,'Узловая'),
 (70,4811,'Федоровка (Ленинский р-н)'),
 (70,3196,'Хомяково'),
 (70,4344,'Черепеть'),
 (70,2257,'Чернь'),
 (70,6184,'Чернятино'),
 (70,6155,'Шатск'),
 (70,6507,'Шварцевский'),
 (70,1161,'Щекино'),
 (70,4586,'Южный(Тула)'),
 (70,6283,'Яблонево'),
 (70,1162,'Ясная Поляна'),
 (70,1163,'Ясногорск(Тула)'),
 (71,583,'Кызыл'),
 (72,1164,'Антипино'),
 (72,1951,'Богандинский'),
 (72,1166,'Боровский'),
 (72,5141,'Вагай (Вагайский р-н)'),
 (72,4467,'Вагай (Омутинский р-н)'),
 (72,3019,'Верхний Бор'),
 (72,1950,'Винзили'),
 (72,1167,'Войновка'),
 (72,3274,'Гилево'),
 (72,2782,'Голышманово'),
 (72,5805,'Горьковка'),
 (72,3276,'Ембаево'),
 (72,1168,'Заводоуковск'),
 (72,5083,'Исетский'),
 (72,3041,'Ишим'),
 (72,5572,'Каменка(Тюмень)'),
 (72,1949,'Каскара'),
 (72,5082,'Криводаново'),
 (72,4670,'Лебедевка'),
 (72,6420,'Луговое(Тюмень)'),
 (72,2783,'Мальково'),
 (72,1169,'Матмасы'),
 (72,1171,'Мелиораторов'),
 (72,1170,'Метелево'),
 (72,1172,'Московский(Тюмень)'),
 (72,4249,'Нижняя Тавда'),
 (72,1948,'Онохино'),
 (72,3021,'Патрушево'),
 (72,3148,'Перевалово'),
 (72,1173,'Плеханово (Тюмень)'),
 (72,1174,'Рощино(Тюмень)'),
 (72,6316,'Ситниково'),
 (72,5084,'Солобоево'),
 (72,1747,'Сумкино'),
 (72,6450,'Таежный(ХМАО)'),
 (72,1717,'Тараскуль'),
 (72,1175,'Тарманы'),
 (72,1176,'Тобольск'),
 (72,6250,'Тураево(Тюмень)'),
 (72,4957,'Туртас'),
 (72,118,'Тюмень'),
 (72,2916,'Упорово'),
 (72,4289,'Успенка (Тюмень)'),
 (72,5949,'Устье Аха'),
 (72,5804,'Утяшево'),
 (72,1947,'Червишево'),
 (72,4859,'Чикча'),
 (72,1178,'Ялуторовск'),
 (72,5214,'Яр(Тюмень)'),
 (72,5803,'Ярково (Тюменская)'),
 (73,1392,'Алнаши'),
 (73,2374,'Балезино'),
 (73,2585,'Березка'),
 (73,2375,'Вавож'),
 (73,434,'Воткинск'),
 (73,435,'Глазов'),
 (73,2376,'Грахово'),
 (73,2377,'Дебесы'),
 (73,1985,'Елово'),
 (73,436,'Завьялово (Ижевск)'),
 (73,437,'Игра'),
 (73,84,'Ижевск'),
 (73,2881,'Италмас'),
 (73,2378,'Каракулино'),
 (73,2379,'Кез'),
 (73,440,'Кизнер'),
 (73,2380,'Киясово'),
 (73,2383,'Красногорское(Ижевск)'),
 (73,441,'Малая Пурга'),
 (73,442,'Можга'),
 (73,2532,'Октябрьский (Ижевск)'),
 (73,3953,'Первомайский(Ижевск)'),
 (73,443,'Сарапул'),
 (73,444,'Смирново'),
 (73,445,'Сюмси'),
 (73,446,'Ува'),
 (73,2533,'Факел'),
 (73,2792,'Хохряки'),
 (73,3342,'Шунды'),
 (73,2385,'Якшур-Бодья'),
 (74,2762,'Базарный Сызган'),
 (74,2740,'Барыш'),
 (74,2804,'Белый Ключ'),
 (74,3324,'Большие Ключищи'),
 (74,2763,'Большое Нагаткино'),
 (74,2745,'Вешкайма'),
 (74,1180,'Димитровград'),
 (74,3855,'Ерыклинск'),
 (74,6239,'Зеленая роща(Ульяновск)'),
 (74,5550,'Ивановка(Ульяновская)'),
 (74,2600,'Инза'),
 (74,2764,'Ишеевка'),
 (74,4591,'Канадей'),
 (74,5318,'Карамзина'),
 (74,5305,'Каранино(Сенгилеевский р-н)'),
 (74,3130,'Карлинское'),
 (74,2765,'Карсун'),
 (74,2937,'Красный Гуляй'),
 (74,4848,'Крестово-Городище'),
 (74,3402,'Криуши'),
 (74,2766,'Кузоватово'),
 (74,2767,'Майна'),
 (74,6488,'Малое Нагаткино'),
 (74,3195,'Мирный (Ульяновск)'),
 (74,4304,'Мулловка (Мелекесский р-н)'),
 (74,3977,'Нагорный (Ульяновск)'),
 (74,1726,'Николаевка(Ульяновск)'),
 (74,2633,'Новая Майна'),
 (74,2768,'Новая Малыкла'),
 (74,1724,'Новоспасское'),
 (74,1740,'Новоульяновск'),
 (74,2522,'Октябрьский (Ульяновск)'),
 (74,2769,'Павловка (Ульяновская)'),
 (74,2965,'Полдомасово'),
 (74,2770,'Радищево'),
 (74,2772,'Сенгилей'),
 (74,4935,'Силикатный'),
 (74,4507,'Средняя Якушка'),
 (74,2773,'Старая Кулатка'),
 (74,5159,'Старая Кулатка1'),
 (74,2774,'Старая Майна'),
 (74,2775,'Старая Малыкла'),
 (74,3323,'Старотимошкино'),
 (74,2776,'Сурское'),
 (74,2777,'Тереньга'),
 (74,4273,'Тимирязевское (Ульяновск)'),
 (74,119,'Ульяновск'),
 (74,1458,'Ундоры'),
 (74,2586,'Цильна'),
 (74,2778,'Чердаклы'),
 (74,2779,'Чуфарово Вешкаймск'),
 (74,5996,'Языково(Ульяновск)'),
 (74,2968,'Ясашная Ташла'),
 (76,1439,'Амурск'),
 (76,245,'Белогорск'),
 (76,1324,'Березовка (Хабаровск)'),
 (76,1493,'Бикин'),
 (76,1199,'Бычиха'),
 (76,1746,'Ванино'),
 (76,1743,'Виноградовка'),
 (76,1201,'Восточное'),
 (76,1505,'Вяземский'),
 (76,2878,'Заветы Ильича (Хабаровск)'),
 (76,1203,'Князе-Волконское'),
 (76,92,'Комсомольск-на-Амуре'),
 (76,1205,'Корфовский'),
 (76,3134,'Краснореченское'),
 (76,1422,'Матвеевка(Хабаровск)'),
 (76,4513,'Многовершинный'),
 (76,5255,'Некрасовка (Хабаровск)'),
 (76,1206,'Николаевка(Хабаровск)'),
 (76,2598,'Николаевск-на-Амуре'),
 (76,1207,'Переяславка'),
 (76,1208,'Приамурский'),
 (76,3894,'Ракитное(Хабаровск)'),
 (76,1209,'Сергеевка'),
 (76,3131,'Скворцово'),
 (76,1559,'Советская гавань'),
 (76,1379,'Солнечный(Хабаровск)'),
 (76,1210,'Тополево'),
 (76,1450,'Троицкое(Хабаровск)'),
 (76,122,'Хабаровск'),
 (76,3028,'Хор'),
 (76,2588,'Чегдомын'),
 (77,1438,'Абакан'),
 (77,2593,'Белый Яр (Абакан)'),
 (77,3411,'Калинино(Абакан)'),
 (77,144,'Саяногорск'),
 (77,2924,'Таштып'),
 (77,2841,'Усть-Абакан'),
 (77,2920,'Черемушки'),
 (77,1364,'Черногорск'),
 (77,3831,'Шира'),
 (78,6079,'Алябьевский'),
 (78,3245,'Белоярский (ХМАО)'),
 (78,1213,'Белый Яр (Нефтеюганск)'),
 (78,2793,'Высокий'),
 (78,6284,'ГПЗ'),
 (78,1774,'Звездный(Сургут)'),
 (78,2389,'Излучинск'),
 (78,1215,'Каркатеевский'),
 (78,2577,'Кедровый (Нефтеюганск)'),
 (78,1216,'Когалым'),
 (78,5861,'Коммунистический(ХМАО)'),
 (78,1217,'Лангепас'),
 (78,3025,'Лянтор'),
 (78,1218,'Мегион'),
 (78,5980,'Междуреченский'),
 (78,95,'Нефтеюганск'),
 (78,96,'Нижневартовск'),
 (78,1219,'Нюрес'),
 (78,2785,'Нягань'),
 (78,5495,'Островной(ХМАО)'),
 (78,3991,'Пионерский(Нефтеюганск)'),
 (78,1220,'Пойковский'),
 (78,3803,'Приобье'),
 (78,1221,'Пыть-Ях'),
 (78,2589,'Радужный(Нижневартовск)'),
 (78,3023,'Савкино'),
 (78,1222,'Салым'),
 (78,1223,'Сентябрьский'),
 (78,5854,'Сергино(ХМАО)'),
 (78,1224,'Сингапай'),
 (78,5703,'Снежный(ХМАО)'),
 (78,2787,'Советский (ХМАО)'),
 (78,2613,'Солнечный (Нефтеюганск)'),
 (78,3267,'Солнечный (Нижневартовск)'),
 (78,1127,'Сургут (Нефтеюганск)'),
 (78,3897,'Талинка'),
 (78,5628,'Унъюган'),
 (78,4537,'Унь-Ягун'),
 (78,5852,'Урай'),
 (78,1225,'Усть-Юган'),
 (78,2839,'Федоровский'),
 (78,6173,'Финский'),
 (78,123,'Ханты-Мансийск'),
 (78,1227,'Чеускино'),
 (78,6037,'Юганская Обь'),
 (78,2786,'Югорск'),
 (79,4002,'Агаповка'),
 (79,4242,'Аша'),
 (79,2861,'Береговой(Челябинская область)'),
 (79,5183,'Березовка (Челябинск)'),
 (79,4069,'Бугристое'),
 (79,4004,'Буранный'),
 (79,4270,'Варна'),
 (79,4009,'Верхнеуральск'),
 (79,4260,'Верхний Уфалей'),
 (79,2812,'Вишневогорск'),
 (79,3270,'Долгодеревенское'),
 (79,2938,'Еманжелинск'),
 (79,3400,'Есаульский'),
 (79,1248,'Златоуст'),
 (79,2484,'Карталы'),
 (79,2675,'Касли'),
 (79,3010,'Катав-Ивановск'),
 (79,4791,'Кварцитный карьер'),
 (79,3999,'Кизильское'),
 (79,4007,'Кирса'),
 (79,1252,'Копейск'),
 (79,1253,'Коркино'),
 (79,1254,'Кыштым'),
 (79,4174,'Локомотивный'),
 (79,601,'Магнитогорск'),
 (79,2857,'Мелькомбинат'),
 (79,1255,'Миасс'),
 (79,5247,'Новогорный'),
 (79,3293,'Новосинеглазово'),
 (79,3118,'Новый Кременкуль'),
 (79,4243,'Нязепетровск'),
 (79,2595,'Озерск (Челябинск)'),
 (79,2896,'Октябрьский (Челябинск)'),
 (79,4005,'Париж'),
 (79,5216,'Первомайский(Челябинск)'),
 (79,4470,'Роза'),
 (79,2680,'Рощино (Челябинск)'),
 (79,2742,'Сатка'),
 (79,4240,'Сим'),
 (79,4455,'Синеглазово'),
 (79,4275,'Смеловский'),
 (79,3127,'Смолино (Челябинск)'),
 (79,1262,'Снежинск'),
 (79,4001,'Субутак'),
 (79,6365,'Тимирязевский(Чебаркульский р-н)'),
 (79,5089,'Травники'),
 (79,2487,'Трехгорный'),
 (79,2427,'Троицк (Челябинск)'),
 (79,3101,'Тургояк'),
 (79,4077,'Увельский'),
 (79,3176,'Федоровка (Челябинск)'),
 (79,4006,'Фершампенуаз'),
 (79,4494,'Чввакуш'),
 (79,1269,'Чебаркуль'),
 (79,125,'Челябинск'),
 (79,1271,'Шершни'),
 (79,1272,'Южноуральск'),
 (80,4155,'Аргун'),
 (80,4156,'Ачхой-Мартан'),
 (80,4157,'Ведено'),
 (80,4154,'Грозный'),
 (80,4158,'Гудермес'),
 (80,4159,'Знаменское (Грозный)'),
 (80,4160,'Наур'),
 (80,4161,'Ножай-Юрт'),
 (80,5710,'Серноводск(Чеченская)'),
 (80,4162,'Урус-Мартан'),
 (80,5990,'Центорой(Курчалоевский р-н)'),
 (80,4163,'Шали'),
 (80,4164,'Шатой'),
 (80,4165,'Шелковская'),
 (82,5862,'Азаново (Медведевский р-н)'),
 (82,1228,'Алатырь'),
 (82,2734,'Аликово'),
 (82,4757,'Альгешево'),
 (82,5224,'Атлашево'),
 (82,1229,'Батырево'),
 (82,3846,'Большие Карачуры'),
 (82,3009,'Большие Катраси'),
 (82,4434,'Восточный(Чебоксары)'),
 (82,1231,'Вурнары'),
 (82,2735,'Ибреси'),
 (82,2731,'Ишлеи'),
 (82,1234,'Канаш'),
 (82,4802,'Карамышево(Чебоксары)'),
 (82,1235,'Козловка'),
 (82,1237,'Комсомольское'),
 (82,4990,'Красноармейское(Чебоксары)'),
 (82,2736,'Красные Четаи'),
 (82,2866,'Кугеси'),
 (82,1238,'Мариинский Посад'),
 (82,2648,'Моргауши'),
 (82,1239,'Новочебоксарск'),
 (82,1479,'Новые Лапсары'),
 (82,1240,'Порецкое'),
 (82,3096,'Приволжский(Чебоксары)'),
 (82,3184,'Семеновка (Чебоксары)'),
 (82,5295,'Синьялы'),
 (82,6367,'Стрелецкая'),
 (82,5231,'Сюктерка'),
 (82,5275,'Тарханы(Батыревский р-н)'),
 (82,6110,'Урмары'),
 (82,5310,'Хыркасы'),
 (82,1241,'Цивильск'),
 (82,124,'Чебоксары'),
 (82,5578,'Чемурша'),
 (82,5785,'Чуварлеи'),
 (82,5491,'Чурачики'),
 (82,2737,'Шемурша'),
 (82,1243,'Шумерля'),
 (82,1244,'Ядрин'),
 (82,6294,'Яльчики'),
 (82,5874,'Яманаки(Марий Эл)'),
 (82,2738,'Янтиково'),
 (60,2202,'Алдан'),
 (60,5063,'Борогонцы'),
 (60,2429,'Жатай'),
 (60,2200,'Ленск'),
 (60,5217,'Маган'),
 (60,4437,'Марха (Р. Саха)'),
 (60,1342,'Мирный (Якутск)'),
 (60,810,'Нерюнгри'),
 (60,2295,'Серебряный Бор'),
 (60,5237,'Табага'),
 (60,1290,'Чульман'),
 (60,128,'Якутск'),
 (84,6438,'Аксарка(Приуральский р-н)'),
 (84,3213,'Губкинский'),
 (84,2394,'Коротчаево'),
 (84,1781,'Лабытнанги'),
 (84,3280,'Лембей'),
 (84,2393,'Лимбяяха'),
 (84,3212,'Муравленко'),
 (84,2632,'Надым'),
 (84,101,'Новый Уренгой'),
 (84,853,'Ноябрьск'),
 (84,3211,'Пуровск'),
 (84,3835,'Пурпе'),
 (84,1354,'Салехард (до 10 кг)'),
 (84,2422,'Тазовский'),
 (84,3253,'Тарко-Сале'),
 (84,2420,'Уренгой'),
 (84,4153,'Харп'),
 (84,4706,'Яр-Сале'),
 (85,6187,'База Раздолье'),
 (85,3288,'Большие Соли'),
 (85,1296,'Гаврилов Ям'),
 (85,1297,'Данилов'),
 (85,5467,'Ермаково (Рыбинский р-н)'),
 (85,5759,'Иваново(Ростовский р-н)'),
 (85,3291,'Карачиха'),
 (85,3109,'Каскада'),
 (85,6167,'Козлово(Ростовский р-н)'),
 (85,3372,'Константиновский'),
 (85,1298,'Красные Ткачи'),
 (85,3992,'Красный Бор (Ярославль)'),
 (85,6466,'Кстово(Ярославль)'),
 (85,2566,'Кузнечиха(Ярославль)'),
 (85,3290,'Левашово(Ярославль)'),
 (85,1299,'Любим'),
 (85,3287,'Малые Соли'),
 (85,3108,'Нагорный (Ярославль)'),
 (85,3289,'Некрасовское'),
 (85,3996,'Нефтебаза(Ярославль)'),
 (85,3107,'Новое'),
 (85,4459,'Новоярославская'),
 (85,4633,'Октябрьский(Ярославль)'),
 (85,1302,'Переславль-Залесский'),
 (85,4735,'Петровское(Ярославль)'),
 (85,6045,'Поречье-Рыбное'),
 (85,1304,'Ростов (Ярославский)'),
 (85,1305,'Рыбинск'),
 (85,5464,'Селефонтово'),
 (85,2536,'Семибратово'),
 (85,1307,'Тутаев правобережный'),
 (85,1308,'Углич'),
 (85,6465,'Шлюз'),
 (85,2529,'Щедрино'),
 (85,1292,'Ярославль'),
 (7,5243,'8 марта(Уфа)'),
 (7,2972,'Абзаково'),
 (7,1463,'Авдон'),
 (7,2291,'Агидель'),
 (7,2973,'Аксаково'),
 (7,2974,'Аксеново'),
 (7,6065,'Алексеевка(Уфа)'),
 (7,2283,'Алкино'),
 (7,2975,'Амзя'),
 (7,4003,'Аскарово'),
 (7,2288,'Аскино'),
 (7,1814,'Баймак'),
 (7,1181,'Белебей'),
 (7,1182,'Белорецк'),
 (7,1183,'Бирск'),
 (7,1184,'Благовещенск(Уфа)'),
 (7,4576,'Большеустьикинское'),
 (7,4569,'Буздяк'),
 (7,4351,'Булгаково'),
 (7,4252,'Бураево'),
 (7,2976,'Бурибай'),
 (7,3277,'Вавилово'),
 (7,4557,'Верхне Яркеево'),
 (7,4568,'Верхние Киги'),
 (7,2977,'Верхний Авзян'),
 (7,2978,'Воскресное'),
 (7,3837,'Восточный (Уфа)'),
 (7,3844,'Геофизиков(Уфимский р-н)'),
 (7,1185,'Давлеканово'),
 (7,6293,'Дадановка(Уфа)'),
 (7,4531,'Дмитриевка (Уфа)'),
 (7,1186,'Дюртюли'),
 (7,3838,'Ермекеево'),
 (7,2979,'Ермолаево'),
 (7,5244,'Железнодорожник'),
 (7,2512,'Жуково (Уфа)'),
 (7,4644,'Загородный(Уфа)'),
 (7,4570,'Зилаир'),
 (7,2980,'Зирган'),
 (7,3275,'Зубово'),
 (7,1810,'Иглино'),
 (7,2278,'Инзер'),
 (7,4575,'Исянгулово'),
 (7,1187,'Ишимбай'),
 (7,4572,'Калтасы'),
 (7,2276,'Кандры'),
 (7,2279,'Караидель'),
 (7,6235,'Карманово(Уфа)'),
 (7,2280,'Кармаскалы'),
 (7,4254,'Киргиз-Мияки'),
 (7,4534,'Красная Башкирия'),
 (7,2277,'Красноусольский'),
 (7,2981,'Краснохолмский'),
 (7,1188,'Кумертау'),
 (7,2645,'Курасково'),
 (7,2282,'Кушнаренково'),
 (7,2983,'Ломовка'),
 (7,3278,'Макроусово'),
 (7,4703,'Малояз'),
 (7,2984,'Маячный'),
 (7,4492,'Межгорье'),
 (7,1189,'Мелеуз'),
 (7,2286,'Месягутово'),
 (7,2985,'Миндяк'),
 (7,4722,'Михайловка(Уфа)'),
 (7,4567,'Мишкино (Башкортостан)'),
 (7,2986,'Мраково'),
 (7,1190,'Нефтекамск'),
 (7,3842,'Нижегородка (Уфимский р-н)'),
 (7,2987,'Нижнетроицкий'),
 (7,6306,'Николаевка(Уфа)'),
 (7,2988,'Николо-Березовка'),
 (7,6074,'Ново-Абзаково'),
 (7,3840,'Новомихайловский (Уфа)'),
 (7,5276,'Новые Черкасы'),
 (7,2592,'Нурлино'),
 (7,1461,'Октябрьский(Уфа)'),
 (7,6291,'Первомайский(Уфа)'),
 (7,2584,'Приютово'),
 (7,2991,'Раевский'),
 (7,5322,'Русский Юрмаш'),
 (7,1191,'Салават'),
 (7,5904,'Санаторий «Глуховская»'),
 (7,6305,'Санаторий Глуховская(Уфа)'),
 (7,2992,'Семилетка'),
 (7,2993,'Серафимовский'),
 (7,1192,'Сибай'),
 (7,4573,'Старобалтачево'),
 (7,4574,'Старосубхангулово'),
 (7,4571,'Стерлибашево'),
 (7,1193,'Стерлитамак'),
 (7,2994,'Субханкулово'),
 (7,5017,'Суровка'),
 (7,1194,'Тимашево (Уфа)'),
 (7,2995,'Тирлянский'),
 (7,4566,'Толбазы'),
 (7,1195,'Туймазы'),
 (7,2996,'Тукан'),
 (7,2997,'Туяляс'),
 (7,2284,'Улу-Теляк'),
 (7,3843,'Уршак'),
 (7,121,'Уфа'),
 (7,2290,'Учалы'),
 (7,2999,'Федоровка (Уфа)'),
 (7,4967,'Цветы Башкирии'),
 (7,2275,'Чекмагуш'),
 (7,6191,'Черкассы(Уфа)'),
 (7,2884,'Чесноковка'),
 (7,1809,'Чишмы'),
 (7,3000,'Шафраново'),
 (7,2885,'Энергетик (Уфа)'),
 (7,3001,'Юмагузино'),
 (7,4256,'Языково'),
 (7,1197,'Янаул'),
 (6,154,'Аксарайский'),
 (6,74,'Астрахань'),
 (6,156,'Ахтубинск'),
 (6,2728,'Бахтемир'),
 (6,6314,'Бузан(Астрахань)'),
 (6,4186,'Верхний Баскунчак'),
 (6,1311,'Володарский'),
 (6,2185,'Енотаевка'),
 (6,2580,'Знаменск(Астрахань)'),
 (6,1312,'Икряное'),
 (6,1417,'Ильинка(Астрахань)'),
 (6,157,'Камызяк'),
 (6,6405,'Карагали(Астрахань)'),
 (6,5807,'Килинчи'),
 (6,2534,'Красные Баррикады'),
 (6,158,'Красный Яр(Астрахань)'),
 (6,2642,'Кулаковка'),
 (6,1313,'Лиман'),
 (6,1310,'Нариманов'),
 (6,2186,'Началово'),
 (6,2727,'Нижний Баскунчак'),
 (6,6287,'Новоначаловский(Астрахань)'),
 (6,3172,'Оля'),
 (6,4066,'Осыпной Бугор'),
 (6,6218,'Приволжье(Астрахань)'),
 (6,5518,'Пригородный(Астрахань)'),
 (6,4702,'Рассвет(Астрахань)'),
 (6,3160,'Сергиевка'),
 (6,5858,'Советский(Астрахань)'),
 (6,2729,'Средний Баскунчак'),
 (6,2726,'Старокучергановка'),
 (6,2750,'Тинаки'),
 (6,2643,'Три Протока'),
 (6,4809,'Трусово'),
 (6,159,'Харабали'),
 (6,5008,'Черный Яр'),
 (6,6353,'Яксатово(Астрахань)'),
 (5,73,'Архангельск'),
 (5,4308,'Беломорье'),
 (5,2352,'Березник(Двинский)'),
 (5,2361,'Боброво'),
 (5,5226,'Большая Корзиха'),
 (5,3994,'Васьково'),
 (5,2493,'Вахтовый Поселок Светлый'),
 (5,1409,'Вельск'),
 (5,2354,'Вычегодский'),
 (5,6076,'Заречный(Архангельск)'),
 (5,2967,'Зеленый Бор'),
 (5,2856,'Искателей'),
 (5,5602,'Катунино'),
 (5,148,'Коряжма'),
 (5,149,'Котлас'),
 (5,2358,'Красавино (Архангельск)'),
 (5,2353,'Красноборск'),
 (5,2625,'Красное (Архангельск)'),
 (5,4761,'Куимиха'),
 (5,1741,'Кулой'),
 (5,6053,'Лайский док'),
 (5,4246,'Луговой(Архангельск)'),
 (5,1374,'Мирный (Архангельск)'),
 (5,151,'Новодвинск'),
 (5,2363,'Няндома'),
 (5,4063,'Октябрьский(Архангельск)'),
 (5,2366,'Онега'),
 (5,2367,'Онега2'),
 (5,5986,'Петуховская (Вельский р-н)'),
 (5,152,'Плесецк'),
 (5,2357,'Приводино'),
 (5,2356,'Савватия'),
 (5,3951,'Савинский'),
 (5,2803,'Светлый (Архангельск)'),
 (5,153,'Северодвинск'),
 (5,3995,'Североонежск'),
 (5,2360,'Сольвычегодск'),
 (5,2405,'Талаги'),
 (5,1851,'Уемский'),
 (5,2365,'Холмогоры'),
 (5,2355,'Шипицино'),
 (4,243,'Благовещенск (Амурская обл)'),
 (4,2684,'Зея'),
 (4,2732,'Ивановка (Хабаровск)'),
 (4,3200,'Райчихинск'),
 (4,254,'Свободный(Хабаровск)'),
 (4,4514,'Сковородино'),
 (4,2797,'Талакан'),
 (4,2883,'Тында'),
 (4,4863,'Шимановск'),
 (3,2483,'Соколово'),
 (3,214,'Солонешное'),
 (3,215,'Солтон'),
 (3,5981,'Спутник(Барнаул)'),
 (3,216,'Староалейское'),
 (3,217,'Табуны'),
 (3,218,'Тальменка'),
 (3,219,'Тогул'),
 (3,220,'Топчиха'),
 (3,221,'Троицкое (Барнаул)'),
 (3,222,'Тюменцево'),
 (3,223,'Угловское'),
 (3,224,'Усть-Калманка'),
 (3,1974,'Усть-Чарышская пристань'),
 (3,225,'Хабары'),
 (3,226,'Целинное (Барнаул)'),
 (3,227,'Чарышское'),
 (3,2609,'Чуйский'),
 (3,228,'Шелаболиха'),
 (3,229,'Шипуново'),
 (3,230,'Южный(Барнаул)'),
 (3,231,'Яровое'),
 (2,5890,'Авиатор'),
 (2,175,'Горно-Алтайск'),
 (2,4412,'Лесной(Барнаул)'),
 (2,195,'Майма'),
 (2,6407,'Пригородный(Бийск)'),
 (2,4928,'Черемное'),
 (1,513,'Адыгейск'),
 (1,3026,'Афипсип'),
 (1,529,'Красногвардейское(Краснодар)'),
 (1,536,'Майкоп'),
 (1,2919,'Тлюстенхабль'),
 (1,2702,'Энем'),
 (1,1443,'Яблоновский'),
 (100,19933,'Армянськ'),
 (100,19068,'Чернівці'),
 (100,18968,'Дніпропетровськ'),
 (100,18920,'Донецьк'),
 (100,18805,'Івано-Франківськ'),
 (100,18742,'Керч'),
 (100,18692,'Харків'),
 (100,19198,'Херсон'),
 (100,17924,'Київ'),
 (100,18738,'Кременчук'),
 (100,18965,'Луганськ'),
 (100,19169,'Львів'),
 (100,18687,'Маріуполь'),
 (100,19592,'Миколаїв'),
 (100,18779,'Одеса'),
 (100,18034,'Севастополь'),
 (100,18937,'Запоріжжя'),
 (101,19186,'Гродно'),
 (101,18713,'Минск'),
 (101,18714,'Могилёв'),
 (101,19390,'Новополоцк'),
 (101,18993,'Пинск'),
 (101,18957,'Сморгонь'),
 (102,18941,'Аксай'),
 (102,19361,'Аксу'),
 (102,14664,'Актау'),
 (102,17891,'Актобэ'),
 (102,10147,'Актюбинск'),
 (102,10149,'Алма-Ата'),
 (102,15362,'Астана'),
 (102,19263,'Атырау'),
 (102,10777,'Балхаш'),
 (102,19846,'Байконур'),
 (102,10948,'Чимкент'),
 (102,11342,'Джезказган'),
 (102,11253,'Джамбул'),
 (102,11397,'Экибастуз'),
 (102,17725,'Kandygash'),
 (102,19754,'Капшагай'),
 (102,12522,'Караганда'),
 (102,18983,'Кентау'),
 (102,12673,'Кокшетау'),
 (102,19367,'Костанай'),
 (102,17892,'Кызылорда'),
 (102,14372,'Павлодар'),
 (102,14261,'Петропавловск'),
 (102,18953,'Приозёрск'),
 (102,18796,'Рудный'),
 (102,19130,'Сарань'),
 (102,19140,''),
 (102,17893,'Семей'),
 (102,14199,'Семипалатинск'),
 (102,20144,'Шемонаиха'),
 (102,19208,'Степногорск'),
 (102,17894,'Тараз'),
 (102,18939,'Темиртау'),
 (102,15516,'Уральск'),
 (102,15480,'Усть-каменогорск'),
 (102,20196,'Жанаозен'),
 (102,18650,'Жесказган'),
 (102,19786,'Жезкент'),
 (102,19935,'Зыряновск');
UNLOCK TABLES;
/*!40000 ALTER TABLE `City` ENABLE KEYS */;


--
-- Definition of table `optica100`.`Content`
--

DROP TABLE IF EXISTS `optica100`.`Content`;
CREATE TABLE  `optica100`.`Content` (
  `id` mediumint(9) NOT NULL AUTO_INCREMENT,
  `image` varchar(128) CHARACTER SET latin1 DEFAULT NULL,
  `date_added` datetime NOT NULL DEFAULT '0000-00-00 00:00:00',
  `date_modified` datetime NOT NULL DEFAULT '0000-00-00 00:00:00',
  `active` tinyint(1) NOT NULL,
  `sort` mediumint(4) DEFAULT NULL,
  PRIMARY KEY (`id`) USING BTREE
) ENGINE=MyISAM AUTO_INCREMENT=8 DEFAULT CHARSET=utf8;

--
-- Dumping data for table `optica100`.`Content`
--

/*!40000 ALTER TABLE `Content` DISABLE KEYS */;
LOCK TABLES `Content` WRITE;
INSERT INTO `optica100`.`Content` VALUES  (4,'','2011-12-27 15:08:48','2012-02-06 16:42:29',1,NULL),
 (3,'','2011-12-27 13:11:09','2012-01-24 11:33:41',1,NULL),
 (5,'','2011-12-27 15:22:52','2012-01-24 11:41:12',1,NULL),
 (6,'','2012-01-12 16:57:50','2012-01-23 15:07:46',1,NULL),
 (7,'','2012-01-12 17:26:22','2012-01-23 15:10:26',1,NULL);
UNLOCK TABLES;
/*!40000 ALTER TABLE `Content` ENABLE KEYS */;


--
-- Definition of table `optica100`.`ContentLang`
--

DROP TABLE IF EXISTS `optica100`.`ContentLang`;
CREATE TABLE  `optica100`.`ContentLang` (
  `id_event` mediumint(9) NOT NULL,
  `id_lang` mediumint(9) NOT NULL,
  `content` text NOT NULL,
  `short_content` text,
  `title` varchar(128) DEFAULT NULL,
  `url` text,
  PRIMARY KEY (`id_event`,`id_lang`)
) ENGINE=MyISAM DEFAULT CHARSET=utf8;

--
-- Dumping data for table `optica100`.`ContentLang`
--

/*!40000 ALTER TABLE `ContentLang` DISABLE KEYS */;
LOCK TABLES `ContentLang` WRITE;
INSERT INTO `optica100`.`ContentLang` VALUES  (3,4,'<h1>Страница стилей для разработчиков</h1>\r\n					<p>адаете себе вопрос: как купить контактные линзы с минимальными усилиями и затратами? Мы поможем Вам в решении этого вопроса! Теперь Вам не нужно больше идти в магазин оптики и стоять в очереди, для того чтобы купить контактные линзы и растворы для хранения линз. Интернет-магазин Svitlinz.com.ua , являясь лидером на рынке Украины уже на протяжении многих лет, помогает экономить Ваше драгоценное время и оптимизировать расходы.</p>\r\n					<p>\r\n					Теперь и навсегда: Никаких очередей, удобный интерфейс для того чтобы заказать контактные линзы через интернет 24 часа в сутки/7 дней в неделю, собственная логистическая служба, бесплатная доставка контактных линз и средств ухода за ними, максимальная и достоверная информация в каталогах о контактных линзах, производителях, отзывы покупателей. Также вы имеете возможность заказать контактные линзы по телефону, получив подробную и полноценную предварительную консультацию по всем интересующим вас вопросам . А в этом вам помогут наши квалифицированные консультанты, имеющие опыт работы в области контактной коррекции зрения.\r\n					</p>\r\n					<div>\r\n					<h2>Заголовок второго уровня</h2>\r\n					<p>В наших, постоянно обновляемых каталогах, каждый может найти для себя что нибудь по душе: однодневные линзы, двухнедельные линзы, линзы на один месяц, квартальные линзы, линзы традиционного (длительного) ношения , ну и конечно же всевозможные цветные линзы, ведущих мировых производителей таких как Johnson &amp; Johnson, Bausch Lomb, Ciba Vision, Maxima Corp., Avizor, Cooper Vision, OkVision. После оформления заказа на контактные линзы через интернет, наши сотрудники из отдела обслуживания клиентов, в течении рабочего дня свяжутся с вами для уточнения вопросов касающихся : как доставить ваши контактные линзы, внесение дополнений в заказ, уточнение контактной информации с клиентом.</p>\r\n					<a href=\"#\">Стандартная ссылка неактивная</a>\r\n					</div>\r\n					<br />\r\n					<div>\r\n					<h3>Заголовок третьего уровня</h3>\r\n					<p>В наших, постоянно обновляемых каталогах, каждый может найти для себя что нибудь по душе: однодневные линзы, двухнедельные линзы, линзы на один месяц, квартальные линзы, линзы традиционного (длительного) ношения , ну и конечно же всевозможные цветные линзы, ведущих мировых производителей таких как:</p>\r\n					<ul class=\"blue_circle_list\">\r\n						<li>Johnson &amp; Johnson</li>\r\n						<li>Bausch Lomb</li>\r\n						<li>Ciba Vision</li>\r\n						<li>Maxima Corp. Avizor</li>\r\n					</ul>\r\n					<h4>Заголовок четвертого уровня </h4>\r\n					<ol>\r\n						<li>Johnson &amp; Johnson</li>\r\n						<li>Bausch Lomb</li>\r\n						<li>Ciba Vision</li>\r\n						<li>Maxima Corp. Avizor</li>\r\n					</ol>\r\n					</div>\r\n					<h5>Вставка картинок в текст</h5>\r\n					<div><div class=\"just_img\"><img src=\"images/just_img.jpg\" alt=\"\" /></div><p class=\"\">В наших, постоянно обновляемых каталогах, каждый может найти для себя что нибудь по душе: однодневные линзы, двухнедельные линзы, линзы на один месяц, квартальные линзы, линзы традиционного (длительного) ношения , ну и конечно же всевозможные цветные линзы, ведущих мировых производителей таких как:В большинстве случаев, доставка осуществляется бесплатно. </p>\r\n					<p>Наш сервис доступен во всех городах Украины благодаря логистичеким компаниям. Купить контактные линзы во Львове, Днепропетровске, Харькове, Донецке, Запорожье, Одессе на сегодняшний момент и получить непосредственно лично в руки свой заказ, вы можете благодаря нашим компаниям-партнерам, которые осуществНаш сервис доступен во всех городах Украины благодаря логистичеким компаниям. Купить контактные линзы во Львове, Днепропетровске, Харькове, Донецке, Запорожье, Одессе на сегодняшний момент и получить непосредственно лично в руки свой заказ, вы можете благодаря нашим компаниям-партнерам, которые осуществляюляют </p>\r\n					</div>\r\n					\r\n					<div class=\"category_name\"><h2>с этим товаром чаще всего беруг</h2></div>\r\n					<p>В наших, постоянно обновляемых каталогах, каждый может найти для себя что нибудь по душе: однодневные линзы, двухнедельные линзы, линзы на один месяц, квартальные линзы, линзы традиционного (длительного) ношения , ну и конечно же всевозможные цветные линзы, ведущих мировых производителей таких как:</p>\r\n					\r\n					<table class=\"table_cart\">\r\n						<tr class=\"table_head\">\r\n							<td class=\"align-left\">Продукт</td>\r\n							<td>Количество</td>\r\n							<td>цена, руб.</td>\r\n							<td></td>\r\n						</tr>\r\n						<tr class=\"row_light\">\r\n							<td class=\"tabl_prod align-left\"><a href=\"#\">adventure 8x26 B active</a></td>\r\n							<td class=\"tabl_count\"><span class=\"left_min\">&nbsp;</span><input type=\"text\" value=\"1\"  /><span class=\"right_plus\">&nbsp;</span></td>\r\n							<td class=\"tabl_price\">2500 руб.</td>\r\n							<td class=\"tabl_option\"><a href=\"#\">&nbsp;</a></td>\r\n						</tr>\r\n						<tr class=\"row_dark\">\r\n							<td class=\"tabl_prod align-left\"><a href=\"#\">adventure 8x26 B active</a></td>\r\n							<td class=\"tabl_count\"><span class=\"left_min\">&nbsp;</span><input type=\"text\" value=\"1\"  /><span class=\"right_plus\">&nbsp;</span></td>\r\n							<td class=\"tabl_price\">2500 руб.</td>\r\n							<td class=\"tabl_option\"><a href=\"#\">&nbsp;</a></td>\r\n						</tr>\r\n						<tr class=\"row_light\">\r\n							<td class=\"tabl_prod align-left\"><a href=\"#\">adventure 8x26 B active</a></td>\r\n							<td class=\"tabl_count\"><span class=\"left_min\">&nbsp;</span><input type=\"text\" value=\"1\"  /><span class=\"right_plus\">&nbsp;</span></td>\r\n							<td class=\"tabl_price\">2500 руб.</td>\r\n							<td class=\"tabl_option\"><a href=\"#\">&nbsp;</a></td>\r\n						</tr>\r\n						<tr class=\"row_dark\">\r\n							<td class=\"tabl_prod align-left\"><a href=\"#\">adventure 8x26 B active</a></td>\r\n							<td class=\"tabl_count\"><span class=\"left_min\">&nbsp;</span><input type=\"text\" value=\"1\"  /><span class=\"right_plus\">&nbsp;</span></td>\r\n							<td class=\"tabl_price\">2500 руб.</td>\r\n							<td class=\"tabl_option\"><a href=\"#\">&nbsp;</a></td>\r\n						</tr>\r\n						<tr>\r\n							<td class=\"table_total\" colspan=\"4\"><p><span>Итого:</span><input type=\"text\"  value=\"7500\" /> руб</p></td>\r\n						</tr>\r\n					</table>\r\n					<div class=\"note\"><p>Приводит к очень малой передаче импульса от капли к комару, что даёт насекомым.</p></div>\r\n					<div class=\"important\"><p>Приводит к очень малой передаче импульса от капли к комару, что даёт насекомым. </p> </div>\r\n					<div class=\"warning\"><p>К очень малой передаче импульса от капли к комару, что даёт.</p> </div>\r\n					<div class=\"info\"><p>Приводит к очень малой передаче импульса от капли к комару, что даёт.</p></div>\r\n					\r\n					\r\n					<br /><br /><br /><br />\r\n					<span class=\"head_of_form\" >Заголовок формы</span>\r\n					<p><span class=\"col_red\">*</span> Поля обязательны для заполнения</p>\r\n					<form action=\"\" id=\"someidd\">\r\n					<table class=\"contact_page\">\r\n						\r\n						<tr>\r\n							<td>Текстовое поле <span class=\"col_red\">*</span></td>\r\n						</tr>\r\n						<tr>\r\n							<td><input type=\"text\" name=\"somename1\" /></td>\r\n						</tr>\r\n						<tr>\r\n							<td>Текстовое поле c ошибкой</td>\r\n						</tr>\r\n						<tr>\r\n							<td><input class=\"error\" type=\"text\" name=\"somename1\" /><span class=\"col_red\">Некорректный вввод данных</span></td>\r\n						</tr>\r\n						<tr>\r\n							<td>Выпадющий список <span class=\"col_red\">*</span></td>\r\n						</tr>\r\n						<tr>\r\n							<td><select><option>Пример такого текста</option><option>Пример такого текста2</option><option>Пример такого текста3</option></select></td>\r\n						</tr>\r\n						<tr>\r\n							<td>Большое текстовое поле</td>\r\n						</tr>\r\n						<tr>\r\n							<td>\r\n							<textarea rows=\"7\" cols=\"120\"></textarea>\r\n							</td>\r\n						</tr>\r\n						\r\n					</table>\r\n					</form>','','О компании','o_kompany'),
 (3,5,'<h1>Страница стилей для разработчиков english</h1>\r\n					<p>адаете себе вопрос: как купить контактные линзы с минимальными усилиями и затратами? Мы поможем Вам в решении этого вопроса! Теперь Вам не нужно больше идти в магазин оптики и стоять в очереди, для того чтобы купить контактные линзы и растворы для хранения линз. Интернет-магазин Svitlinz.com.ua , являясь лидером на рынке Украины уже на протяжении многих лет, помогает экономить Ваше драгоценное время и оптимизировать расходы.</p>\r\n					<p>\r\n					Теперь и навсегда: Никаких очередей, удобный интерфейс для того чтобы заказать контактные линзы через интернет 24 часа в сутки/7 дней в неделю, собственная логистическая служба, бесплатная доставка контактных линз и средств ухода за ними, максимальная и достоверная информация в каталогах о контактных линзах, производителях, отзывы покупателей. Также вы имеете возможность заказать контактные линзы по телефону, получив подробную и полноценную предварительную консультацию по всем интересующим вас вопросам . А в этом вам помогут наши квалифицированные консультанты, имеющие опыт работы в области контактной коррекции зрения.\r\n					</p>\r\n					<div>\r\n					<h2>Заголовок второго уровня</h2>\r\n					<p>В наших, постоянно обновляемых каталогах, каждый может найти для себя что нибудь по душе: однодневные линзы, двухнедельные линзы, линзы на один месяц, квартальные линзы, линзы традиционного (длительного) ношения , ну и конечно же всевозможные цветные линзы, ведущих мировых производителей таких как Johnson &amp; Johnson, Bausch Lomb, Ciba Vision, Maxima Corp., Avizor, Cooper Vision, OkVision. После оформления заказа на контактные линзы через интернет, наши сотрудники из отдела обслуживания клиентов, в течении рабочего дня свяжутся с вами для уточнения вопросов касающихся : как доставить ваши контактные линзы, внесение дополнений в заказ, уточнение контактной информации с клиентом.</p>\r\n					<a href=\"#\">Стандартная ссылка неактивная</a>\r\n					</div>\r\n					<br />\r\n					<div>\r\n					<h3>Заголовок третьего уровня</h3>\r\n					<p>В наших, постоянно обновляемых каталогах, каждый может найти для себя что нибудь по душе: однодневные линзы, двухнедельные линзы, линзы на один месяц, квартальные линзы, линзы традиционного (длительного) ношения , ну и конечно же всевозможные цветные линзы, ведущих мировых производителей таких как:</p>\r\n					<ul class=\"blue_circle_list\">\r\n						<li>Johnson &amp; Johnson</li>\r\n						<li>Bausch Lomb</li>\r\n						<li>Ciba Vision</li>\r\n						<li>Maxima Corp. Avizor</li>\r\n					</ul>\r\n					<h4>Заголовок четвертого уровня </h4>\r\n					<ol>\r\n						<li>Johnson &amp; Johnson</li>\r\n						<li>Bausch Lomb</li>\r\n						<li>Ciba Vision</li>\r\n						<li>Maxima Corp. Avizor</li>\r\n					</ol>\r\n					</div>\r\n					<h5>Вставка картинок в текст</h5>\r\n					<div><div class=\"just_img\"><img src=\"images/just_img.jpg\" alt=\"\" /></div><p class=\"\">В наших, постоянно обновляемых каталогах, каждый может найти для себя что нибудь по душе: однодневные линзы, двухнедельные линзы, линзы на один месяц, квартальные линзы, линзы традиционного (длительного) ношения , ну и конечно же всевозможные цветные линзы, ведущих мировых производителей таких как:В большинстве случаев, доставка осуществляется бесплатно. </p>\r\n					<p>Наш сервис доступен во всех городах Украины благодаря логистичеким компаниям. Купить контактные линзы во Львове, Днепропетровске, Харькове, Донецке, Запорожье, Одессе на сегодняшний момент и получить непосредственно лично в руки свой заказ, вы можете благодаря нашим компаниям-партнерам, которые осуществНаш сервис доступен во всех городах Украины благодаря логистичеким компаниям. Купить контактные линзы во Львове, Днепропетровске, Харькове, Донецке, Запорожье, Одессе на сегодняшний момент и получить непосредственно лично в руки свой заказ, вы можете благодаря нашим компаниям-партнерам, которые осуществляюляют </p>\r\n					</div>\r\n					\r\n					<div class=\"category_name\"><h2>с этим товаром чаще всего беруг</h2></div>\r\n					<p>В наших, постоянно обновляемых каталогах, каждый может найти для себя что нибудь по душе: однодневные линзы, двухнедельные линзы, линзы на один месяц, квартальные линзы, линзы традиционного (длительного) ношения , ну и конечно же всевозможные цветные линзы, ведущих мировых производителей таких как:</p>\r\n					\r\n					<table class=\"table_cart\">\r\n						<tr class=\"table_head\">\r\n							<td class=\"align-left\">Продукт</td>\r\n							<td>Количество</td>\r\n							<td>цена, руб.</td>\r\n							<td></td>\r\n						</tr>\r\n						<tr class=\"row_light\">\r\n							<td class=\"tabl_prod align-left\"><a href=\"#\">adventure 8x26 B active</a></td>\r\n							<td class=\"tabl_count\"><span class=\"left_min\">&nbsp;</span><input type=\"text\" value=\"1\"  /><span class=\"right_plus\">&nbsp;</span></td>\r\n							<td class=\"tabl_price\">2500 руб.</td>\r\n							<td class=\"tabl_option\"><a href=\"#\">&nbsp;</a></td>\r\n						</tr>\r\n						<tr class=\"row_dark\">\r\n							<td class=\"tabl_prod align-left\"><a href=\"#\">adventure 8x26 B active</a></td>\r\n							<td class=\"tabl_count\"><span class=\"left_min\">&nbsp;</span><input type=\"text\" value=\"1\"  /><span class=\"right_plus\">&nbsp;</span></td>\r\n							<td class=\"tabl_price\">2500 руб.</td>\r\n							<td class=\"tabl_option\"><a href=\"#\">&nbsp;</a></td>\r\n						</tr>\r\n						<tr class=\"row_light\">\r\n							<td class=\"tabl_prod align-left\"><a href=\"#\">adventure 8x26 B active</a></td>\r\n							<td class=\"tabl_count\"><span class=\"left_min\">&nbsp;</span><input type=\"text\" value=\"1\"  /><span class=\"right_plus\">&nbsp;</span></td>\r\n							<td class=\"tabl_price\">2500 руб.</td>\r\n							<td class=\"tabl_option\"><a href=\"#\">&nbsp;</a></td>\r\n						</tr>\r\n						<tr class=\"row_dark\">\r\n							<td class=\"tabl_prod align-left\"><a href=\"#\">adventure 8x26 B active</a></td>\r\n							<td class=\"tabl_count\"><span class=\"left_min\">&nbsp;</span><input type=\"text\" value=\"1\"  /><span class=\"right_plus\">&nbsp;</span></td>\r\n							<td class=\"tabl_price\">2500 руб.</td>\r\n							<td class=\"tabl_option\"><a href=\"#\">&nbsp;</a></td>\r\n						</tr>\r\n						<tr>\r\n							<td class=\"table_total\" colspan=\"4\"><p><span>Итого:</span><input type=\"text\"  value=\"7500\" /> руб</p></td>\r\n						</tr>\r\n					</table>\r\n					<div class=\"note\"><p>Приводит к очень малой передаче импульса от капли к комару, что даёт насекомым.</p></div>\r\n					<div class=\"important\"><p>Приводит к очень малой передаче импульса от капли к комару, что даёт насекомым. </p> </div>\r\n					<div class=\"warning\"><p>К очень малой передаче импульса от капли к комару, что даёт.</p> </div>\r\n					<div class=\"info\"><p>Приводит к очень малой передаче импульса от капли к комару, что даёт.</p></div>\r\n					\r\n					\r\n					<br /><br /><br /><br />\r\n					<span class=\"head_of_form\" >Заголовок формы</span>\r\n					<p><span class=\"col_red\">*</span> Поля обязательны для заполнения</p>\r\n					<form action=\"\" id=\"someidd\">\r\n					<table class=\"contact_page\">\r\n						\r\n						<tr>\r\n							<td>Текстовое поле <span class=\"col_red\">*</span></td>\r\n						</tr>\r\n						<tr>\r\n							<td><input type=\"text\" name=\"somename1\" /></td>\r\n						</tr>\r\n						<tr>\r\n							<td>Текстовое поле c ошибкой</td>\r\n						</tr>\r\n						<tr>\r\n							<td><input class=\"error\" type=\"text\" name=\"somename1\" /><span class=\"col_red\">Некорректный вввод данных</span></td>\r\n						</tr>\r\n						<tr>\r\n							<td>Выпадющий список <span class=\"col_red\">*</span></td>\r\n						</tr>\r\n						<tr>\r\n							<td><select><option>Пример такого текста</option><option>Пример такого текста2</option><option>Пример такого текста3</option></select></td>\r\n						</tr>\r\n						<tr>\r\n							<td>Большое текстовое поле</td>\r\n						</tr>\r\n						<tr>\r\n							<td>\r\n							<textarea rows=\"7\" cols=\"120\"></textarea>\r\n							</td>\r\n						</tr>\r\n						\r\n					</table>\r\n					</form>','','About company','about_company'),
 (4,4,'<p>&nbsp;ООО&nbsp; &laquo;ЦИЛИТА&raquo;&nbsp;&nbsp; в течение многих лет производит и поставляет медицинский инструмент в медицинские учреждения России и стран ближнего и дальнего зарубежья.<br />\r\n&nbsp;Для производства нашей продукции используется только высококачественное сырье &ndash; коррозионностойкая сталь и титановые сплавы - соответствующие всем нормативным требованиям, предъявляемым к материалам, используемым в производстве медицинских инструментов. <br />\r\n&nbsp;Использование особых режимов термообработки позволяет медицинским инструментам&nbsp; CILITA из коррозионностойкой&nbsp; стали сохранять необходимые свойства по твердости, упругости, эластичности, а также режущим свойствам.<br />\r\n&nbsp;Следуя современным тенденциям, наша компания производит микрохирургический инструментарий из титановых сплавов. Неоспоримыми достоинствами этого материала являются легкость, высокая коррозионная стойкость, антибликовая поверхность, и, разумеется, долговечность. В дополнение к перечисленным свойствам, инструменты из титановых сплавов обладают высокой степенью инертности с тканями человеческого организма.</p>','','О нас','o_nas'),
 (5,4,'<table cellspacing=\"0\" cellpadding=\"0\" border=\"0\" width=\"100%\" style=\"margin-top: 50px;\">\r\n    <tbody>\r\n        <tr>\r\n            <td align=\"center\" width=\"33%\"><a href=\"/images/content/d01.jpg\"><img style=\"border: 0pt none; width:95%;\" src=\"/images/content/d01s.jpg\" alt=\"\" /></a></td>\r\n            <td align=\"center\" width=\"33%\"><a href=\"/images/content/d02.jpg\"><img style=\"border: 0pt none; width:95%;\" src=\"/images/content/d02s.jpg\" alt=\"\" /></a></td>\r\n            <td align=\"center\" width=\"33%\"><a href=\"/images/content/d03.jpg\"><img style=\"border: 0pt none; width:95%;\" src=\"/images/content/d03s.jpg\" alt=\"\" /></a></td>\r\n        </tr>\r\n        <tr>\r\n            <td style=\"height: 50px;\" colspan=\"3\">&nbsp;</td>\r\n        </tr>\r\n        <tr>\r\n            <td align=\"center\" width=\"33%\"><a href=\"/images/content/d04.jpg\"><img style=\"border: 0pt none; width:95%;\" src=\"/images/content/d04s.jpg\" alt=\"\" /></a></td>\r\n            <td align=\"center\" width=\"33%\"><a href=\"/images/content/d05.jpg\"><img style=\"border: 0pt none; width:95%;\" src=\"/images/content/d05s.jpg\" alt=\"\" /></a></td>\r\n            <td align=\"center\" width=\"33%\"><a href=\"/images/content/d06.jpg\"><img style=\"border: 0pt none; width:95%;\" src=\"/images/content/d06s.jpg\" alt=\"\" /></a></td>\r\n        </tr>\r\n        <tr>\r\n            <td style=\"height: 50px;\" colspan=\"3\">&nbsp;</td>\r\n        </tr>\r\n        <tr>\r\n            <td align=\"center\" width=\"33%\"><a href=\"/images/content/d07.jpg\"><img style=\"border: 0pt none; width:95%;\" src=\"/images/content/d07s.jpg\" alt=\"\" /></a></td>\r\n            <td align=\"center\" width=\"33%\"><a href=\"/images/content/d08.jpg\"><img style=\"border: 0pt none; width:95%;\" src=\"/images/content/d08s.jpg\" alt=\"\" /></a></td>\r\n            <td align=\"center\" width=\"33%\"><a href=\"/images/content/d09.jpg\"><img style=\"border: 0pt none; width:95%;\" src=\"/images/content/d09s.jpg\" alt=\"\" /></a></td>\r\n        </tr>\r\n        <tr>\r\n            <td style=\"height: 50px;\" colspan=\"3\">&nbsp;</td>\r\n        </tr>\r\n        <tr>\r\n            <td align=\"center\" width=\"33%\"><a href=\"/images/content/d10.jpg\"><img style=\"border: 0pt none; width:95%;\" src=\"/images/content/d10s.jpg\" alt=\"\" /></a></td>\r\n            <td align=\"center\" width=\"33%\"><a href=\"/images/content/d11.jpg\"><img style=\"border: 0pt none; width:95%;\" src=\"/images/content/d11s.jpg\" alt=\"\" /></a></td>\r\n            <td align=\"center\" width=\"33%\"><a href=\"/images/content/d12.jpg\"><img style=\"border: 0pt none; width:95%;\" src=\"/images/content/d12s.jpg\" alt=\"\" /></a></td>\r\n        </tr>\r\n        <tr>\r\n            <td style=\"height: 50px;\" colspan=\"3\">&nbsp;</td>\r\n        </tr>\r\n        <tr>\r\n            <td align=\"center\" width=\"33%\"><a href=\"/images/content/d13.jpg\"><img style=\"border: 0pt none; width:95%;\" src=\"/images/content/d13s.jpg\" alt=\"\" /></a></td>\r\n            <td align=\"center\" width=\"33%\"><a href=\"/images/content/d17.jpg\"><img style=\"border: 0pt none; width:95%;\" src=\"/images/content/d17s.jpg\" alt=\"\" /></a></td>\r\n            <td align=\"center\" width=\"33%\"><a href=\"/images/content/d15.jpg\"><img style=\"border: 0pt none; width:95%;\" src=\"/images/content/d15s.jpg\" alt=\"\" /></a></td>\r\n        </tr>\r\n        <tr>\r\n            <td style=\"height: 50px;\" colspan=\"3\">&nbsp;</td>\r\n        </tr>\r\n        <tr>\r\n            <td align=\"center\" width=\"33%\"><a href=\"/images/content/d16.jpg\"><img style=\"border: 0pt none; width:95%;\" src=\"/images/content/d16s.jpg\" alt=\"\" /></a></td>\r\n            <td align=\"center\" width=\"33%\"><a href=\"/images/content/d14.jpg\"><img style=\"border: 0pt none; width:95%;\" src=\"/images/content/d14s.jpg\" alt=\"\" /></a></td>\r\n            <td align=\"center\" width=\"33%\">&nbsp;</td>\r\n        </tr>\r\n    </tbody>\r\n</table>','','Дипломы, Награды','diplom_nagrad'),
 (4,5,'<p>Cilita Ltd. is a Russian manufacturer of surgical instruments who has been supplying surgical instruments to numerous Russian and foreign clinics and health care institutions. </p>\r\n<p>Only premium-quality raw materials are used for manufacturing CILITA Instruments &ndash; Stainless Steel and Titanium alloys. Application of special heat-treatment mode helps CILITA Stainless Steel instruments preserve their qualities such as hardness, elasticity as well as cutting qualities.  </p>\r\n<p>In accordance with modern tendencies in the medicine our company manufactures instruments from titanium alloys. The unquestioned advantages of the titanium-made instruments are light weight, exceptional corrosion-resistance, anti-glare surface and longevity. The last but not the least important quality of titanium instruments is the high level of inertness with human tissues.</p>','','About us','about_us'),
 (5,5,'<p>Due to very competitive price-quality ratio CILITA Instruments gained popularity and recognition among many surgeons.</p>\r\n<p>Cilita Ltd. has received many diplomas and high references &ndash; some of them are presented below:</p>\r\n<table cellspacing=\"0\" cellpadding=\"0\" border=\"0\" width=\"100%\" style=\"margin-top: 50px;\">\r\n    <tbody>\r\n        <tr>\r\n            <td align=\"center\" width=\"33%\"><a href=\"/images/content/d01.jpg\"><img style=\"border: 0pt none; width:95%;\" src=\"/images/content/d01s.jpg\" alt=\"\" /></a></td>\r\n            <td align=\"center\" width=\"34%\"><a href=\"/images/content/d02.jpg\"><img style=\"border: 0pt none; width:95%;\" src=\"/images/content/d02s.jpg\" alt=\"\" /></a></td>\r\n            <td align=\"center\" width=\"33%\"><a href=\"/images/content/d03.jpg\"><img style=\"border: 0pt none; width:95%;\" src=\"/images/content/d03s.jpg\" alt=\"\" /></a></td>\r\n        </tr>\r\n        <tr>\r\n            <td style=\"height: 50px;\" colspan=\"3\">&nbsp;</td>\r\n        </tr>\r\n        <tr>\r\n            <td align=\"center\" width=\"33%\"><a href=\"/images/content/d04.jpg\"><img style=\"border: 0pt none; width:95%;\" src=\"/images/content/d04s.jpg\" alt=\"\" /></a></td>\r\n            <td align=\"center\" width=\"34%\"><a href=\"/images/content/d05.jpg\"><img style=\"border: 0pt none; width:95%;\" src=\"/images/content/d05s.jpg\" alt=\"\" /></a></td>\r\n            <td align=\"center\" width=\"33%\"><a href=\"/images/content/d06.jpg\"><img style=\"border: 0pt none; width:95%;\" src=\"/images/content/d06s.jpg\" alt=\"\" /></a></td>\r\n        </tr>\r\n        <tr>\r\n            <td style=\"height: 50px;\" colspan=\"3\">&nbsp;</td>\r\n        </tr>\r\n        <tr>\r\n            <td align=\"center\" width=\"33%\"><a href=\"/images/content/d07.jpg\"><img style=\"border: 0pt none; width:95%;\" src=\"/images/content/d07s.jpg\" alt=\"\" /></a></td>\r\n            <td align=\"center\" width=\"34%\"><a href=\"/images/content/d08.jpg\"><img style=\"border: 0pt none; width:95%;\" src=\"/images/content/d08s.jpg\" alt=\"\" /></a></td>\r\n            <td align=\"center\" width=\"33%\"><a href=\"/images/content/d09.jpg\"><img style=\"border: 0pt none; width:95%;\" src=\"/images/content/d09s.jpg\" alt=\"\" /></a></td>\r\n        </tr>\r\n        <tr>\r\n            <td style=\"height: 50px;\" colspan=\"3\">&nbsp;</td>\r\n        </tr>\r\n        <tr>\r\n            <td align=\"center\" width=\"33%\"><a href=\"/images/content/d10.jpg\"><img style=\"border: 0pt none; width:95%;\" src=\"/images/content/d10s.jpg\" alt=\"\" /></a></td>\r\n            <td align=\"center\" width=\"34%\"><a href=\"/images/content/d11.jpg\"><img style=\"border: 0pt none; width:95%;\" src=\"/images/content/d11s.jpg\" alt=\"\" /></a></td>\r\n            <td align=\"center\" width=\"33%\"><a href=\"/images/content/d12.jpg\"><img style=\"border: 0pt none; width:95%;\" src=\"/images/content/d12s.jpg\" alt=\"\" /></a></td>\r\n        </tr>\r\n        <tr>\r\n            <td style=\"height: 50px;\" colspan=\"3\">&nbsp;</td>\r\n        </tr>\r\n        <tr>\r\n            <td align=\"center\" width=\"33%\"><a href=\"/images/content/d13.jpg\"><img style=\"border: 0pt none; width:95%;\" src=\"/images/content/d13s.jpg\" alt=\"\" /></a></td>\r\n            <td align=\"center\" width=\"34%\"><a href=\"/images/content/d17.jpg\"><img style=\"border: 0pt none; width:95%;\" src=\"/images/content/d17s.jpg\" alt=\"\" /></a></td>\r\n            <td align=\"center\" width=\"33%\"><a href=\"/images/content/d15.jpg\"><img style=\"border: 0pt none; width:95%;\" src=\"/images/content/d15s.jpg\" alt=\"\" /></a></td>\r\n        </tr>\r\n        <tr>\r\n            <td style=\"height: 50px;\" colspan=\"3\">&nbsp;</td>\r\n        </tr>\r\n        <tr>\r\n            <td align=\"center\" width=\"33%\"><a href=\"/images/content/d16.jpg\"><img style=\"border: 0pt none; width:95%;\" src=\"/images/content/d16s.jpg\" alt=\"\" /></a></td>\r\n            <td align=\"center\" width=\"34%\"><a href=\"/images/content/d14.jpg\"><img style=\"border: 0pt none; width:95%;\" src=\"/images/content/d14s.jpg\" alt=\"\" /></a></td>\r\n            <td align=\"center\" width=\"33%\">&nbsp;</td>\r\n        </tr>\r\n    </tbody>\r\n</table>','','Diplomas, awards','diplomas_awards'),
 (6,4,'<div style=\"text-align:justify\">\r\n<p style=\"font-size:16px; color:#0553CC;\"><strong>Интернет-магазин</strong></p>\r\n<p><br />\r\n<em><strong>Основные определения</strong></em><br />\r\n<strong>Покупатель</strong> - физическое лицо, имеющее намерение заказать или приобрести товары, либо заказывающее, приобретающее или использующее товары исключительно для личных, не связанных с осуществлением предпринимательской деятельности, разместившее Заказ на сайте www.cilita.com, либо указанное в Заказе в качестве получателя Товара.<br />\r\n<br />\r\n<strong>Зарегистрированный покупатель</strong> - Покупатель, предоставивший о себе Продавцу индивидуальную информацию (Фамилию, Имя, Отчество, адрес электронный почты (e-mail), Телефон), которая может быть использована для оформления Заказа многократно. Данная информация предоставляется при оформлении Заказа.<br />\r\n<br />\r\n<strong>Продавец</strong> - Общество с ограниченной ответственностью &laquo;ЦИЛИТА&raquo;, Юридический адрес: 390010, г.Рязань, ул. Октябрьская, д.61; КПП:622901001<br />\r\n<br />\r\n<strong>Интернет-магазин</strong> - Сайт, на котором любой Покупатель может ознакомиться с представленными Товарами, их описанием и ценами на Товары, выбрать определённый Товар, способ оплаты и доставки Товаров, отправить Заказ по электронной почте или сделать Заказ по телефону.<br />\r\n<br />\r\n<strong>Сайт</strong> - совокупность информационных ресурсов, размещённых в Интернете по адресу www.cilita.com. Сайт принадлежит и администрируется ООО &laquo;ЦИЛИТА&raquo;.<br />\r\n<br />\r\n<strong>Товар</strong> - объект купли-продажи (вещь), не изъятый и не ограниченный в гражданском обороте и представленный к продаже в Интернет-магазине, посредством размещения в соответствующем разделе Интернет-магазина. Предметом купли-продажи могут быть только Товары, отмеченные в Интернет-магазине как Товары со статусом &laquo;в наличии&raquo;.<br />\r\n<br />\r\n<strong>Заказ</strong> - оформленный запрос Покупателя на покупку и доставку по указанному в запросе адресу Товаров, выбранных в Интернет-магазине, отправленный посредством сети интернет.<br />\r\n<br />\r\n<strong>Служба доставки</strong> - курьерская служба &laquo;Major Express&raquo;, &laquo;Почта России&raquo;<br />\r\n&nbsp;</p>\r\n<p><em><strong>Общие положения</strong></em></p>\r\n<ol>\r\n    <li>Настоящие &laquo;Правила продажи товаров в Интернет-магазине www.cilita.com&raquo; (далее - &laquo;Правила&raquo;) определяют порядок розничной купли-продажи Товаров через Интернет-магазин, и в соответствии со ст. 437 Гражданского Кодекса РФ являются официальной публичной офертой ООО &laquo;ЦИЛИТА&raquo;, далее именуемого &laquo;Продавец&raquo;, адресованной физическим лицам, далее именуемым &laquo;Покупатель&raquo;, при совместном упоминании Продавец и Покупатель также именуются &laquo;Стороны&raquo;, а каждый по отдельности &laquo;Сторона&raquo;.</li>\r\n    <li>Каждая Сторона гарантирует другой Стороне, что обладает необходимой право- и дееспособностью, а равно всеми правами и полномочиями, необходимыми и достаточными для заключения и исполнения договора розничной купли-продажи.</li>\r\n    <li>Заказывая Товары через Интернет-магазин, Покупатель соглашается с Правилами, изложенными ниже.</li>\r\n    <li>К отношениям между Покупателем и Продавцом применяются положения Гражданского Кодекса РФ (в т.ч. положение о розничной купле-продаже (&sect; 2, глава 30), Закон РФ &laquo;О защите прав потребителей&raquo; от 07.02.1992 № 2300-1, Правила продажи товаров дистанционным способом, утверждённые Постановлением Правительства РФ № 612 от 27.09.2007 года и иные правовые акты, принятые в соответствии с ними.</li>\r\n    <li>Продавцом до заключения договора должна быть предоставлена Покупателю информация об основных потребительских свойствах товара, об адресе (месте нахождения) Продавца, о месте изготовления товара, о полном фирменном наименовании (наименовании) Продавца (изготовителя), о цене и об условиях приобретения товара, о его доставке, сроке службы, сроке годности и гарантийном сроке, о порядке оплаты товара, а также о сроке, в течение которого действует предложение о заключении договора.</li>\r\n    <li>Продавец оставляет за собой право вносить изменения в настоящие Правила, в связи с чем, Покупатель обязуется регулярно отслеживать изменения в Правилах, размещенных на сайте Интернет-магазина. Уведомление об изменении настоящих Правил Продавец обязан разместить не позднее, чем за 7 (семь) рабочих дней до даты их вступления в силу.</li>\r\n    <li>Покупатель соглашается с настоящими Правилами путем проставления отметки в графе &laquo;С Правилами продажи согласен&raquo; при оформлении Заказа.</li>\r\n    <li>Действующая версия Правил размещена на сайте Интернет-магазина.</li>\r\n</ol>\r\n<p>&nbsp;</p>\r\n<p><em><strong>Регистрация в Интернет-магазине</strong></em></p>\r\n<ol>\r\n    <li>Оформить Заказ в Интернет-магазине могут зарегистрированные Покупатели.</li>\r\n    <li>Покупатель несет ответственность за точность и правильность информации, предоставляемой при регистрации.</li>\r\n    <li>При регистрации в Интернте-Магазине покупатель указывает логин и пароль, а также адресные данные для доставки заказа. Логином является адрес электронной почты (e-mail), паролем &ndash; любое секретное слово, состоящее не менее чем из 6 символов. Покупатель самостоятельно несёт ответственность за все возможные негативные последствия, в случае передачи логина и пароля третьим лицам. <br />\r\n    &nbsp;</li>\r\n</ol>\r\n<p><em><strong>Оформление и сроки выполнения заказа</strong></em></p>\r\n<ol>\r\n    <li>При оформлении Заказа через сеть Интернет Покупатель заполняет электронную форму Заказа на Товар и отправляет сформированный Заказ Продавцу посредством сети Интернет.</li>\r\n    <li>Срок обработки заказа Продавцом после получения его от Покупателя и до момента передачи в службу доставки составляет 2 (два) рабочих дня. В течение этого срока Продавец согласовывает данные Заказа с Покупателем по телефону, электронной почте, указанных при регистрации покупателя.</li>\r\n    <li>Срок доставки товара в регион Покупателя определяется сроками доставки, установленными службой доставки для региона Покупателя.</li>\r\n    <li>Изменение состава заказа по инициативе Покупателя невозможно после оплаты заказанного товара. В случае отказа после оплаты денежные средства возвращаются, только если Покупатель оплачивал заказ банковской картой или Яндекс Деньги. Денежные средства возвращаются в течении 7 дней.</li>\r\n    <li>В случае возникновения у Покупателя вопросов, касающихся свойств и характеристик Товара, перед оформлением Заказа, Покупатель должен обратиться к Продавцу по телефону (4912) 955083 или отправить запрос на электронную почту: sales@cilita.com.</li>\r\n</ol>\r\n<p>&nbsp;</p>\r\n<p><em><strong>Доставка товара</strong></em></p>\r\n<ol>\r\n    <li>Сроки и условия доставки Товара определяются условиями работы службы доставки, выбираемой Покупателем при заполнении электронной формы Заказа на товар. Покупатель обязан самостоятельно ознакомиться с различными вариантами доставки Товара, предлагаемыми Продавцом, с целью выбора оптимального варианта.</li>\r\n    <li>Риск случайной гибели или случайного повреждения Товара переходит к Покупателю в момент передачи ему Товара и проставления Покупателем подписи в документах, подтверждающих доставку Заказа.</li>\r\n    <li>Продавец не несет ответственности за изменения условий работы служб доставки.</li>\r\n    <li>При доставке заказанные Товары вручаются Покупателю или лицу, указанному в качестве получателя в Заказе.</li>\r\n    <li>В случае выбора Покупателем способа доставки &laquo;Самовывоз&raquo;, Покупатель обязан самостоятельно забрать Товар со склада Продавца, находящегося по адресу: г.Рязань, ул. Октябрьская, д.61.<br />\r\n    В случае самовывоза Продавец имеет право требовать у Покупателя предъявления документов, подтверждающих личность.&nbsp;</li>\r\n    <li>В случае выбора Покупателем способа доставки через курьерскую службу Major Express Продавец обязуется сообщить Покупателю посредством электронной почты номер Транспортной накладной для последующего отслеживания статуса доставки на сайте транспортной компании http://www.me-online.ru/<br />\r\n    &nbsp;</li>\r\n</ol>\r\n<p><em><strong>Оплата товара</strong></em></p>\r\n<ol>\r\n    <li>Цена Товара указана рядом с определённым наименованием Товара в Интернет-магазине.</li>\r\n    <li>Цена Товара в Интернет-магазине может быть изменена Продавцом в одностороннем порядке. При этом цена на заказанный Покупателем Товар изменению не подлежит.</li>\r\n    <li>Оплата заказа Покупателем может быть произведена способами, указанными на сайте www.robokassa.ru</li>\r\n    <li>Фактом оплаты считается зачисление денежных средств на счет Продавца.&nbsp; Договор купли - продажи считается заключенным с момента оплаты Покупателем заказанных Товаров.Покупатель, заказавший и оплативший Товар через сайт интернет-магазина www. cilita.com в момент получения Товара получает пакет документов на Товар:\r\n    <ul>\r\n        <li>товарная накладная;</li>\r\n        <li>копии сертификатов соответствия и регистрационные удостоверения на Товар</li>\r\n    </ul>\r\n    </li>\r\n    <li>Наименование Товара в товарной накладной соответствует названиям Товара согласно сертификатам соответствия и регистрационным удостоверениям. Названия, приведенные в описании товара в интернет-магазине носят описательный характер и могут отличаться от официальных названий товара.<br />\r\n    &nbsp;</li>\r\n</ol>\r\n<p><em><strong>Возврат и обмен&nbsp; товара.</strong></em></p>\r\n<p>1. Покупатель вправе отказаться от товара в любое время до его передачи, а после передачи товара - в течение семи дней.<br />\r\nВозврат товара надлежащего качества возможен в случае, если сохранены его товарный вид, потребительские свойства, а также документ, подтверждающий факт и условия покупки указанного товара. <br />\r\nПокупатель не вправе отказаться от товара надлежащего качества, имеющего индивидуально-определенные свойства, если указанный товар может быть использован исключительно приобретающим его Покупателем.<br />\r\nПри отказе Покупателя от товара Продавец должен возвратить ему денежную сумму, уплаченную Покупателем по договору, за исключением расходов Продавца на доставку от Покупателя возвращенного товара, не позднее чем через десять дней со дня предъявления Покупателем соответствующего требования.<br />\r\nПокупатель в случае обнаружения в товаре недостатков, если они не были оговорены Продавцом, по своему выбору вправе:</p>\r\n<ul>\r\n    <li>потребовать замены на товар этой же марки (этих же модели и (или) артикула);</li>\r\n    <li>потребовать замены на такой же товар другой марки (модели, артикула) с соответствующим перерасчетом покупной цены;</li>\r\n    <li>потребовать соразмерного уменьшения покупной цены;</li>\r\n    <li>потребовать незамедлительного безвозмездного устранения недостатков товара или&nbsp; возмещения расходов на их исправление Покупателем&nbsp; или третьим лицом;</li>\r\n    <li>отказаться от исполнения договора купли-продажи и потребовать возврата уплаченной за товар суммы.</li>\r\n</ul>\r\n<p>По требованию Продавца и за его счет Покупатель должен возвратить товар с недостатками.<br />\r\nТовары, реализуемые через сайт интернет-магазина www. cilita.com не подлежат обмену на аналогичный товар у Продавца, у которого этот товар был приобретен, в порядке, установленном ст. 25 Закона РФ &laquo;О защите прав потребителей&raquo; (если указанный товар не подошел по форме, габаритам, фасону, расцветке, размеру или комплектации)&nbsp; в связи с их отнесением к Перечню товаров, не подлежащих обмену по указанным основаниям (п.1. &laquo;Перечня непродовольственных товаров надлежащего качества, не подлежащих возврату или обмену на аналогичный товар других размера, формы, габарита, фасона, расцветки или комплектации&raquo;).<br />\r\n&nbsp;</p>\r\n<p><em><strong>Гарантии и ответственность</strong></em></p>\r\n<ol>\r\n    <li>Продавец не несет ответственности за ущерб, причиненный Покупателю вследствие ненадлежащего использования Товаров, приобретённых в Интернет-магазине.</li>\r\n    <li>Продавец не отвечает за убытки Покупателя возникшие в результате:\r\n    <ul>\r\n        <li>неправильного заполнения бланка-заказа, в т. ч. неправильного указания персональных данных,</li>\r\n        <li>неправомерных действий третьих лиц.</li>\r\n    </ul>\r\n    </li>\r\n    <li>Покупатель обязуется не использовать заказанный Товар в предпринимательских целях.</li>\r\n    <li>Покупатель несёт всю ответственность за достоверность сведений, указанных им при регистрации в Интернет-магазине.</li>\r\n    <li>Стороны освобождаются от ответственности за полное или частичное неисполнение своих обязательств, если такое неисполнение явилось следствием действия обстоятельств непреодолимой силы, возникших после вступления в силу Правил, в результате событий чрезвычайного характера, которые Стороны не могли предвидеть и предотвратить разумными мерами</li>\r\n    <li>В иных случаях неисполнения или ненадлежащего исполнения своих обязательств Стороны несут ответственность в соответствии с действующим законодательством Российской Федерации. <br />\r\n    &nbsp;</li>\r\n</ol>\r\n<p><em><strong>Конфиденциальность и защита персональной информации</strong></em></p>\r\n<p>1. Предоставление информации Покупателем:<br />\r\n<br />\r\n1.1. При регистрации в Интернет-магазине Покупатель предоставляет о себе следующую информацию: Фамилия, Имя, адрес электронной почты, номер телефона, вариант пароля для доступа к Интернет-магазину.<br />\r\n<br />\r\n2. Использование информации предоставленной Покупателем и получаемой Продавцом<br />\r\n<br />\r\n2.1. Продавец использует полученную от Покупателя информацию:</p>\r\n<ul>\r\n    <li>для регистрации Покупателя в Интернет-магазине;</li>\r\n    <li>для выполнения своих обязательств перед Покупателем;</li>\r\n    <li>для оценки и анализа работы Интернет-магазина.</li>\r\n</ul>\r\n<p>3. Разглашение информации, полученной Продавцом:<br />\r\n<br />\r\n3.1. Продавец обязуется не разглашать полученную от Покупателя информацию. Не считается нарушением предоставление Продавцом информации агентам и третьим лицам, действующим на основании договора с Продавцом, для исполнения обязательств перед Покупателем.<br />\r\n<br />\r\n3.2. Не считается нарушением обязательств разглашение информации в соответствии с обоснованными и применимыми требованиями закона.<br />\r\n&nbsp;</p>\r\n<p><em><strong>Прочие условия</strong></em></p>\r\n<ol>\r\n    <li>К отношениям между Покупателем и Продавцом применяется законодательство Российской Федерации.</li>\r\n    <li>Покупатель гарантирует, что все условия настоящих Правил ему понятны, и он принимает их безусловно и в полном объёме.</li>\r\n    <li>В случае возникновения положительных отзывов и претензий со стороны Покупателя он должен обратиться к Продавцу по телефону (4912) 955083.<br />\r\n    Все возникающее споры стороны будут стараться решить путем переговоров, при не достижении соглашения спор будет передан на рассмотрение в суд в соответствии с действующим законодательством РФ.</li>\r\n    <li>Недействительность какого-либо положения настоящих Правил не влечет за собой недействительность остальных положений.</li>\r\n</ol>\r\n</div>','','',NULL),
 (6,5,'<h2>Dear Sirs,<br />\r\nplease accept our apologies but the on-line store operates for the     domestic market only.</h2>','','',NULL),
 (7,4,'<p>Компания CILITA будет рада услышать Вас по телефону (4912) 95-50-83 <br />\r\nи по мобильным телефонам Вашего менеджера:<br />\r\n<br />\r\n<strong>Васюкова Светлана</strong> (руководитель экспортного направления) &mdash; <strong>8 905 186-55-57</strong><br />\r\n<strong>Матюхина Марина</strong> (руководитель офтальмологического направления) &mdash; <strong>8 905 186-55-56</strong><br />\r\n<strong>Костин Артем</strong> (менеджер по продажам офтальмологического инструмента) &mdash; <strong>8 960 568 96 66</strong><br />\r\n<strong>Михайлина Полина</strong> (руководитель направления по общей хирургии) &mdash; <strong>8 961 012-41-44</strong><br />\r\n<strong>Мартынов Алексей</strong> (руководитель направления по общей хирургии) &mdash; <strong>8 903 835-29-99</strong><br />\r\n<br />\r\nE-mail: <a href=\"mailto:%20sales@cilita.com\">sales@cilita.com</a><b><br />\r\n</b><b><span style=\"color: rgb(0, 136, 231);\"><br />\r\n</span></b>ООО &laquo;Цилита&raquo;<br />\r\n390010, г. Рязань, Россия<br />\r\nул. Октябрьская, д. 61</p>\r\n<p>&nbsp;</p>','','',NULL),
 (7,5,'<p>Cilita Ltd.<br />\r\n61, Oktyabrskaya Str.,<br />\r\nRyazan, Russia, 390010</p>\r\n<p>+7(4912)95-50-83</p>\r\n<div><a href=\"mailto:%20sales@cilita.com\">sales@cilita.com</a></div>','','',NULL);
UNLOCK TABLES;
/*!40000 ALTER TABLE `ContentLang` ENABLE KEYS */;


--
-- Definition of table `optica100`.`Country`
--

DROP TABLE IF EXISTS `optica100`.`Country`;
CREATE TABLE  `optica100`.`Country` (
  `id` mediumint(9) NOT NULL,
  `name` varchar(255) NOT NULL,
  `date_created` timestamp NOT NULL DEFAULT CURRENT_TIMESTAMP ON UPDATE CURRENT_TIMESTAMP,
  `date_modified` timestamp NOT NULL DEFAULT '0000-00-00 00:00:00',
  `active` tinyint(1) NOT NULL,
  PRIMARY KEY (`id`)
) ENGINE=MyISAM DEFAULT CHARSET=utf8;

--
-- Dumping data for table `optica100`.`Country`
--

/*!40000 ALTER TABLE `Country` DISABLE KEYS */;
LOCK TABLES `Country` WRITE;
INSERT INTO `optica100`.`Country` VALUES  (0,'Россия','2011-12-26 17:46:47','2011-12-13 08:56:25',1),
 (248,'Украина','2011-12-26 05:55:54','2011-12-23 11:50:59',0),
 (252,'Белоруссия','2011-12-26 05:58:30','2011-12-23 11:51:32',1),
 (115,'Казахстан','2011-12-26 06:13:54','2011-12-23 11:51:47',1);
UNLOCK TABLES;
/*!40000 ALTER TABLE `Country` ENABLE KEYS */;


--
-- Definition of table `optica100`.`Event`
--

DROP TABLE IF EXISTS `optica100`.`Event`;
CREATE TABLE  `optica100`.`Event` (
  `id` mediumint(9) NOT NULL AUTO_INCREMENT,
  `image` varchar(128) CHARACTER SET latin1 DEFAULT NULL,
  `date_added` datetime NOT NULL DEFAULT '0000-00-00 00:00:00',
  `date_modified` datetime NOT NULL DEFAULT '0000-00-00 00:00:00',
  `active` tinyint(1) NOT NULL,
  `sort` mediumint(4) DEFAULT NULL,
  PRIMARY KEY (`id`) USING BTREE
) ENGINE=MyISAM AUTO_INCREMENT=12 DEFAULT CHARSET=utf8;

--
-- Dumping data for table `optica100`.`Event`
--

/*!40000 ALTER TABLE `Event` DISABLE KEYS */;
LOCK TABLES `Event` WRITE;
INSERT INTO `optica100`.`Event` VALUES  (5,'','2011-10-28 16:55:31','2012-01-13 17:08:23',1,1),
 (4,'','2011-10-28 15:46:35','2012-01-13 17:16:15',1,0),
 (7,'','2011-10-28 16:56:24','2012-01-13 17:19:21',1,3),
 (8,'','2011-12-28 15:08:33','2012-01-13 17:21:52',1,5),
 (9,'','2012-01-13 16:24:45','2012-01-18 11:59:41',1,9),
 (10,'','2012-01-13 16:27:47','2012-01-18 11:59:48',1,10),
 (11,'','2012-01-13 16:31:23','2012-01-18 11:59:54',1,11);
UNLOCK TABLES;
/*!40000 ALTER TABLE `Event` ENABLE KEYS */;


--
-- Definition of table `optica100`.`EventLang`
--

DROP TABLE IF EXISTS `optica100`.`EventLang`;
CREATE TABLE  `optica100`.`EventLang` (
  `id_event` mediumint(9) NOT NULL,
  `id_lang` mediumint(9) NOT NULL,
  `content` text NOT NULL,
  `short_content` text,
  `image_title` varchar(128) DEFAULT NULL,
  `date_congress` varchar(255) NOT NULL,
  `city` varchar(255) NOT NULL,
  PRIMARY KEY (`id_event`,`id_lang`)
) ENGINE=MyISAM DEFAULT CHARSET=utf8;

--
-- Dumping data for table `optica100`.`EventLang`
--

/*!40000 ALTER TABLE `EventLang` DISABLE KEYS */;
LOCK TABLES `EventLang` WRITE;
INSERT INTO `optica100`.`EventLang` VALUES  (4,4,'<p><style type=\"text/css\">\r\n	<!--\r\n		@page { margin: 0.79in }\r\n		P { margin-bottom: 0.08in }\r\n	-->\r\n	</style></p>\r\n<p style=\"margin-bottom: 0in\"><style type=\"text/css\">\r\n	<!--\r\n		@page { margin: 0.79in }\r\n		P { margin-bottom: 0.08in }\r\n		A:link { so-language: zxx }\r\n	-->\r\n	</style></p>\r\n<p style=\"margin-bottom: 0in\"><span style=\"font-weight: normal\">По сложившейся традиции компания &laquo;ЦИЛИТА&raquo; начинает свою ежегодную выставочную деятельность с участия в весенней конференции, организуемой ФГУ МНТК &laquo;Микрохирургия глаза&raquo; им. Академика С.Н. Федорова, посвященной проблемам лечения витреоретинальных патологий. </span></p>\r\n<p style=\"margin-bottom: 0in\"><span style=\"font-weight: normal\">С более подробной информации о Конференции Вы можете ознакомиться на сайте организатора - </span><a href=\"http://www.mntk.ru/\">http://www.mntk.ru/</a></p>\r\n<p>&nbsp;</p>','X Научно-практическая конференция «Современные технологии лечения витреоретинальной патологии–2012»','','22–23 марта 2012 года','Москва, Россия'),
 (5,4,'<p><style type=\"text/css\"><!--\r\n		@page { margin: 0.79in }\r\n		P { margin-bottom: 0.08in }\r\n		A:link { so-language: zxx }\r\n	-->\r\n	</style></p>\r\n<p style=\"margin-bottom: 0in\">Конференция &laquo;Федоровские чтения&raquo; является летней встречей ведущих офтальмохирургов России, а также стран ближнего и дальнего зарубежья, в рамках которой обсуждаются актуальные вопросы диагностики глазной патологии, фундаментальные аспекты клеточных технологий, трансплантации роговицы , офтальмоанестезиологии и многие другие вопросы современной офтальмологии.</p>\r\n<p style=\"margin-bottom: 0in\">Компания &laquo;ЦИЛИТА&raquo; принимает участие в выставке офтальмологического оборудования, фармпрепаратов, сопутствующей медицинской продукции, сопровождающей конференцию и будет рада приветствовать Вас на нашем стенде!</p>\r\n<p style=\"margin-bottom: 0in\">Информация от организатора конференции <a href=\"http://www.mntk.ru/\">http://www.mntk.ru/</a></p>','X Всероссийская научно-практическая конференция «Федоровские чтения -2012»','','20-22 июня 2012 года','Москва, Россия'),
 (6,4,'Научно-практическая конференция «Федоровские чтения — 2011»\r\nМосква, Россия.','21—24 июня','','',''),
 (7,4,'<p><style type=\"text/css\">\r\n	<!--\r\n		@page { margin: 0.79in }\r\n		P { margin-bottom: 0.08in }\r\n		A:link { so-language: zxx }\r\n	-->\r\n	</style></p>\r\n<p style=\"margin-bottom: 0in\">На протяжении уже 7 лет Компания &laquo;ЦИЛИТА&raquo; принимает участие в выставке, сопровождающей ежегодный Конгресс Европейского Общества Катарактальных и Рефракционных Хирургов, где представляет свою продукцию на международном уровне. Неизменный успех и растущий спрос со стороны зарубежных клиентов являются фактом, подтверждающим высокую конкурентоспособность офтальмологических инструментов <span lang=\"en-US\">CILITA</span>.</p>\r\n<p style=\"margin-bottom: 0in\">Вся информация о Конгрессе представлена на официальном сайте организатора:  <a href=\"http://www.escrs.org/milan2012/default.asp\">http://www.escrs.org/milan2012/default.asp</a></p>','XXX Конгресс Европейского Общества Катарактальных и Рефракционных Хирургов (ESCRS-2012)','','7-11 сентября 2012 года','Милан, Италия'),
 (8,4,'<p><style type=\"text/css\">\r\n	<!--\r\n		@page { margin: 0.79in }\r\n		P { margin-bottom: 0.08in }\r\n	-->\r\n	</style>\r\n<p style=\"margin-bottom: 0in\"><style type=\"text/css\">\r\n	<!--\r\n		@page { margin: 0.79in }\r\n		P { margin-bottom: 0.08in }\r\n	-->\r\n	</style>\r\n<p style=\"margin-bottom: 0in\">Ежегодный Конгресс Американской Академии Офтальмологии считается одним из наиболее значимых событий в мире офтальмологии на Североамериканском  континенте. Наша компания имеет значительный стаж участника выставки и будет рада встрече с Вами в Чикаго!</p>\r\n<p style=\"margin-bottom: 0in;\"><style type=\"text/css\">\r\n	<!--\r\n		@page { margin: 0.79in }\r\n		P { margin-bottom: 0.08in }\r\n		A:link { so-language: zxx }\r\n	-->\r\n	</style>\r\n<p style=\"margin-bottom: 0in\"><a href=\"http://www.aao.org/meetings/annual_meeting/chicago.cfm\">http://www.aao.org/meetings/annual_meeting/chicago.cfm</a></p>\r\n</p>\r\n</p>\r\n</p>','IV Объединенный Конгресс Американской Академии Офтальмологии и Тихоокеанской Академии Офтальмологии (ААО-2012)','','10-13 октября 2012 года','Чикаго, США'),
 (9,4,'<p style=\"text-align: justify;\">Конференция &laquo;Современные  технологии катарактальной и рефракционной хирургии&raquo; в нынешнем году будет проводиться на базе ФГУ &laquo;МНТК &laquo;Микрохирургия глаза&raquo; им.акад.С.Н.Федорова&raquo; уже в 12 раз. Традиционно, в рамках выставки, сопровождающей Конференцию, наша компания представит весь ассортимент микрохирургического инструмента для офтальмологии и будет рада провести консультации для всех посетителей нашего стенда.</p>\r\n<p style=\"text-align: justify;\">Информация от организатора конференции <a target=\"_blank\" href=\"http://www.mntk.ru/\">http://www.mntk.ru</a></p>','«Современные  технологии катарактальной и рефракционной хирургии - 2012»','','25-27 октября 2012 года','Москва, Россия'),
 (10,4,'<p>В 2012 году компания &laquo;ЦИЛИТА&raquo; будет участвовать в выставке Здравоохранение в юбилейный, 5-й раз. На нашем стенде будет представлен  весь ассортимент производимого инструментария с большим упором на инструменты, используемые в общей хирургии,  сосудистой хирургии, травматологии, оториноларингологии, урологии, акушерства и гинекологии и прочих областях медицины.</p>\r\n<p><a href=\"http://www.zdravo-expo.ru/\" target=\"_blank\">http://www.zdravo-expo.ru</a></p>','22-я международная выставка «Здравоохранение, медицинская техника и лекарственные препараты»','','3-7 декабря 2012 года','Москва, Россия'),
 (11,4,'<p style=\"text-align: justify;\">10-е юбилейное заседание российского глаукомного общества по сложившейся традиции будет проведено в первую пятницу декабря в официальном отеле Конгресса &laquo;Холидей Инн Сокольники&raquo;.  Участие в конференции завершит выставочную деятельность компании &laquo;ЦИЛИТА&raquo; в нынешнем году.</p>\r\n<p style=\"text-align: justify;\">Более подробную информацию о Конференции можно получить на официальном сайте организатора <a href=\"http://www.glaucomanews.ru\" target=\"_blank\">http://www.glaucomanews.ru/</a></p>','Х Международная конференция  «ГЛАУКОМА:  теории, тенденции, технологии»','','7 декабря 2012 года','Москва, Россия'),
 (5,5,'<p>The conference &ldquo;Fyodorov&rsquo;s readings - 2012&rdquo; is a summer meeting of leading Russian ophthalmic surgeons. The Conference will dwell upon modern issues of ocular pathology diagnosis, fundamental aspects of cellular technologies, corneal transplantation and many other issues.</p>\r\n<p>Cilita company participates in the exhibition of ophthalmic facilities, pharmaceuticals, associated health care products, accompanying the conference and will be glad to greet you at our booth!</p>\r\n<p>Additional information can be found here <a target=\"_blank\" href=\"http://www.mntk.ru/\">http://www.mntk.ru</a></p>','X All-Russian Academic and Research Conference “Fyodorov’s Readings - 2012”','','20th – 22ndJune, 2012','Moscow, Russia'),
 (4,5,'<p>Traditionally, Cilita company starts its annual exhibition activity with participation in the spring conference  held by Federal State Institution &ldquo;EYE MISCROSURGERY&rdquo; of named after  Academician S.N. Fyodorov</p>\r\n<p>More information about the Conference you can find on the web-site <a target=\"_blank\" href=\"http://www.mntk.ru/\">http://www.mntk.ru</a></p>','X Academic and Research Conference “Modern Techniques of Vitreoretinal Pathology Treatment - 2012”','','22nd – 23rdMarch, 2012','Moscow, Russia'),
 (7,5,'<p>Through out seven years Cilita Company has been taking  part in the exhibition held by the European Society of Cataract &amp; Refractive Surgeons, where presents its products at the international level. Immutable success and increasing demand from foreign customers are the facts confirming high competitiveness of Cilita ophthalmic instruments.</p>\r\n<p>The information about the ESCRS presented on their official site:  <a target=\"_blank\" href=\"http://www.escrs.org/milan2012/default.asp\">http://www.escrs.org/milan2012/default.asp</a></p>','XXX European Society of Cataract & Refractive Surgeons (ESCRS-2012)','','7th- 11thSeptember , 2012',' Milan, Italy'),
 (8,5,'<p>Annual Congress of the American Academy of Ophthalmology is considered to be one of the most significant events in the world of ophthalmology on the Continent of North America. Our company is a permanent exhibitor of AAO Exhibition and we will be glad to see you in Chicago!</p>\r\n<p><a target=\"_blank\" href=\"http://www.aao.org/meetings/annual_meeting/chicago.cfm\">http://www.aao.org/meetings/annual_meeting/chicago.cfm</a></p>','IVJoint Congress of the American Academy of Ophthalmology and the Pacific Academy of Ophthalmology (ААО-2012)','','10th – 13th October, 2012','Chicago , USA'),
 (9,5,'<p>This year theconference&ldquo;Modern technologies of cataract and refractive surgery&rdquo; will be carried out for the twelfth time hosted by Federal State Institution &ldquo;EYE MISCROSURGERY&rdquo; of named after  Academician S.N. Fyodorov</p>\r\n<p>Traditionally, our company will present the whole product range of CILITA microsurgical ophthalmic instruments and we will be glad to provide consultations to all visitors on any questions related to our products .</p>\r\n<p>Additional  information: <a target=\"_blank\" href=\"http://www.mntk.ru/\">http://www.mntk.ru</a></p>','«Modern Technologies of Cataract  and Refractive Surgery - 2012»','','25th – 27thoctober 2012','Moscow, Russia'),
 (10,5,'<p>In 2012 year Cilita company will take part in the exhibition Zdravoohranenie for the anniversary 5th time. The whole range of medical instruments manufactured by our company will be presented at our booth. Special emphasis will be made of instruments for application in the sphere of general surgery,vascular surgery, traumatology, otorhinolaryngology, urinology, Obstetrics  and  Gynecology and other area of medicane.</p>\r\n<p><a target=\"_blank\" href=\"http://www.zdravo-expo.ru/\">http://www.zdravo-expo.ru</a></p>','22nd International Exhibition “Healthcare, medical devices  and pharmaceuticals ” – Zdravoohranenie - 2012','','3rd – 7th December, 2012','Moscow, Russia'),
 (11,5,'<p>10th anniversary meeting of Russian Society of Glaucoma will be traditionally held on the first Friday of December in the official hotel of Congress &ldquo;Holiday Inn Sokolniky&rdquo;.  </p>\r\n<p>Participation in this Conference will close Cilita;s exhibition activity in 2012.  </p>\r\n<p>More detailed information about the event is provided here:  <a target=\"_blank\" href=\"http://www.glaucomanews.ru/\">http://www.glaucomanews.ru</a></p>','Х International Conference “ GLAUCOMA:  theories, trends, technologies”','','7thDecember, 2012','Moscow, Russia');
UNLOCK TABLES;
/*!40000 ALTER TABLE `EventLang` ENABLE KEYS */;


--
-- Definition of table `optica100`.`File`
--

DROP TABLE IF EXISTS `optica100`.`File`;
CREATE TABLE  `optica100`.`File` (
  `id` mediumint(9) NOT NULL AUTO_INCREMENT,
  `name` varchar(255) COLLATE utf8_bin NOT NULL,
  `title` varchar(500) COLLATE utf8_bin NOT NULL,
  `size` int(11) NOT NULL,
  `ext` varchar(15) COLLATE utf8_bin NOT NULL,
  `date_added` timestamp NOT NULL DEFAULT CURRENT_TIMESTAMP,
  `date_modified` timestamp NOT NULL DEFAULT '0000-00-00 00:00:00',
  `active` tinyint(1) DEFAULT NULL,
  `sort` mediumint(3) DEFAULT NULL,
  PRIMARY KEY (`id`)
) ENGINE=MyISAM AUTO_INCREMENT=4 DEFAULT CHARSET=utf8 COLLATE=utf8_bin;

--
-- Dumping data for table `optica100`.`File`
--

/*!40000 ALTER TABLE `File` DISABLE KEYS */;
LOCK TABLES `File` WRITE;
INSERT INTO `optica100`.`File` VALUES  (1,0x5F32303131303832395F313233362E73716C,0x73716C,175851,0x746578742F782D73716C,'0000-00-00 00:00:00','2011-09-13 15:03:40',1,12),
 (2,0x5F32303131303731335F313432335F76617379612E73716C,0x76617379615F73716C313131,2156199,0x746578742F782D73716C,'0000-00-00 00:00:00','0000-00-00 00:00:00',1,NULL),
 (3,0x31313234345F302E6A7067,0x6A7067,5762,0x696D6167652F6A706567,'0000-00-00 00:00:00','0000-00-00 00:00:00',1,0);
UNLOCK TABLES;
/*!40000 ALTER TABLE `File` ENABLE KEYS */;


--
-- Definition of table `optica100`.`Image`
--

DROP TABLE IF EXISTS `optica100`.`Image`;
CREATE TABLE  `optica100`.`Image` (
  `id` mediumint(9) NOT NULL AUTO_INCREMENT,
  `file` varchar(255) COLLATE utf8_bin NOT NULL,
  `alt` varchar(255) COLLATE utf8_bin DEFAULT NULL,
  `main` tinyint(1) NOT NULL,
  `id_prod` mediumint(9) NOT NULL DEFAULT '0',
  `session_id` varchar(255) COLLATE utf8_bin NOT NULL,
  `date_added` timestamp NOT NULL DEFAULT CURRENT_TIMESTAMP ON UPDATE CURRENT_TIMESTAMP,
  `date_modified` timestamp NOT NULL DEFAULT '0000-00-00 00:00:00',
  PRIMARY KEY (`id`)
) ENGINE=MyISAM AUTO_INCREMENT=783 DEFAULT CHARSET=utf8 COLLATE=utf8_bin;

--
-- Dumping data for table `optica100`.`Image`
--

/*!40000 ALTER TABLE `Image` DISABLE KEYS */;
LOCK TABLES `Image` WRITE;
INSERT INTO `optica100`.`Image` VALUES  (721,0x3336325F3732312E6A7067,'',1,362,0x703330636974656C39756D30376F3334306672327274626F3335,'2012-02-03 09:52:26','2012-02-03 09:52:26'),
 (718,0x3336305F3731382E6A7067,'',0,360,0x703330636974656C39756D30376F3334306672327274626F3335,'2012-02-03 09:18:42','2012-02-03 09:18:42'),
 (719,0x3336315F3731392E6A7067,'',1,361,0x703330636974656C39756D30376F3334306672327274626F3335,'2012-02-03 09:22:13','2012-02-03 09:22:13'),
 (716,0x3335395F3731362E6A7067,'',0,359,0x703330636974656C39756D30376F3334306672327274626F3335,'2012-02-03 09:16:18','2012-02-03 09:16:18'),
 (717,0x3336305F3731372E6A7067,'',1,360,0x703330636974656C39756D30376F3334306672327274626F3335,'2012-02-03 09:18:34','2012-02-03 09:18:34'),
 (715,0x3335395F3731352E6A7067,'',1,359,0x703330636974656C39756D30376F3334306672327274626F3335,'2012-02-03 09:16:00','2012-02-03 09:16:00'),
 (714,0x38363962646634313834633461396437303861613363343835336164393764622E6A7067,'',0,0,0x61677436356F38756130766E6A63646673386D766A36356F6532,'2012-02-02 18:11:44','2012-02-02 18:11:44'),
 (712,0x3335385F3731322E6A7067,'',0,358,0x61677436356F38756130766E6A63646673386D766A36356F6532,'2012-02-02 18:00:37','2012-02-02 18:00:37'),
 (713,0x33663234653434323563323266633566313164626331666532643237626633382E6A7067,'',1,0,0x61677436356F38756130766E6A63646673386D766A36356F6532,'2012-02-02 18:11:26','2012-02-02 18:11:26'),
 (710,0x3335375F3731302E6A7067,'',0,357,0x61677436356F38756130766E6A63646673386D766A36356F6532,'2012-02-02 17:55:08','2012-02-02 17:55:08'),
 (711,0x3335385F3731312E6A7067,'',1,358,0x61677436356F38756130766E6A63646673386D766A36356F6532,'2012-02-02 18:00:20','2012-02-02 18:00:20'),
 (709,0x3335375F3730392E6A7067,'',1,357,0x61677436356F38756130766E6A63646673386D766A36356F6532,'2012-02-02 17:54:56','2012-02-02 17:54:56'),
 (708,0x3335365F3730382E6A7067,'',0,356,0x61677436356F38756130766E6A63646673386D766A36356F6532,'2012-02-02 17:52:22','2012-02-02 17:52:22'),
 (707,0x3335365F3730372E6A7067,'',1,356,0x61677436356F38756130766E6A63646673386D766A36356F6532,'2012-02-02 17:52:08','2012-02-02 17:52:08'),
 (706,0x3335355F3730362E6A7067,'',0,355,0x61677436356F38756130766E6A63646673386D766A36356F6532,'2012-02-02 17:50:05','2012-02-02 17:50:05'),
 (705,0x3335355F3730352E6A7067,'',1,355,0x61677436356F38756130766E6A63646673386D766A36356F6532,'2012-02-02 17:49:35','2012-02-02 17:49:35'),
 (704,0x3335345F3730342E6A7067,'',0,354,0x61677436356F38756130766E6A63646673386D766A36356F6532,'2012-02-02 17:47:20','2012-02-02 17:47:20'),
 (702,0x3335335F3730322E6A7067,'',0,353,0x61677436356F38756130766E6A63646673386D766A36356F6532,'2012-02-02 17:38:31','2012-02-02 17:38:31'),
 (703,0x3335345F3730332E6A7067,'',1,354,0x61677436356F38756130766E6A63646673386D766A36356F6532,'2012-02-02 17:47:01','2012-02-02 17:47:01'),
 (700,0x3335325F3730302E6A7067,'',1,352,0x61677436356F38756130766E6A63646673386D766A36356F6532,'2012-02-02 17:29:07','2012-02-02 17:29:07'),
 (701,0x3335335F3730312E6A7067,'',1,353,0x61677436356F38756130766E6A63646673386D766A36356F6532,'2012-02-02 17:38:11','2012-02-02 17:38:11'),
 (698,0x3335315F3639382E6A7067,'',0,351,0x61677436356F38756130766E6A63646673386D766A36356F6532,'2012-02-02 17:20:30','2012-02-02 17:20:30'),
 (699,0x3335325F3639392E6A7067,'',0,352,0x61677436356F38756130766E6A63646673386D766A36356F6532,'2012-02-02 17:29:00','2012-02-02 17:29:00'),
 (696,0x3335305F3639362E6A7067,'',0,350,0x61677436356F38756130766E6A63646673386D766A36356F6532,'2012-02-02 17:13:55','2012-02-02 17:13:55'),
 (697,0x3335315F3639372E6A7067,'',1,351,0x61677436356F38756130766E6A63646673386D766A36356F6532,'2012-02-02 17:20:22','2012-02-02 17:20:22'),
 (695,0x3335305F3639352E6A7067,'',1,350,0x61677436356F38756130766E6A63646673386D766A36356F6532,'2012-02-02 17:13:31','2012-02-02 17:13:31'),
 (690,0x3334375F3639302E6A7067,'',1,347,0x61677436356F38756130766E6A63646673386D766A36356F6532,'2012-02-02 16:30:17','2012-02-02 16:30:17'),
 (691,0x3334375F3639312E6A7067,'',0,347,0x61677436356F38756130766E6A63646673386D766A36356F6532,'2012-02-02 16:30:26','2012-02-02 16:30:26'),
 (694,0x3334395F3639342E6A7067,'',0,349,0x61677436356F38756130766E6A63646673386D766A36356F6532,'2012-02-02 16:53:19','2012-02-02 16:53:19'),
 (685,0x3334355F3638352E6A7067,'',0,345,0x61677436356F38756130766E6A63646673386D766A36356F6532,'2012-02-02 16:04:52','2012-02-02 16:04:52'),
 (684,0x3334355F3638342E6A7067,'',1,345,0x61677436356F38756130766E6A63646673386D766A36356F6532,'2012-02-02 16:04:30','2012-02-02 16:04:30'),
 (692,0x3334385F3639322E6A7067,'',1,348,0x62726C676D3333686B6D3034613936356E706276323937366836,'2012-02-02 16:31:18','2012-02-02 16:31:18'),
 (693,0x3334395F3639332E6A7067,'',1,349,0x61677436356F38756130766E6A63646673386D766A36356F6532,'2012-02-02 16:53:02','2012-02-02 16:53:02'),
 (682,0x39385F3638322E6A7067,'',1,98,0x3573633334623969617337756C656A726469356A647039327436,'2012-01-20 11:25:45','2012-01-20 11:25:45'),
 (681,0x32395F3638312E6A7067,'',1,29,0x3573633334623969617337756C656A726469356A647039327436,'2012-01-20 11:24:00','2012-01-20 11:24:00'),
 (680,0x3332325F3638302E6A7067,'',0,322,0x3573633334623969617337756C656A726469356A647039327436,'2012-01-20 11:19:57','2012-01-20 11:19:57'),
 (679,0x3332325F3637392E6A7067,'',1,322,0x3573633334623969617337756C656A726469356A647039327436,'2012-01-20 11:19:50','2012-01-20 11:19:50'),
 (625,0x3334345F3632352E6A7067,'',1,344,0x737436336E686F66386C70623574363430676167686274316837,'2011-11-08 08:34:47','2011-11-08 08:34:47'),
 (624,0x3334335F3632342E6A7067,'',0,343,0x737436336E686F66386C70623574363430676167686274316837,'2011-11-08 08:25:18','2011-11-08 08:25:18'),
 (623,0x3334335F3632332E6A7067,'',1,343,0x737436336E686F66386C70623574363430676167686274316837,'2011-11-08 08:25:06','2011-11-08 08:25:06'),
 (622,0x3234365F3632322E6A7067,'',0,246,0x737436336E686F66386C70623574363430676167686274316837,'2011-11-08 08:03:35','2011-11-08 08:03:35'),
 (621,0x3234365F3632312E6A7067,'',1,246,0x737436336E686F66386C70623574363430676167686274316837,'2011-11-08 08:03:26','2011-11-08 08:03:26'),
 (620,0x3234375F3632302E6A7067,'',0,247,0x737436336E686F66386C70623574363430676167686274316837,'2011-11-08 08:03:08','2011-11-08 08:03:08'),
 (619,0x3234375F3631392E6A7067,'',1,247,0x737436336E686F66386C70623574363430676167686274316837,'2011-11-08 08:02:58','2011-11-08 08:02:58'),
 (618,0x3234355F3631382E6A7067,'',0,245,0x737436336E686F66386C70623574363430676167686274316837,'2011-11-08 08:02:36','2011-11-08 08:02:36'),
 (617,0x3234355F3631372E6A7067,'',1,245,0x737436336E686F66386C70623574363430676167686274316837,'2011-11-08 08:02:23','2011-11-08 08:02:23'),
 (616,0x3234345F3631362E6A7067,'',0,244,0x737436336E686F66386C70623574363430676167686274316837,'2011-11-08 08:01:59','2011-11-08 08:01:59'),
 (615,0x3234345F3631352E6A7067,'',1,244,0x737436336E686F66386C70623574363430676167686274316837,'2011-11-08 08:01:30','2011-11-08 08:01:30'),
 (614,0x3234335F3631342E6A7067,'',0,243,0x737436336E686F66386C70623574363430676167686274316837,'2011-11-08 08:01:05','2011-11-08 08:01:05'),
 (613,0x3234335F3631332E6A7067,'',1,243,0x737436336E686F66386C70623574363430676167686274316837,'2011-11-08 08:00:52','2011-11-08 08:00:52'),
 (612,0x3234325F3631322E6A7067,'',0,242,0x737436336E686F66386C70623574363430676167686274316837,'2011-11-08 07:59:45','2011-11-08 07:59:45'),
 (611,0x3234325F3631312E6A7067,'',1,242,0x737436336E686F66386C70623574363430676167686274316837,'2011-11-08 07:59:07','2011-11-08 07:59:07'),
 (610,0x3234315F3631302E6A7067,'',0,241,0x737436336E686F66386C70623574363430676167686274316837,'2011-11-08 07:58:47','2011-11-08 07:58:47'),
 (609,0x3234315F3630392E6A7067,'',1,241,0x737436336E686F66386C70623574363430676167686274316837,'2011-11-08 07:58:37','2011-11-08 07:58:37'),
 (608,0x3234305F3630382E6A7067,'',0,240,0x737436336E686F66386C70623574363430676167686274316837,'2011-11-08 07:58:17','2011-11-08 07:58:17'),
 (607,0x3234305F3630372E6A7067,'',1,240,0x737436336E686F66386C70623574363430676167686274316837,'2011-11-08 07:58:01','2011-11-08 07:58:01'),
 (606,0x3233395F3630362E6A7067,'',0,239,0x737436336E686F66386C70623574363430676167686274316837,'2011-11-08 07:57:37','2011-11-08 07:57:37'),
 (605,0x3233395F3630352E6A7067,'',1,239,0x737436336E686F66386C70623574363430676167686274316837,'2011-11-08 07:57:28','2011-11-08 07:57:28'),
 (604,0x3233375F3630342E6A7067,'',0,237,0x737436336E686F66386C70623574363430676167686274316837,'2011-11-08 07:55:55','2011-11-08 07:55:55'),
 (603,0x3233375F3630332E6A7067,'',1,237,0x737436336E686F66386C70623574363430676167686274316837,'2011-11-08 07:55:49','2011-11-08 07:55:49'),
 (602,0x3233365F3630322E6A7067,'',0,236,0x737436336E686F66386C70623574363430676167686274316837,'2011-11-08 07:55:29','2011-11-08 07:55:29'),
 (601,0x3233365F3630312E6A7067,'',1,236,0x737436336E686F66386C70623574363430676167686274316837,'2011-11-08 07:55:21','2011-11-08 07:55:21'),
 (600,0x3233385F3630302E6A7067,'',0,238,0x737436336E686F66386C70623574363430676167686274316837,'2011-11-08 07:55:02','2011-11-08 07:55:02'),
 (599,0x3233385F3539392E6A7067,'',1,238,0x737436336E686F66386C70623574363430676167686274316837,'2011-11-08 07:54:52','2011-11-08 07:54:52'),
 (598,0x3233355F3539382E6A7067,'',0,235,0x737436336E686F66386C70623574363430676167686274316837,'2011-11-08 07:54:32','2011-11-08 07:54:32'),
 (597,0x3233355F3539372E6A7067,'',1,235,0x737436336E686F66386C70623574363430676167686274316837,'2011-11-08 07:54:27','2011-11-08 07:54:27'),
 (596,0x3233345F3539362E6A7067,'',0,234,0x737436336E686F66386C70623574363430676167686274316837,'2011-11-08 07:54:07','2011-11-08 07:54:07'),
 (595,0x3233345F3539352E6A7067,'',1,234,0x737436336E686F66386C70623574363430676167686274316837,'2011-11-08 07:54:00','2011-11-08 07:54:00'),
 (594,0x3233335F3539342E6A7067,'',0,233,0x737436336E686F66386C70623574363430676167686274316837,'2011-11-08 07:52:57','2011-11-08 07:52:57'),
 (591,0x3233335F3539312E6A7067,'',1,233,0x737436336E686F66386C70623574363430676167686274316837,'2011-11-08 07:51:10','2011-11-08 07:51:10'),
 (588,0x3233325F3538382E6A7067,'',0,232,0x737436336E686F66386C70623574363430676167686274316837,'2011-11-08 07:49:57','2011-11-08 07:49:57'),
 (587,0x3233325F3538372E6A7067,'',1,232,0x737436336E686F66386C70623574363430676167686274316837,'2011-11-08 07:49:51','2011-11-08 07:49:51'),
 (586,0x3233315F3538362E6A7067,'',0,231,0x737436336E686F66386C70623574363430676167686274316837,'2011-11-08 07:49:27','2011-11-08 07:49:27'),
 (585,0x3233315F3538352E6A7067,'',1,231,0x737436336E686F66386C70623574363430676167686274316837,'2011-11-08 07:49:18','2011-11-08 07:49:18'),
 (584,0x3233305F3538342E6A7067,'',0,230,0x31716C35726574733769633274646E64376E676B6D7461706937,'2011-11-08 07:07:30','2011-11-08 07:07:30'),
 (583,0x3233305F3538332E6A7067,'',1,230,0x31716C35726574733769633274646E64376E676B6D7461706937,'2011-11-08 07:07:22','2011-11-08 07:07:22'),
 (582,0x3232395F3538322E6A7067,'',0,229,0x31716C35726574733769633274646E64376E676B6D7461706937,'2011-11-08 07:07:02','2011-11-08 07:07:02'),
 (581,0x3232395F3538312E6A7067,'',1,229,0x31716C35726574733769633274646E64376E676B6D7461706937,'2011-11-08 07:06:56','2011-11-08 07:06:56'),
 (580,0x3232385F3538302E6A7067,'',0,228,0x31716C35726574733769633274646E64376E676B6D7461706937,'2011-11-08 07:06:09','2011-11-08 07:06:09'),
 (579,0x3232385F3537392E6A7067,'',1,228,0x31716C35726574733769633274646E64376E676B6D7461706937,'2011-11-08 07:06:01','2011-11-08 07:06:01'),
 (578,0x3232365F3537382E6A7067,'',0,226,0x31716C35726574733769633274646E64376E676B6D7461706937,'2011-11-08 07:05:11','2011-11-08 07:05:11'),
 (577,0x3232365F3537372E6A7067,'',1,226,0x31716C35726574733769633274646E64376E676B6D7461706937,'2011-11-08 07:05:04','2011-11-08 07:05:04'),
 (576,0x3232355F3537362E6A7067,'',0,225,0x31716C35726574733769633274646E64376E676B6D7461706937,'2011-11-08 07:04:17','2011-11-08 07:04:17'),
 (575,0x3232355F3537352E6A7067,'',1,225,0x31716C35726574733769633274646E64376E676B6D7461706937,'2011-11-08 07:03:35','2011-11-08 07:03:35'),
 (574,0x3232345F3537342E6A7067,'',0,224,0x31716C35726574733769633274646E64376E676B6D7461706937,'2011-11-08 07:02:47','2011-11-08 07:02:47'),
 (573,0x3232345F3537332E6A7067,'',1,224,0x31716C35726574733769633274646E64376E676B6D7461706937,'2011-11-08 07:02:41','2011-11-08 07:02:41'),
 (572,0x3232335F3537322E6A7067,'',0,223,0x31716C35726574733769633274646E64376E676B6D7461706937,'2011-11-08 07:02:16','2011-11-08 07:02:16'),
 (571,0x3232335F3537312E6A7067,'',1,223,0x31716C35726574733769633274646E64376E676B6D7461706937,'2011-11-08 07:02:10','2011-11-08 07:02:10'),
 (570,0x3232325F3537302E6A7067,'',0,222,0x31716C35726574733769633274646E64376E676B6D7461706937,'2011-11-08 07:00:47','2011-11-08 07:00:47'),
 (569,0x3232325F3536392E6A7067,'',1,222,0x31716C35726574733769633274646E64376E676B6D7461706937,'2011-11-08 07:00:41','2011-11-08 07:00:41'),
 (568,0x3232315F3536382E6A7067,'',0,221,0x31716C35726574733769633274646E64376E676B6D7461706937,'2011-11-08 07:00:00','2011-11-08 07:00:00'),
 (567,0x3232315F3536372E6A7067,'',1,221,0x31716C35726574733769633274646E64376E676B6D7461706937,'2011-11-08 06:59:53','2011-11-08 06:59:53'),
 (566,0x3232305F3536362E6A7067,'',0,220,0x31716C35726574733769633274646E64376E676B6D7461706937,'2011-11-08 06:59:13','2011-11-08 06:59:13'),
 (565,0x3232305F3536352E6A7067,'',1,220,0x31716C35726574733769633274646E64376E676B6D7461706937,'2011-11-08 06:59:06','2011-11-08 06:59:06'),
 (564,0x3237325F3536342E6A7067,'',1,272,0x396D6D6830756D30686535626330687574393436686832377635,'2011-11-08 06:06:50','2011-11-08 06:06:50'),
 (563,0x3237315F3536332E6A7067,'',1,271,0x396D6D6830756D30686535626330687574393436686832377635,'2011-11-08 06:06:06','2011-11-08 06:06:06'),
 (562,0x3237305F3536322E6A7067,'',1,270,0x396D6D6830756D30686535626330687574393436686832377635,'2011-11-08 06:05:52','2011-11-08 06:05:52'),
 (561,0x3236395F3536312E6A7067,'',1,269,0x396D6D6830756D30686535626330687574393436686832377635,'2011-11-08 06:04:07','2011-11-08 06:04:07'),
 (559,0x3236385F3535392E6A7067,'',1,268,0x396D6D6830756D30686535626330687574393436686832377635,'2011-11-08 06:02:15','2011-11-08 06:02:15'),
 (558,0x3236355F3535382E6A7067,'',1,265,0x396D6D6830756D30686535626330687574393436686832377635,'2011-11-08 06:01:29','2011-11-08 06:01:29'),
 (557,0x3236365F3535372E6A7067,'',1,266,0x396D6D6830756D30686535626330687574393436686832377635,'2011-11-08 06:01:13','2011-11-08 06:01:13'),
 (556,0x3236375F3535362E6A7067,'',1,267,0x396D6D6830756D30686535626330687574393436686832377635,'2011-11-08 06:00:55','2011-11-08 06:00:55'),
 (555,0x3236345F3535352E6A7067,'',1,264,0x396D6D6830756D30686535626330687574393436686832377635,'2011-11-08 05:59:03','2011-11-08 05:59:03'),
 (554,0x3236335F3535342E6A7067,'',1,263,0x396D6D6830756D30686535626330687574393436686832377635,'2011-11-08 05:58:30','2011-11-08 05:58:30'),
 (553,0x3236315F3535332E6A7067,'',1,261,0x396D6D6830756D30686535626330687574393436686832377635,'2011-11-08 05:56:53','2011-11-08 05:56:53'),
 (552,0x3236305F3535322E6A7067,'',1,260,0x396D6D6830756D30686535626330687574393436686832377635,'2011-11-08 05:54:59','2011-11-08 05:54:59'),
 (551,0x3235395F3535312E6A7067,'',1,259,0x396D6D6830756D30686535626330687574393436686832377635,'2011-11-08 05:54:44','2011-11-08 05:54:44'),
 (550,0x3236325F3535302E6A7067,'',1,262,0x396D6D6830756D30686535626330687574393436686832377635,'2011-11-08 05:54:21','2011-11-08 05:54:21'),
 (547,0x3235385F3534372E6A7067,'',1,258,0x396D6D6830756D30686535626330687574393436686832377635,'2011-11-08 05:50:13','2011-11-08 05:50:13'),
 (546,0x64666263643562363537326336393366333434313666643830636636626137322E6A7067,'',1,258,0x636538616464387364356D6F636134626E723069356F33376436,'2011-11-08 05:49:55','2011-11-08 05:49:55'),
 (545,0x3235375F3534352E6A7067,'',1,257,0x636538616464387364356D6F636134626E723069356F33376436,'2011-11-08 05:27:36','2011-11-08 05:27:36'),
 (544,0x3235365F3534342E6A7067,'',1,256,0x636538616464387364356D6F636134626E723069356F33376436,'2011-11-08 05:26:29','2011-11-08 05:26:29'),
 (543,0x3235355F3534332E6A7067,'',1,255,0x636538616464387364356D6F636134626E723069356F33376436,'2011-11-08 05:26:18','2011-11-08 05:26:18'),
 (542,0x3235345F3534322E6A7067,'',1,254,0x636538616464387364356D6F636134626E723069356F33376436,'2011-11-08 05:25:36','2011-11-08 05:25:36'),
 (541,0x3235335F3534312E6A7067,'',1,253,0x636538616464387364356D6F636134626E723069356F33376436,'2011-11-08 05:25:00','2011-11-08 05:25:00'),
 (540,0x3235325F3534302E6A7067,'',1,252,0x636538616464387364356D6F636134626E723069356F33376436,'2011-11-08 05:21:27','2011-11-08 05:21:27'),
 (539,0x3235315F3533392E6A7067,'',1,251,0x636538616464387364356D6F636134626E723069356F33376436,'2011-11-08 05:19:31','2011-11-08 05:19:31'),
 (538,0x3235305F3533382E6A7067,'',1,250,0x636538616464387364356D6F636134626E723069356F33376436,'2011-11-08 05:17:38','2011-11-08 05:17:38'),
 (537,0x3234395F3533372E6A7067,'',1,249,0x636538616464387364356D6F636134626E723069356F33376436,'2011-11-08 05:16:28','2011-11-08 05:16:28'),
 (536,0x3234385F3533362E6A7067,'',1,248,0x636538616464387364356D6F636134626E723069356F33376436,'2011-11-08 05:12:56','2011-11-08 05:12:56'),
 (535,0x3231395F3533352E6A7067,'',0,219,0x3432306E7467746F616538333363356B6C316A736D366A676734,'2011-11-07 10:17:19','2011-11-07 10:17:19'),
 (534,0x3231395F3533342E6A7067,'',1,219,0x3432306E7467746F616538333363356B6C316A736D366A676734,'2011-11-07 10:17:13','2011-11-07 10:17:13'),
 (533,0x3231385F3533332E6A7067,'',0,218,0x3432306E7467746F616538333363356B6C316A736D366A676734,'2011-11-07 10:16:50','2011-11-07 10:16:50'),
 (532,0x3231385F3533322E6A7067,'',0,218,0x3432306E7467746F616538333363356B6C316A736D366A676734,'2011-11-07 10:16:42','2011-11-07 10:16:42'),
 (531,0x3231385F3533312E6A7067,'',1,218,0x3432306E7467746F616538333363356B6C316A736D366A676734,'2011-11-07 10:16:37','2011-11-07 10:16:37'),
 (530,0x3231375F3533302E6A7067,'',0,217,0x3432306E7467746F616538333363356B6C316A736D366A676734,'2011-11-07 10:16:03','2011-11-07 10:16:03'),
 (529,0x3231375F3532392E6A7067,'',1,217,0x3432306E7467746F616538333363356B6C316A736D366A676734,'2011-11-07 10:15:57','2011-11-07 10:15:57'),
 (528,0x3231365F3532382E6A7067,'',0,216,0x3432306E7467746F616538333363356B6C316A736D366A676734,'2011-11-07 10:15:31','2011-11-07 10:15:31'),
 (527,0x3231365F3532372E6A7067,'',1,216,0x3432306E7467746F616538333363356B6C316A736D366A676734,'2011-11-07 10:15:25','2011-11-07 10:15:25'),
 (526,0x3231355F3532362E6A7067,'',0,215,0x3432306E7467746F616538333363356B6C316A736D366A676734,'2011-11-07 10:13:16','2011-11-07 10:13:16'),
 (525,0x3231355F3532352E6A7067,'',1,215,0x3432306E7467746F616538333363356B6C316A736D366A676734,'2011-11-07 10:13:10','2011-11-07 10:13:10'),
 (524,0x3231345F3532342E6A7067,'',0,214,0x3432306E7467746F616538333363356B6C316A736D366A676734,'2011-11-07 10:12:52','2011-11-07 10:12:52'),
 (523,0x3231345F3532332E6A7067,'',1,214,0x3432306E7467746F616538333363356B6C316A736D366A676734,'2011-11-07 10:12:45','2011-11-07 10:12:45'),
 (522,0x3231335F3532322E6A7067,'',0,213,0x3432306E7467746F616538333363356B6C316A736D366A676734,'2011-11-07 10:12:07','2011-11-07 10:12:07'),
 (521,0x3231335F3532312E6A7067,'',0,213,0x3432306E7467746F616538333363356B6C316A736D366A676734,'2011-11-07 10:12:00','2011-11-07 10:12:00'),
 (520,0x3231335F3532302E6A7067,'',1,213,0x3432306E7467746F616538333363356B6C316A736D366A676734,'2011-11-07 10:11:54','2011-11-07 10:11:54'),
 (519,0x3231325F3531392E6A7067,'',0,212,0x3432306E7467746F616538333363356B6C316A736D366A676734,'2011-11-07 10:10:08','2011-11-07 10:10:08'),
 (518,0x3231325F3531382E6A7067,'',0,212,0x3432306E7467746F616538333363356B6C316A736D366A676734,'2011-11-07 10:10:01','2011-11-07 10:10:01'),
 (517,0x3231325F3531372E6A7067,'',1,212,0x3432306E7467746F616538333363356B6C316A736D366A676734,'2011-11-07 10:09:54','2011-11-07 10:09:54'),
 (516,0x3231315F3531362E6A7067,'',0,211,0x3432306E7467746F616538333363356B6C316A736D366A676734,'2011-11-07 10:09:33','2011-11-07 10:09:33'),
 (515,0x3231315F3531352E6A7067,'',0,211,0x3432306E7467746F616538333363356B6C316A736D366A676734,'2011-11-07 10:09:22','2011-11-07 10:09:22'),
 (514,0x3231315F3531342E6A7067,'',1,211,0x3432306E7467746F616538333363356B6C316A736D366A676734,'2011-11-07 10:09:15','2011-11-07 10:09:15'),
 (513,0x3230375F3531332E6A7067,'',0,207,0x3432306E7467746F616538333363356B6C316A736D366A676734,'2011-11-07 10:08:40','2011-11-07 10:08:40'),
 (512,0x3230375F3531322E6A7067,'',1,207,0x3432306E7467746F616538333363356B6C316A736D366A676734,'2011-11-07 10:08:32','2011-11-07 10:08:32'),
 (511,0x3230365F3531312E6A7067,'',0,206,0x3432306E7467746F616538333363356B6C316A736D366A676734,'2011-11-07 10:08:16','2011-11-07 10:08:16'),
 (510,0x3230365F3531302E6A7067,'',1,206,0x3432306E7467746F616538333363356B6C316A736D366A676734,'2011-11-07 10:08:09','2011-11-07 10:08:09'),
 (509,0x3231305F3530392E6A7067,'',0,210,0x3432306E7467746F616538333363356B6C316A736D366A676734,'2011-11-07 10:06:36','2011-11-07 10:06:36'),
 (508,0x3231305F3530382E6A7067,'',1,210,0x3432306E7467746F616538333363356B6C316A736D366A676734,'2011-11-07 10:06:31','2011-11-07 10:06:31'),
 (507,0x3230395F3530372E6A7067,'',0,209,0x3432306E7467746F616538333363356B6C316A736D366A676734,'2011-11-07 10:06:12','2011-11-07 10:06:12'),
 (506,0x3230395F3530362E6A7067,'',1,209,0x3432306E7467746F616538333363356B6C316A736D366A676734,'2011-11-07 10:06:05','2011-11-07 10:06:05'),
 (505,0x3230385F3530352E6A7067,'',0,208,0x3432306E7467746F616538333363356B6C316A736D366A676734,'2011-11-07 10:05:19','2011-11-07 10:05:19'),
 (504,0x3230385F3530342E6A7067,'',1,208,0x3432306E7467746F616538333363356B6C316A736D366A676734,'2011-11-07 10:05:13','2011-11-07 10:05:13'),
 (503,0x3230355F3530332E6A7067,'',0,205,0x3432306E7467746F616538333363356B6C316A736D366A676734,'2011-11-07 10:04:53','2011-11-07 10:04:53'),
 (502,0x3230355F3530322E6A7067,'',1,205,0x3432306E7467746F616538333363356B6C316A736D366A676734,'2011-11-07 10:04:48','2011-11-07 10:04:48'),
 (501,0x3230345F3530312E6A7067,'',0,204,0x3432306E7467746F616538333363356B6C316A736D366A676734,'2011-11-07 10:04:31','2011-11-07 10:04:31'),
 (500,0x3230345F3530302E6A7067,'',1,204,0x3432306E7467746F616538333363356B6C316A736D366A676734,'2011-11-07 10:04:26','2011-11-07 10:04:26'),
 (499,0x3230335F3439392E6A7067,'',0,203,0x3432306E7467746F616538333363356B6C316A736D366A676734,'2011-11-07 10:04:07','2011-11-07 10:04:07'),
 (498,0x3230335F3439382E6A7067,'',1,203,0x3432306E7467746F616538333363356B6C316A736D366A676734,'2011-11-07 10:04:00','2011-11-07 10:04:00'),
 (497,0x3230325F3439372E6A7067,'',0,202,0x686F3433716E6B33653163626C38647431746F6C626133666132,'2011-11-07 07:31:24','2011-11-07 07:31:24'),
 (496,0x3230325F3439362E6A7067,'',1,202,0x686F3433716E6B33653163626C38647431746F6C626133666132,'2011-11-07 07:31:16','2011-11-07 07:31:16'),
 (495,0x3230315F3439352E6A7067,'',0,201,0x686F3433716E6B33653163626C38647431746F6C626133666132,'2011-11-07 07:30:37','2011-11-07 07:30:37'),
 (494,0x3230315F3439342E6A7067,'',1,201,0x686F3433716E6B33653163626C38647431746F6C626133666132,'2011-11-07 07:30:28','2011-11-07 07:30:28'),
 (493,0x3230305F3439332E6A7067,'',0,200,0x686F3433716E6B33653163626C38647431746F6C626133666132,'2011-11-07 07:29:50','2011-11-07 07:29:50'),
 (492,0x3230305F3439322E6A7067,'',1,200,0x686F3433716E6B33653163626C38647431746F6C626133666132,'2011-11-07 07:29:42','2011-11-07 07:29:42'),
 (491,0x3139395F3439312E6A7067,'',0,199,0x686F3433716E6B33653163626C38647431746F6C626133666132,'2011-11-07 07:29:01','2011-11-07 07:29:01'),
 (490,0x3139395F3439302E6A7067,'',1,199,0x686F3433716E6B33653163626C38647431746F6C626133666132,'2011-11-07 07:28:54','2011-11-07 07:28:54'),
 (489,0x3139385F3438392E6A7067,'',0,198,0x686F3433716E6B33653163626C38647431746F6C626133666132,'2011-11-07 07:27:41','2011-11-07 07:27:41'),
 (488,0x3139385F3438382E6A7067,'',1,198,0x686F3433716E6B33653163626C38647431746F6C626133666132,'2011-11-07 07:27:34','2011-11-07 07:27:34'),
 (487,0x3139375F3438372E6A7067,'',0,197,0x686F3433716E6B33653163626C38647431746F6C626133666132,'2011-11-07 07:26:53','2011-11-07 07:26:53'),
 (486,0x3139375F3438362E6A7067,'',1,197,0x686F3433716E6B33653163626C38647431746F6C626133666132,'2011-11-07 07:26:47','2011-11-07 07:26:47'),
 (485,0x3139365F3438352E6A7067,'',0,196,0x686F3433716E6B33653163626C38647431746F6C626133666132,'2011-11-07 07:15:37','2011-11-07 07:15:37'),
 (484,0x3139365F3438342E6A7067,'',1,196,0x686F3433716E6B33653163626C38647431746F6C626133666132,'2011-11-07 07:14:56','2011-11-07 07:14:56'),
 (483,0x3139355F3438332E6A7067,'',0,195,0x686F3433716E6B33653163626C38647431746F6C626133666132,'2011-11-07 07:14:11','2011-11-07 07:14:11'),
 (482,0x3139355F3438322E6A7067,'',1,195,0x686F3433716E6B33653163626C38647431746F6C626133666132,'2011-11-07 07:13:57','2011-11-07 07:13:57'),
 (481,0x3139345F3438312E6A7067,'',0,194,0x686F3433716E6B33653163626C38647431746F6C626133666132,'2011-11-07 07:13:17','2011-11-07 07:13:17'),
 (480,0x3139345F3438302E6A7067,'',1,194,0x686F3433716E6B33653163626C38647431746F6C626133666132,'2011-11-07 07:13:11','2011-11-07 07:13:11'),
 (479,0x3139335F3437392E6A7067,'',0,193,0x686F3433716E6B33653163626C38647431746F6C626133666132,'2011-11-07 07:12:24','2011-11-07 07:12:24'),
 (478,0x3139335F3437382E6A7067,'',1,193,0x686F3433716E6B33653163626C38647431746F6C626133666132,'2011-11-07 07:12:16','2011-11-07 07:12:16'),
 (477,0x3139325F3437372E6A7067,'',0,192,0x686F3433716E6B33653163626C38647431746F6C626133666132,'2011-11-07 07:11:28','2011-11-07 07:11:28'),
 (476,0x3139325F3437362E6A7067,'',1,192,0x686F3433716E6B33653163626C38647431746F6C626133666132,'2011-11-07 07:11:20','2011-11-07 07:11:20'),
 (475,0x3139315F3437352E6A7067,'',0,191,0x623068696E3976616C6D6666376A35616D687465686F6F666C30,'2011-11-03 12:57:58','2011-11-03 12:57:58'),
 (474,0x3139315F3437342E6A7067,'',1,191,0x623068696E3976616C6D6666376A35616D687465686F6F666C30,'2011-11-03 12:57:48','2011-11-03 12:57:48'),
 (473,0x3139305F3437332E6A7067,'',0,190,0x623068696E3976616C6D6666376A35616D687465686F6F666C30,'2011-11-03 12:50:22','2011-11-03 12:50:22'),
 (472,0x3139305F3437322E6A7067,'',1,190,0x623068696E3976616C6D6666376A35616D687465686F6F666C30,'2011-11-03 12:50:16','2011-11-03 12:50:16'),
 (471,0x3138395F3437312E6A7067,'',0,189,0x623068696E3976616C6D6666376A35616D687465686F6F666C30,'2011-11-03 12:49:44','2011-11-03 12:49:44'),
 (470,0x3138395F3437302E6A7067,'',1,189,0x623068696E3976616C6D6666376A35616D687465686F6F666C30,'2011-11-03 12:49:33','2011-11-03 12:49:33'),
 (469,0x3138385F3436392E6A7067,'',0,188,0x623068696E3976616C6D6666376A35616D687465686F6F666C30,'2011-11-03 12:47:41','2011-11-03 12:47:41'),
 (468,0x3138385F3436382E6A7067,'',1,188,0x623068696E3976616C6D6666376A35616D687465686F6F666C30,'2011-11-03 12:47:34','2011-11-03 12:47:34'),
 (465,0x3138375F3436352E6A7067,'',0,187,0x623068696E3976616C6D6666376A35616D687465686F6F666C30,'2011-11-03 12:44:32','2011-11-03 12:44:32'),
 (467,0x3138375F3436372E6A7067,'',1,187,0x623068696E3976616C6D6666376A35616D687465686F6F666C30,'2011-11-03 12:47:16','2011-11-03 12:47:16'),
 (463,0x3138365F3436332E6A7067,'',0,186,0x623068696E3976616C6D6666376A35616D687465686F6F666C30,'2011-11-03 12:41:47','2011-11-03 12:41:47'),
 (462,0x3138365F3436322E6A7067,'',1,186,0x623068696E3976616C6D6666376A35616D687465686F6F666C30,'2011-11-03 12:41:31','2011-11-03 12:41:31'),
 (461,0x3138355F3436312E6A7067,'',0,185,0x623068696E3976616C6D6666376A35616D687465686F6F666C30,'2011-11-03 12:40:04','2011-11-03 12:40:04'),
 (460,0x3138355F3436302E6A7067,'',1,185,0x623068696E3976616C6D6666376A35616D687465686F6F666C30,'2011-11-03 12:39:55','2011-11-03 12:39:55'),
 (459,0x3138345F3435392E6A7067,'',0,184,0x623068696E3976616C6D6666376A35616D687465686F6F666C30,'2011-11-03 12:38:37','2011-11-03 12:38:37'),
 (458,0x3138345F3435382E6A7067,'',1,184,0x623068696E3976616C6D6666376A35616D687465686F6F666C30,'2011-11-03 12:38:30','2011-11-03 12:38:30'),
 (457,0x3138335F3435372E6A7067,'',0,183,0x623068696E3976616C6D6666376A35616D687465686F6F666C30,'2011-11-03 12:36:58','2011-11-03 12:36:58'),
 (456,0x3138335F3435362E6A7067,'',1,183,0x623068696E3976616C6D6666376A35616D687465686F6F666C30,'2011-11-03 12:36:49','2011-11-03 12:36:49'),
 (455,0x3138305F3435352E6A7067,'',0,180,0x623068696E3976616C6D6666376A35616D687465686F6F666C30,'2011-11-03 12:34:32','2011-11-03 12:34:32'),
 (454,0x3138305F3435342E6A7067,'',1,180,0x623068696E3976616C6D6666376A35616D687465686F6F666C30,'2011-11-03 12:34:25','2011-11-03 12:34:25'),
 (453,0x3138325F3435332E6A7067,'',0,182,0x623068696E3976616C6D6666376A35616D687465686F6F666C30,'2011-11-03 12:29:08','2011-11-03 12:29:08'),
 (452,0x3138325F3435322E6A7067,'',1,182,0x623068696E3976616C6D6666376A35616D687465686F6F666C30,'2011-11-03 12:28:59','2011-11-03 12:28:59'),
 (451,0x3138315F3435312E6A7067,'',0,181,0x623068696E3976616C6D6666376A35616D687465686F6F666C30,'2011-11-03 12:28:35','2011-11-03 12:28:35'),
 (450,0x3138315F3435302E6A7067,'',1,181,0x623068696E3976616C6D6666376A35616D687465686F6F666C30,'2011-11-03 12:28:25','2011-11-03 12:28:25'),
 (449,0x3137395F3434392E6A7067,'',0,179,0x623068696E3976616C6D6666376A35616D687465686F6F666C30,'2011-11-03 12:27:31','2011-11-03 12:27:31'),
 (448,0x3137395F3434382E6A7067,'',1,179,0x623068696E3976616C6D6666376A35616D687465686F6F666C30,'2011-11-03 12:27:14','2011-11-03 12:27:14'),
 (446,0x3137385F3434362E6A7067,'',0,178,0x623068696E3976616C6D6666376A35616D687465686F6F666C30,'2011-11-03 12:14:03','2011-11-03 12:14:03'),
 (445,0x3137385F3434352E6A7067,'',1,178,0x623068696E3976616C6D6666376A35616D687465686F6F666C30,'2011-11-03 12:13:54','2011-11-03 12:13:54'),
 (443,0x3137375F3434332E6A7067,'',0,177,0x623068696E3976616C6D6666376A35616D687465686F6F666C30,'2011-11-03 12:09:59','2011-11-03 12:09:59'),
 (442,0x3137375F3434322E6A7067,'',1,177,0x623068696E3976616C6D6666376A35616D687465686F6F666C30,'2011-11-03 12:08:53','2011-11-03 12:08:53'),
 (444,0x3137365F3434342E6A7067,'',0,176,0x623068696E3976616C6D6666376A35616D687465686F6F666C30,'2011-11-03 12:10:54','2011-11-03 12:10:54'),
 (440,0x3137365F3434302E6A7067,'',1,176,0x623068696E3976616C6D6666376A35616D687465686F6F666C30,'2011-11-03 12:07:10','2011-11-03 12:07:10'),
 (439,0x3137355F3433392E6A7067,'',0,175,0x623068696E3976616C6D6666376A35616D687465686F6F666C30,'2011-11-03 12:06:08','2011-11-03 12:06:08'),
 (438,0x3137355F3433382E6A7067,'',1,175,0x623068696E3976616C6D6666376A35616D687465686F6F666C30,'2011-11-03 12:05:55','2011-11-03 12:05:55'),
 (437,0x3137345F3433372E6A7067,'',0,174,0x623068696E3976616C6D6666376A35616D687465686F6F666C30,'2011-11-03 12:05:07','2011-11-03 12:05:07'),
 (436,0x3137345F3433362E6A7067,'',1,174,0x623068696E3976616C6D6666376A35616D687465686F6F666C30,'2011-11-03 12:04:55','2011-11-03 12:04:55'),
 (435,0x3137335F3433352E6A7067,'',0,173,0x623068696E3976616C6D6666376A35616D687465686F6F666C30,'2011-11-03 11:58:43','2011-11-03 11:58:43'),
 (434,0x3137335F3433342E6A7067,'',1,173,0x623068696E3976616C6D6666376A35616D687465686F6F666C30,'2011-11-03 11:58:34','2011-11-03 11:58:34'),
 (433,0x3137325F3433332E6A7067,'',0,172,0x623068696E3976616C6D6666376A35616D687465686F6F666C30,'2011-11-03 11:57:43','2011-11-03 11:57:43'),
 (432,0x3137325F3433322E6A7067,'',1,172,0x623068696E3976616C6D6666376A35616D687465686F6F666C30,'2011-11-03 11:57:26','2011-11-03 11:57:26'),
 (431,0x3137315F3433312E6A7067,'',0,171,0x623068696E3976616C6D6666376A35616D687465686F6F666C30,'2011-11-03 11:53:19','2011-11-03 11:53:19'),
 (430,0x3137315F3433302E6A7067,'',0,171,0x623068696E3976616C6D6666376A35616D687465686F6F666C30,'2011-11-03 11:53:05','2011-11-03 11:53:05'),
 (429,0x3137315F3432392E6A7067,'',1,171,0x623068696E3976616C6D6666376A35616D687465686F6F666C30,'2011-11-03 11:52:44','2011-11-03 11:52:44'),
 (428,0x3137305F3432382E6A7067,'',0,170,0x623068696E3976616C6D6666376A35616D687465686F6F666C30,'2011-11-03 11:51:51','2011-11-03 11:51:51'),
 (427,0x3137305F3432372E6A7067,'',1,170,0x623068696E3976616C6D6666376A35616D687465686F6F666C30,'2011-11-03 11:51:44','2011-11-03 11:51:44'),
 (426,0x3136395F3432362E6A7067,'',0,169,0x623068696E3976616C6D6666376A35616D687465686F6F666C30,'2011-11-03 11:46:46','2011-11-03 11:46:46'),
 (425,0x3136395F3432352E6A7067,'',1,169,0x623068696E3976616C6D6666376A35616D687465686F6F666C30,'2011-11-03 11:46:39','2011-11-03 11:46:39'),
 (424,0x3136385F3432342E6A7067,'',0,168,0x623068696E3976616C6D6666376A35616D687465686F6F666C30,'2011-11-03 11:46:20','2011-11-03 11:46:20'),
 (423,0x3136385F3432332E6A7067,'',1,168,0x623068696E3976616C6D6666376A35616D687465686F6F666C30,'2011-11-03 11:46:09','2011-11-03 11:46:09'),
 (422,0x3136375F3432322E6A7067,'',0,167,0x623068696E3976616C6D6666376A35616D687465686F6F666C30,'2011-11-03 11:45:37','2011-11-03 11:45:37'),
 (421,0x3136375F3432312E6A7067,'',1,167,0x623068696E3976616C6D6666376A35616D687465686F6F666C30,'2011-11-03 11:45:27','2011-11-03 11:45:27'),
 (420,0x3136365F3432302E6A7067,'',0,166,0x623068696E3976616C6D6666376A35616D687465686F6F666C30,'2011-11-03 11:44:36','2011-11-03 11:44:36'),
 (419,0x3136365F3431392E6A7067,'',1,166,0x623068696E3976616C6D6666376A35616D687465686F6F666C30,'2011-11-03 11:44:28','2011-11-03 11:44:28'),
 (418,0x3136355F3431382E6A7067,'',0,165,0x623068696E3976616C6D6666376A35616D687465686F6F666C30,'2011-11-03 11:43:29','2011-11-03 11:43:29'),
 (417,0x3136355F3431372E6A7067,'',1,165,0x623068696E3976616C6D6666376A35616D687465686F6F666C30,'2011-11-03 11:42:43','2011-11-03 11:42:43'),
 (416,0x3136345F3431362E6A7067,'',1,164,0x623068696E3976616C6D6666376A35616D687465686F6F666C30,'2011-11-03 11:41:08','2011-11-03 11:41:08'),
 (415,0x3136345F3431352E6A7067,'',1,164,0x623068696E3976616C6D6666376A35616D687465686F6F666C30,'2011-11-03 11:41:02','2011-11-03 11:41:02'),
 (414,0x3136335F3431342E6A7067,'',0,163,0x623068696E3976616C6D6666376A35616D687465686F6F666C30,'2011-11-03 11:39:56','2011-11-03 11:39:56'),
 (413,0x3136335F3431332E6A7067,'',1,163,0x623068696E3976616C6D6666376A35616D687465686F6F666C30,'2011-11-03 11:39:48','2011-11-03 11:39:48'),
 (411,0x3136325F3431312E6A7067,'',0,162,0x623068696E3976616C6D6666376A35616D687465686F6F666C30,'2011-11-03 11:35:26','2011-11-03 11:35:26'),
 (410,0x3136325F3431302E6A7067,'',1,162,0x623068696E3976616C6D6666376A35616D687465686F6F666C30,'2011-11-03 11:35:18','2011-11-03 11:35:18'),
 (409,0x3136315F3430392E6A7067,'',0,161,0x623068696E3976616C6D6666376A35616D687465686F6F666C30,'2011-11-03 11:34:02','2011-11-03 11:34:02'),
 (407,0x3136315F3430372E6A7067,'',1,161,0x623068696E3976616C6D6666376A35616D687465686F6F666C30,'2011-11-03 11:31:43','2011-11-03 11:31:43'),
 (406,0x3136305F3430362E6A7067,'',0,160,0x623068696E3976616C6D6666376A35616D687465686F6F666C30,'2011-11-03 11:31:05','2011-11-03 11:31:05'),
 (405,0x3136305F3430352E6A7067,'',1,160,0x623068696E3976616C6D6666376A35616D687465686F6F666C30,'2011-11-03 11:30:58','2011-11-03 11:30:58'),
 (404,0x3334315F3430342E6A7067,'',0,341,0x3235666364396172303361396F716F736D646F37696D38747230,'2011-11-03 08:09:28','2011-11-03 08:09:28'),
 (403,0x3334325F3430332E6A7067,'',0,342,0x3235666364396172303361396F716F736D646F37696D38747230,'2011-11-03 08:08:59','2011-11-03 08:08:59'),
 (402,0x3334325F3430322E6A7067,'',1,342,0x3235666364396172303361396F716F736D646F37696D38747230,'2011-11-03 08:08:44','2011-11-03 08:08:44'),
 (401,0x3334315F3430312E6A7067,'',1,341,0x3235666364396172303361396F716F736D646F37696D38747230,'2011-11-03 08:08:00','2011-11-03 08:08:00'),
 (400,0x3334305F3430302E6A7067,'',1,340,0x3235666364396172303361396F716F736D646F37696D38747230,'2011-11-03 08:06:59','2011-11-03 08:06:59'),
 (399,0x3333395F3339392E6A7067,'',1,339,0x3235666364396172303361396F716F736D646F37696D38747230,'2011-11-03 08:06:05','2011-11-03 08:06:05'),
 (398,0x3333385F3339382E6A7067,'',1,338,0x3235666364396172303361396F716F736D646F37696D38747230,'2011-11-03 08:05:43','2011-11-03 08:05:43'),
 (396,0x3333375F3339362E6A7067,'',1,337,0x3235666364396172303361396F716F736D646F37696D38747230,'2011-11-03 08:04:55','2011-11-03 08:04:55'),
 (395,0x3333365F3339352E6A7067,'',1,336,0x3235666364396172303361396F716F736D646F37696D38747230,'2011-11-03 08:04:19','2011-11-03 08:04:19'),
 (394,0x3333355F3339342E6A7067,'',1,335,0x3235666364396172303361396F716F736D646F37696D38747230,'2011-11-03 08:02:59','2011-11-03 08:02:59'),
 (393,0x3333345F3339332E6A7067,'',1,334,0x3235666364396172303361396F716F736D646F37696D38747230,'2011-11-03 08:02:12','2011-11-03 08:02:12'),
 (392,0x3333325F3339322E6A7067,'',1,332,0x3235666364396172303361396F716F736D646F37696D38747230,'2011-11-03 08:01:29','2011-11-03 08:01:29'),
 (391,0x3333315F3339312E6A7067,'',1,331,0x3235666364396172303361396F716F736D646F37696D38747230,'2011-11-03 07:59:07','2011-11-03 07:59:07'),
 (390,0x3333305F3339302E6A7067,'',1,330,0x3235666364396172303361396F716F736D646F37696D38747230,'2011-11-03 07:35:22','2011-11-03 07:35:22'),
 (389,0x3332395F3338392E6A7067,'',1,329,0x3235666364396172303361396F716F736D646F37696D38747230,'2011-11-03 07:35:03','2011-11-03 07:35:03'),
 (388,0x3332385F3338382E6A7067,'',1,328,0x3235666364396172303361396F716F736D646F37696D38747230,'2011-11-03 07:34:45','2011-11-03 07:34:45'),
 (387,0x3332375F3338372E6A7067,'',1,327,0x3235666364396172303361396F716F736D646F37696D38747230,'2011-11-03 07:34:29','2011-11-03 07:34:29'),
 (386,0x3332365F3338362E6A7067,'',1,326,0x3235666364396172303361396F716F736D646F37696D38747230,'2011-11-03 07:34:01','2011-11-03 07:34:01'),
 (385,0x3332355F3338352E6A7067,'',1,325,0x3235666364396172303361396F716F736D646F37696D38747230,'2011-11-03 07:33:20','2011-11-03 07:33:20'),
 (384,0x3332345F3338342E6A7067,'',1,324,0x3235666364396172303361396F716F736D646F37696D38747230,'2011-11-03 07:28:41','2011-11-03 07:28:41'),
 (383,0x3332335F3338332E6A7067,'',0,323,0x3235666364396172303361396F716F736D646F37696D38747230,'2011-11-03 07:27:45','2011-11-03 07:27:45'),
 (382,0x3332335F3338322E6A7067,'',1,323,0x3235666364396172303361396F716F736D646F37696D38747230,'2011-11-03 07:27:35','2011-11-03 07:27:35'),
 (381,0x3332305F3338312E6A7067,'',1,320,0x3235666364396172303361396F716F736D646F37696D38747230,'2011-11-03 07:11:34','2011-11-03 07:11:34'),
 (380,0x3331395F3338302E6A7067,'',1,319,0x3235666364396172303361396F716F736D646F37696D38747230,'2011-11-03 07:10:26','2011-11-03 07:10:26'),
 (379,0x3331385F3337392E6A7067,'',1,318,0x3235666364396172303361396F716F736D646F37696D38747230,'2011-11-03 07:09:25','2011-11-03 07:09:25'),
 (378,0x3331375F3337382E6A7067,'',0,317,0x3235666364396172303361396F716F736D646F37696D38747230,'2011-11-03 07:08:31','2011-11-03 07:08:31'),
 (377,0x3331375F3337372E6A7067,'',1,317,0x3235666364396172303361396F716F736D646F37696D38747230,'2011-11-03 07:04:23','2011-11-03 07:04:23'),
 (376,0x3331365F3337362E6A7067,'',1,316,0x3235666364396172303361396F716F736D646F37696D38747230,'2011-11-03 07:03:21','2011-11-03 07:03:21'),
 (375,0x3331355F3337352E6A7067,'',1,315,0x3235666364396172303361396F716F736D646F37696D38747230,'2011-11-03 07:02:14','2011-11-03 07:02:14'),
 (373,0x3331345F3337332E6A7067,'',0,314,0x3235666364396172303361396F716F736D646F37696D38747230,'2011-11-03 06:56:07','2011-11-03 06:56:07'),
 (372,0x3331345F3337322E6A7067,'',1,314,0x3235666364396172303361396F716F736D646F37696D38747230,'2011-11-03 06:53:38','2011-11-03 06:53:38'),
 (371,0x3331335F3337312E6A7067,'',0,313,0x3235666364396172303361396F716F736D646F37696D38747230,'2011-11-03 06:53:00','2011-11-03 06:53:00'),
 (370,0x3331335F3337302E6A7067,'',1,313,0x3235666364396172303361396F716F736D646F37696D38747230,'2011-11-03 06:52:22','2011-11-03 06:52:22'),
 (369,0x3331325F3336392E6A7067,'',0,312,0x3235666364396172303361396F716F736D646F37696D38747230,'2011-11-03 06:50:53','2011-11-03 06:50:53'),
 (368,0x3331325F3336382E6A7067,'',1,312,0x3235666364396172303361396F716F736D646F37696D38747230,'2011-11-03 06:48:26','2011-11-03 06:48:26'),
 (367,0x3331315F3336372E6A7067,'',0,311,0x3235666364396172303361396F716F736D646F37696D38747230,'2011-11-03 06:47:16','2011-11-03 06:47:16'),
 (366,0x3331315F3336362E6A7067,'',1,311,0x3235666364396172303361396F716F736D646F37696D38747230,'2011-11-03 06:47:04','2011-11-03 06:47:04'),
 (365,0x3331305F3336352E6A7067,'',0,310,0x3235666364396172303361396F716F736D646F37696D38747230,'2011-11-03 06:46:04','2011-11-03 06:46:04'),
 (364,0x3331305F3336342E6A7067,'',1,310,0x3235666364396172303361396F716F736D646F37696D38747230,'2011-11-03 06:45:39','2011-11-03 06:45:39'),
 (363,0x3330395F3336332E6A7067,'',0,309,0x3235666364396172303361396F716F736D646F37696D38747230,'2011-11-03 06:44:47','2011-11-03 06:44:47'),
 (361,0x3330395F3336312E6A7067,'',1,309,0x3235666364396172303361396F716F736D646F37696D38747230,'2011-11-03 06:41:54','2011-11-03 06:41:54'),
 (360,0x3330385F3336302E6A7067,'',0,308,0x3235666364396172303361396F716F736D646F37696D38747230,'2011-11-03 06:41:09','2011-11-03 06:41:09'),
 (359,0x3330385F3335392E6A7067,'',1,308,0x3235666364396172303361396F716F736D646F37696D38747230,'2011-11-03 06:41:00','2011-11-03 06:41:00'),
 (357,0x3330375F3335372E6A7067,'',0,307,0x3235666364396172303361396F716F736D646F37696D38747230,'2011-11-03 06:39:42','2011-11-03 06:39:42'),
 (356,0x3330375F3335362E6A7067,'',1,307,0x3235666364396172303361396F716F736D646F37696D38747230,'2011-11-03 06:37:21','2011-11-03 06:37:21'),
 (355,0x3330365F3335352E6A7067,'',0,306,0x3235666364396172303361396F716F736D646F37696D38747230,'2011-11-03 06:34:44','2011-11-03 06:34:44'),
 (354,0x3330365F3335342E6A7067,'',1,306,0x3235666364396172303361396F716F736D646F37696D38747230,'2011-11-03 06:27:28','2011-11-03 06:27:28'),
 (353,0x3330355F3335332E6A7067,'',1,305,0x3235666364396172303361396F716F736D646F37696D38747230,'2011-11-03 06:23:20','2011-11-03 06:23:20'),
 (352,0x3330345F3335322E6A7067,'',1,304,0x3235666364396172303361396F716F736D646F37696D38747230,'2011-11-03 06:23:02','2011-11-03 06:23:02'),
 (351,0x3330335F3335312E6A7067,'',1,303,0x3235666364396172303361396F716F736D646F37696D38747230,'2011-11-03 06:22:43','2011-11-03 06:22:43'),
 (350,0x3330325F3335302E6A7067,'',1,302,0x3235666364396172303361396F716F736D646F37696D38747230,'2011-11-03 06:22:13','2011-11-03 06:22:13'),
 (349,0x3330315F3334392E6A7067,'',1,301,0x3235666364396172303361396F716F736D646F37696D38747230,'2011-11-03 06:21:16','2011-11-03 06:21:16'),
 (347,0x3330305F3334372E6A7067,'',1,300,0x3235666364396172303361396F716F736D646F37696D38747230,'2011-11-03 06:16:16','2011-11-03 06:16:16'),
 (346,0x3239395F3334362E6A7067,'',1,299,0x3235666364396172303361396F716F736D646F37696D38747230,'2011-11-03 06:14:51','2011-11-03 06:14:51'),
 (345,0x3239385F3334352E6A7067,'',1,298,0x3235666364396172303361396F716F736D646F37696D38747230,'2011-11-03 06:13:25','2011-11-03 06:13:25'),
 (344,0x3239375F3334342E6A7067,'',0,297,0x3235666364396172303361396F716F736D646F37696D38747230,'2011-11-03 05:56:22','2011-11-03 05:56:22'),
 (343,0x3239375F3334332E6A7067,'',1,297,0x3235666364396172303361396F716F736D646F37696D38747230,'2011-11-03 05:55:50','2011-11-03 05:55:50'),
 (342,0x3239365F3334322E6A7067,'',0,296,0x3235666364396172303361396F716F736D646F37696D38747230,'2011-11-03 05:55:19','2011-11-03 05:55:19'),
 (341,0x3239365F3334312E6A7067,'',1,296,0x3235666364396172303361396F716F736D646F37696D38747230,'2011-11-03 05:55:12','2011-11-03 05:55:12'),
 (340,0x3239345F3334302E6A7067,'',0,294,0x3235666364396172303361396F716F736D646F37696D38747230,'2011-11-03 05:52:07','2011-11-03 05:52:07'),
 (339,0x3239345F3333392E6A7067,'',1,294,0x3235666364396172303361396F716F736D646F37696D38747230,'2011-11-03 05:51:57','2011-11-03 05:51:57'),
 (338,0x3239355F3333382E6A7067,'',0,295,0x3235666364396172303361396F716F736D646F37696D38747230,'2011-11-03 05:48:52','2011-11-03 05:48:52'),
 (337,0x3239355F3333372E6A7067,'',1,295,0x3235666364396172303361396F716F736D646F37696D38747230,'2011-11-03 05:48:44','2011-11-03 05:48:44'),
 (336,0x3239335F3333362E6A7067,'',0,293,0x3235666364396172303361396F716F736D646F37696D38747230,'2011-11-03 05:48:09','2011-11-03 05:48:09'),
 (335,0x3239335F3333352E6A7067,'',1,293,0x3235666364396172303361396F716F736D646F37696D38747230,'2011-11-03 05:48:02','2011-11-03 05:48:02'),
 (334,0x3239325F3333342E6A7067,'',0,292,0x3235666364396172303361396F716F736D646F37696D38747230,'2011-11-03 05:39:08','2011-11-03 05:39:08'),
 (333,0x3239325F3333332E6A7067,'',1,292,0x3235666364396172303361396F716F736D646F37696D38747230,'2011-11-03 05:38:56','2011-11-03 05:38:56'),
 (332,0x3239315F3333322E6A7067,'',0,291,0x3235666364396172303361396F716F736D646F37696D38747230,'2011-11-03 05:37:26','2011-11-03 05:37:26'),
 (331,0x3239315F3333312E6A7067,'',1,291,0x3235666364396172303361396F716F736D646F37696D38747230,'2011-11-03 05:37:11','2011-11-03 05:37:11'),
 (330,0x3239305F3333302E6A7067,'',1,290,0x3235666364396172303361396F716F736D646F37696D38747230,'2011-11-03 05:35:35','2011-11-03 05:35:35'),
 (329,0x3238395F3332392E6A7067,'',1,289,0x3235666364396172303361396F716F736D646F37696D38747230,'2011-11-03 05:35:15','2011-11-03 05:35:15'),
 (328,0x3238385F3332382E6A7067,'',1,288,0x3235666364396172303361396F716F736D646F37696D38747230,'2011-11-03 05:34:47','2011-11-03 05:34:47'),
 (327,0x3238375F3332372E6A7067,'',0,287,0x3235666364396172303361396F716F736D646F37696D38747230,'2011-11-03 05:33:56','2011-11-03 05:33:56'),
 (326,0x3238375F3332362E6A7067,'',1,287,0x3235666364396172303361396F716F736D646F37696D38747230,'2011-11-03 05:33:49','2011-11-03 05:33:49'),
 (325,0x3238365F3332352E6A7067,'',0,286,0x3235666364396172303361396F716F736D646F37696D38747230,'2011-11-03 05:33:29','2011-11-03 05:33:29'),
 (324,0x3238365F3332342E6A7067,'',1,286,0x3235666364396172303361396F716F736D646F37696D38747230,'2011-11-03 05:33:22','2011-11-03 05:33:22'),
 (323,0x3238355F3332332E6A7067,'',0,285,0x3235666364396172303361396F716F736D646F37696D38747230,'2011-11-03 05:32:44','2011-11-03 05:32:44'),
 (322,0x3238355F3332322E6A7067,'',1,285,0x3235666364396172303361396F716F736D646F37696D38747230,'2011-11-03 05:32:37','2011-11-03 05:32:37'),
 (321,0x3238345F3332312E6A7067,'',0,284,0x3235666364396172303361396F716F736D646F37696D38747230,'2011-11-03 05:31:13','2011-11-03 05:31:13'),
 (320,0x3238345F3332302E6A7067,'',1,284,0x3235666364396172303361396F716F736D646F37696D38747230,'2011-11-03 05:31:06','2011-11-03 05:31:06'),
 (319,0x3238335F3331392E6A7067,'',0,283,0x3235666364396172303361396F716F736D646F37696D38747230,'2011-11-03 05:30:43','2011-11-03 05:30:43'),
 (318,0x3238335F3331382E6A7067,'',1,283,0x3235666364396172303361396F716F736D646F37696D38747230,'2011-11-03 05:30:35','2011-11-03 05:30:35'),
 (317,0x3238325F3331372E6A7067,'',0,282,0x3235666364396172303361396F716F736D646F37696D38747230,'2011-11-03 05:27:01','2011-11-03 05:27:01'),
 (316,0x3238325F3331362E6A7067,'',1,282,0x3235666364396172303361396F716F736D646F37696D38747230,'2011-11-03 05:26:54','2011-11-03 05:26:54'),
 (315,0x3238315F3331352E6A7067,'',1,281,0x3235666364396172303361396F716F736D646F37696D38747230,'2011-11-03 05:25:43','2011-11-03 05:25:43'),
 (314,0x3238305F3331342E6A7067,'',1,280,0x3235666364396172303361396F716F736D646F37696D38747230,'2011-11-03 05:25:07','2011-11-03 05:25:07'),
 (313,0x3237395F3331332E6A7067,'',0,279,0x3235666364396172303361396F716F736D646F37696D38747230,'2011-11-03 05:23:59','2011-11-03 05:23:59'),
 (312,0x3237395F3331322E6A7067,'',1,279,0x3235666364396172303361396F716F736D646F37696D38747230,'2011-11-03 05:23:51','2011-11-03 05:23:51'),
 (311,0x3237385F3331312E6A7067,'',0,278,0x3235666364396172303361396F716F736D646F37696D38747230,'2011-11-03 05:22:05','2011-11-03 05:22:05'),
 (310,0x3237385F3331302E6A7067,'',1,278,0x3235666364396172303361396F716F736D646F37696D38747230,'2011-11-03 05:21:57','2011-11-03 05:21:57'),
 (309,0x3237375F3330392E6A7067,'',1,277,0x3235666364396172303361396F716F736D646F37696D38747230,'2011-11-03 05:21:28','2011-11-03 05:21:28'),
 (308,0x3237365F3330382E6A7067,'',1,276,0x3235666364396172303361396F716F736D646F37696D38747230,'2011-11-03 05:20:23','2011-11-03 05:20:23'),
 (307,0x3237355F3330372E6A7067,'',1,275,0x3235666364396172303361396F716F736D646F37696D38747230,'2011-11-03 05:20:04','2011-11-03 05:20:04'),
 (306,0x3237345F3330362E6A7067,'',1,274,0x3235666364396172303361396F716F736D646F37696D38747230,'2011-11-03 05:19:02','2011-11-03 05:19:02'),
 (305,0x3237335F3330352E6A7067,'',1,273,0x3235666364396172303361396F716F736D646F37696D38747230,'2011-11-03 05:18:20','2011-11-03 05:18:20'),
 (304,0x3135395F3330342E6A7067,'',1,159,0x686C696261696868706C666B6C61723133746C62613965756737,'2011-11-02 12:13:58','2011-11-02 12:13:58'),
 (303,0x3135395F3330332E6A7067,'',0,159,0x686C696261696868706C666B6C61723133746C62613965756737,'2011-11-02 12:13:47','2011-11-02 12:13:47'),
 (302,0x3135385F3330322E6A7067,'',1,158,0x686C696261696868706C666B6C61723133746C62613965756737,'2011-11-02 12:12:41','2011-11-02 12:12:41'),
 (301,0x3135375F3330312E6A7067,'',1,157,0x686C696261696868706C666B6C61723133746C62613965756737,'2011-11-02 12:11:45','2011-11-02 12:11:45'),
 (300,0x3135365F3330302E6A7067,'',1,156,0x686C696261696868706C666B6C61723133746C62613965756737,'2011-11-02 12:11:03','2011-11-02 12:11:03'),
 (299,0x3135355F3239392E6A7067,'',1,155,0x686C696261696868706C666B6C61723133746C62613965756737,'2011-11-02 12:10:32','2011-11-02 12:10:32'),
 (298,0x3135345F3239382E6A7067,'',1,154,0x686C696261696868706C666B6C61723133746C62613965756737,'2011-11-02 12:10:13','2011-11-02 12:10:13'),
 (297,0x3135335F3239372E6A7067,'',1,153,0x686C696261696868706C666B6C61723133746C62613965756737,'2011-11-02 12:08:25','2011-11-02 12:08:25'),
 (296,0x3135325F3239362E6A7067,'',1,152,0x686C696261696868706C666B6C61723133746C62613965756737,'2011-11-02 12:08:07','2011-11-02 12:08:07'),
 (295,0x3135315F3239352E6A7067,'',1,151,0x686C696261696868706C666B6C61723133746C62613965756737,'2011-11-02 12:07:38','2011-11-02 12:07:38'),
 (294,0x3135305F3239342E6A7067,'',1,150,0x686C696261696868706C666B6C61723133746C62613965756737,'2011-11-02 12:06:54','2011-11-02 12:06:54'),
 (293,0x3134395F3239332E6A7067,'',1,149,0x686C696261696868706C666B6C61723133746C62613965756737,'2011-11-02 11:59:07','2011-11-02 11:59:07'),
 (292,0x3134385F3239322E6A7067,'',1,148,0x686C696261696868706C666B6C61723133746C62613965756737,'2011-11-02 11:58:35','2011-11-02 11:58:35'),
 (291,0x3134375F3239312E6A7067,'',1,147,0x686C696261696868706C666B6C61723133746C62613965756737,'2011-11-02 11:58:07','2011-11-02 11:58:07'),
 (289,0x3134365F3238392E6A7067,'',1,146,0x686C696261696868706C666B6C61723133746C62613965756737,'2011-11-02 11:55:06','2011-11-02 11:55:06'),
 (288,0x3134355F3238382E6A7067,'',1,145,0x686C696261696868706C666B6C61723133746C62613965756737,'2011-11-02 11:54:17','2011-11-02 11:54:17'),
 (287,0x3134345F3238372E6A7067,'',1,144,0x686C696261696868706C666B6C61723133746C62613965756737,'2011-11-02 11:53:42','2011-11-02 11:53:42'),
 (286,0x3134335F3238362E6A7067,'',0,143,0x686C696261696868706C666B6C61723133746C62613965756737,'2011-11-02 11:52:51','2011-11-02 11:52:51'),
 (285,0x3134335F3238352E6A7067,'',1,143,0x686C696261696868706C666B6C61723133746C62613965756737,'2011-11-02 11:52:42','2011-11-02 11:52:42'),
 (283,0x3134325F3238332E6A7067,'',0,142,0x39727330667175707361343030336E3369657536347466303333,'2011-11-02 08:50:33','2011-11-02 08:50:33'),
 (282,0x3134325F3238322E6A7067,'',1,142,0x39727330667175707361343030336E3369657536347466303333,'2011-11-02 08:50:11','2011-11-02 08:50:11'),
 (281,0x3134315F3238312E6A7067,'',0,141,0x39727330667175707361343030336E3369657536347466303333,'2011-11-02 08:49:22','2011-11-02 08:49:22'),
 (280,0x3134315F3238302E6A7067,'',1,141,0x39727330667175707361343030336E3369657536347466303333,'2011-11-02 08:49:13','2011-11-02 08:49:13'),
 (279,0x3134305F3237392E6A7067,'',1,140,0x39727330667175707361343030336E3369657536347466303333,'2011-11-02 08:45:04','2011-11-02 08:45:04'),
 (278,0x3133395F3237382E6A7067,'',1,139,0x39727330667175707361343030336E3369657536347466303333,'2011-11-02 08:44:45','2011-11-02 08:44:45'),
 (277,0x3133385F3237372E6A7067,'',1,138,0x39727330667175707361343030336E3369657536347466303333,'2011-11-02 08:44:18','2011-11-02 08:44:18'),
 (276,0x3133375F3237362E6A7067,'',1,137,0x39727330667175707361343030336E3369657536347466303333,'2011-11-02 08:44:00','2011-11-02 08:44:00'),
 (275,0x3133365F3237352E6A7067,'',1,136,0x39727330667175707361343030336E3369657536347466303333,'2011-11-02 08:43:22','2011-11-02 08:43:22'),
 (274,0x3133355F3237342E6A7067,'',1,135,0x39727330667175707361343030336E3369657536347466303333,'2011-11-02 08:43:02','2011-11-02 08:43:02'),
 (273,0x3133345F3237332E6A7067,'',1,134,0x39727330667175707361343030336E3369657536347466303333,'2011-11-02 08:42:30','2011-11-02 08:42:30'),
 (272,0x3133335F3237322E6A7067,'',1,133,0x39727330667175707361343030336E3369657536347466303333,'2011-11-02 08:41:47','2011-11-02 08:41:47'),
 (270,0x3133325F3237302E6A7067,'',1,132,0x39727330667175707361343030336E3369657536347466303333,'2011-11-02 08:35:11','2011-11-02 08:35:11'),
 (269,0x3133315F3236392E6A7067,'',1,131,0x39727330667175707361343030336E3369657536347466303333,'2011-11-02 08:33:28','2011-11-02 08:33:28'),
 (268,0x3133305F3236382E6A7067,'',0,130,0x39727330667175707361343030336E3369657536347466303333,'2011-11-02 07:20:59','2011-11-02 07:20:59'),
 (267,0x3133305F3236372E6A7067,'',1,130,0x39727330667175707361343030336E3369657536347466303333,'2011-11-02 07:20:47','2011-11-02 07:20:47'),
 (266,0x3132395F3236362E6A7067,'',0,129,0x39727330667175707361343030336E3369657536347466303333,'2011-11-02 07:20:24','2011-11-02 07:20:24'),
 (265,0x3132395F3236352E6A7067,'',1,129,0x39727330667175707361343030336E3369657536347466303333,'2011-11-02 07:20:12','2011-11-02 07:20:12'),
 (264,0x3132385F3236342E6A7067,'',0,128,0x39727330667175707361343030336E3369657536347466303333,'2011-11-02 07:17:40','2011-11-02 07:17:40'),
 (263,0x3132385F3236332E6A7067,'',1,128,0x39727330667175707361343030336E3369657536347466303333,'2011-11-02 07:17:32','2011-11-02 07:17:32'),
 (262,0x3132375F3236322E6A7067,'',0,127,0x39727330667175707361343030336E3369657536347466303333,'2011-11-02 07:15:06','2011-11-02 07:15:06'),
 (261,0x3132375F3236312E6A7067,'',1,127,0x39727330667175707361343030336E3369657536347466303333,'2011-11-02 07:12:37','2011-11-02 07:12:37'),
 (258,0x3132355F3235382E6A7067,'',1,125,0x39727330667175707361343030336E3369657536347466303333,'2011-11-02 07:07:29','2011-11-02 07:07:29'),
 (257,0x3132345F3235372E6A7067,'',0,124,0x39727330667175707361343030336E3369657536347466303333,'2011-11-02 07:05:54','2011-11-02 07:05:54'),
 (256,0x3132345F3235362E6A7067,'',1,124,0x39727330667175707361343030336E3369657536347466303333,'2011-11-02 07:05:48','2011-11-02 07:05:48'),
 (255,0x3132335F3235352E6A7067,'',0,123,0x39727330667175707361343030336E3369657536347466303333,'2011-11-02 07:03:15','2011-11-02 07:03:15'),
 (254,0x3132335F3235342E6A7067,'',1,123,0x39727330667175707361343030336E3369657536347466303333,'2011-11-02 07:03:08','2011-11-02 07:03:08'),
 (253,0x3132325F3235332E6A7067,'',0,122,0x39727330667175707361343030336E3369657536347466303333,'2011-11-02 07:02:49','2011-11-02 07:02:49'),
 (252,0x3132325F3235322E6A7067,'',1,122,0x39727330667175707361343030336E3369657536347466303333,'2011-11-02 07:02:43','2011-11-02 07:02:43'),
 (251,0x3132315F3235312E6A7067,'',0,121,0x39727330667175707361343030336E3369657536347466303333,'2011-11-02 07:02:24','2011-11-02 07:02:24'),
 (250,0x3132315F3235302E6A7067,'',1,121,0x39727330667175707361343030336E3369657536347466303333,'2011-11-02 07:02:18','2011-11-02 07:02:18'),
 (249,0x3132305F3234392E6A7067,'',0,120,0x39727330667175707361343030336E3369657536347466303333,'2011-11-02 06:59:15','2011-11-02 06:59:15'),
 (248,0x3132305F3234382E6A7067,'',1,120,0x39727330667175707361343030336E3369657536347466303333,'2011-11-02 06:59:07','2011-11-02 06:59:07'),
 (247,0x3131385F3234372E6A7067,'',0,118,0x39727330667175707361343030336E3369657536347466303333,'2011-11-02 06:55:42','2011-11-02 06:55:42'),
 (246,0x3131385F3234362E6A7067,'',1,118,0x39727330667175707361343030336E3369657536347466303333,'2011-11-02 06:55:37','2011-11-02 06:55:37'),
 (245,0x3131365F3234352E6A7067,'',1,116,0x39727330667175707361343030336E3369657536347466303333,'2011-11-02 06:53:28','2011-11-02 06:53:28'),
 (244,0x3131355F3234342E6A7067,'',1,115,0x39727330667175707361343030336E3369657536347466303333,'2011-11-02 06:53:04','2011-11-02 06:53:04'),
 (243,0x3131375F3234332E6A7067,'',1,117,0x39727330667175707361343030336E3369657536347466303333,'2011-11-02 06:48:32','2011-11-02 06:48:32'),
 (242,0x3131345F3234322E6A7067,'',1,114,0x39727330667175707361343030336E3369657536347466303333,'2011-11-02 06:48:07','2011-11-02 06:48:07'),
 (241,0x3131335F3234312E6A7067,'',1,113,0x39727330667175707361343030336E3369657536347466303333,'2011-11-02 06:47:44','2011-11-02 06:47:44'),
 (240,0x3131325F3234302E6A7067,'',0,112,0x39727330667175707361343030336E3369657536347466303333,'2011-11-02 06:46:25','2011-11-02 06:46:25'),
 (239,0x3131325F3233392E6A7067,'',1,112,0x39727330667175707361343030336E3369657536347466303333,'2011-11-02 06:46:17','2011-11-02 06:46:17'),
 (238,0x3131315F3233382E6A7067,'',0,111,0x39727330667175707361343030336E3369657536347466303333,'2011-11-02 06:42:46','2011-11-02 06:42:46'),
 (237,0x3131315F3233372E6A7067,'',1,111,0x39727330667175707361343030336E3369657536347466303333,'2011-11-02 06:42:40','2011-11-02 06:42:40'),
 (236,0x3131305F3233362E6A7067,'',0,110,0x39727330667175707361343030336E3369657536347466303333,'2011-11-02 06:40:27','2011-11-02 06:40:27'),
 (235,0x3131305F3233352E6A7067,'',1,110,0x39727330667175707361343030336E3369657536347466303333,'2011-11-02 06:40:21','2011-11-02 06:40:21'),
 (234,0x3130395F3233342E6A7067,'',0,109,0x39727330667175707361343030336E3369657536347466303333,'2011-11-02 06:39:03','2011-11-02 06:39:03'),
 (233,0x3130395F3233332E6A7067,'',1,109,0x39727330667175707361343030336E3369657536347466303333,'2011-11-02 06:38:55','2011-11-02 06:38:55'),
 (232,0x3130385F3233322E6A7067,'',0,108,0x39727330667175707361343030336E3369657536347466303333,'2011-11-02 06:37:23','2011-11-02 06:37:23'),
 (231,0x3130385F3233312E6A7067,'',1,108,0x39727330667175707361343030336E3369657536347466303333,'2011-11-02 06:37:17','2011-11-02 06:37:17'),
 (230,0x3130375F3233302E6A7067,'',0,107,0x39727330667175707361343030336E3369657536347466303333,'2011-11-02 06:33:43','2011-11-02 06:33:43'),
 (229,0x3130375F3232392E6A7067,'',1,107,0x39727330667175707361343030336E3369657536347466303333,'2011-11-02 06:33:37','2011-11-02 06:33:37'),
 (228,0x3130365F3232382E6A7067,'',0,106,0x39727330667175707361343030336E3369657536347466303333,'2011-11-02 06:32:16','2011-11-02 06:32:16'),
 (227,0x3130365F3232372E6A7067,'',1,106,0x39727330667175707361343030336E3369657536347466303333,'2011-11-02 06:32:10','2011-11-02 06:32:10'),
 (226,0x3130335F3232362E6A7067,'',0,103,0x39727330667175707361343030336E3369657536347466303333,'2011-11-02 06:28:50','2011-11-02 06:28:50'),
 (225,0x3130335F3232352E6A7067,'',1,103,0x39727330667175707361343030336E3369657536347466303333,'2011-11-02 06:28:42','2011-11-02 06:28:42'),
 (224,0x3130325F3232342E6A7067,'',0,102,0x39727330667175707361343030336E3369657536347466303333,'2011-11-02 06:26:15','2011-11-02 06:26:15'),
 (223,0x3130325F3232332E6A7067,'',1,102,0x39727330667175707361343030336E3369657536347466303333,'2011-11-02 06:26:09','2011-11-02 06:26:09'),
 (222,0x3130305F3232322E6A7067,'',0,100,0x39727330667175707361343030336E3369657536347466303333,'2011-11-02 06:19:36','2011-11-02 06:19:36'),
 (221,0x3130305F3232312E6A7067,'',1,100,0x39727330667175707361343030336E3369657536347466303333,'2011-11-02 06:19:29','2011-11-02 06:19:29'),
 (220,0x39395F3232302E6A7067,'',0,99,0x39727330667175707361343030336E3369657536347466303333,'2011-11-02 06:06:58','2011-11-02 06:06:58'),
 (219,0x39395F3231392E6A7067,'',1,99,0x39727330667175707361343030336E3369657536347466303333,'2011-11-02 06:06:51','2011-11-02 06:06:51'),
 (218,0x39375F3231382E6A7067,'',0,97,0x39727330667175707361343030336E3369657536347466303333,'2011-11-02 06:01:05','2011-11-02 06:01:05'),
 (217,0x39375F3231372E6A7067,'',1,97,0x39727330667175707361343030336E3369657536347466303333,'2011-11-02 06:00:58','2011-11-02 06:00:58'),
 (216,0x39365F3231362E6A7067,'',0,96,0x39727330667175707361343030336E3369657536347466303333,'2011-11-02 05:58:02','2011-11-02 05:58:02'),
 (215,0x39365F3231352E6A7067,'',1,96,0x39727330667175707361343030336E3369657536347466303333,'2011-11-02 05:57:54','2011-11-02 05:57:54'),
 (214,0x39355F3231342E6A7067,'',0,95,0x39727330667175707361343030336E3369657536347466303333,'2011-11-02 05:52:56','2011-11-02 05:52:56'),
 (213,0x39355F3231332E6A7067,'',1,95,0x39727330667175707361343030336E3369657536347466303333,'2011-11-02 05:52:49','2011-11-02 05:52:49'),
 (212,0x39345F3231322E6A7067,'',0,94,0x39727330667175707361343030336E3369657536347466303333,'2011-11-02 05:51:09','2011-11-02 05:51:09'),
 (211,0x39345F3231312E6A7067,'',1,94,0x39727330667175707361343030336E3369657536347466303333,'2011-11-02 05:51:01','2011-11-02 05:51:01'),
 (210,0x39325F3231302E6A7067,'',0,92,0x39727330667175707361343030336E3369657536347466303333,'2011-11-02 05:49:06','2011-11-02 05:49:06'),
 (208,0x39325F3230382E6A7067,'',1,92,0x39727330667175707361343030336E3369657536347466303333,'2011-11-02 05:46:28','2011-11-02 05:46:28'),
 (207,0x39315F3230372E6A7067,'',0,91,0x39727330667175707361343030336E3369657536347466303333,'2011-11-02 05:44:55','2011-11-02 05:44:55'),
 (206,0x39315F3230362E6A7067,'',1,91,0x39727330667175707361343030336E3369657536347466303333,'2011-11-02 05:43:19','2011-11-02 05:43:19'),
 (204,0x39305F3230342E6A7067,'',1,90,0x39727330667175707361343030336E3369657536347466303333,'2011-11-02 05:39:17','2011-11-02 05:39:17'),
 (205,0x39305F3230352E6A7067,'',0,90,0x39727330667175707361343030336E3369657536347466303333,'2011-11-02 05:39:26','2011-11-02 05:39:26'),
 (200,0x38395F3230302E6A7067,'',0,89,0x39727330667175707361343030336E3369657536347466303333,'2011-11-02 05:37:01','2011-11-02 05:37:01'),
 (199,0x38395F3139392E6A7067,'',1,89,0x39727330667175707361343030336E3369657536347466303333,'2011-11-02 05:36:43','2011-11-02 05:36:43'),
 (198,0x38385F3139382E6A7067,'',0,88,0x39727330667175707361343030336E3369657536347466303333,'2011-11-02 05:35:36','2011-11-02 05:35:36'),
 (197,0x38385F3139372E6A7067,'',1,88,0x39727330667175707361343030336E3369657536347466303333,'2011-11-02 05:35:27','2011-11-02 05:35:27'),
 (196,0x38375F3139362E6A7067,'',0,87,0x39727330667175707361343030336E3369657536347466303333,'2011-11-02 05:31:29','2011-11-02 05:31:29'),
 (195,0x38375F3139352E6A7067,'',1,87,0x39727330667175707361343030336E3369657536347466303333,'2011-11-02 05:31:21','2011-11-02 05:31:21'),
 (194,0x38365F3139342E6A7067,'',0,86,0x39727330667175707361343030336E3369657536347466303333,'2011-11-02 05:30:32','2011-11-02 05:30:32'),
 (193,0x38365F3139332E6A7067,'',1,86,0x39727330667175707361343030336E3369657536347466303333,'2011-11-02 05:30:25','2011-11-02 05:30:25'),
 (191,0x38355F3139312E6A7067,'',0,85,0x39727330667175707361343030336E3369657536347466303333,'2011-11-02 05:28:54','2011-11-02 05:28:54'),
 (190,0x38355F3139302E6A7067,'',1,85,0x39727330667175707361343030336E3369657536347466303333,'2011-11-02 05:28:46','2011-11-02 05:28:46'),
 (189,0x38345F3138392E6A7067,'',0,84,0x39727330667175707361343030336E3369657536347466303333,'2011-11-02 05:28:25','2011-11-02 05:28:25'),
 (188,0x38345F3138382E6A7067,'',1,84,0x39727330667175707361343030336E3369657536347466303333,'2011-11-02 05:28:18','2011-11-02 05:28:18'),
 (187,0x38335F3138372E6A7067,'',0,83,0x39727330667175707361343030336E3369657536347466303333,'2011-11-02 05:27:31','2011-11-02 05:27:31'),
 (186,0x38335F3138362E6A7067,'',1,83,0x39727330667175707361343030336E3369657536347466303333,'2011-11-02 05:26:55','2011-11-02 05:26:55'),
 (185,0x38325F3138352E6A7067,'',0,82,0x39727330667175707361343030336E3369657536347466303333,'2011-11-02 05:24:55','2011-11-02 05:24:55'),
 (184,0x38325F3138342E6A7067,'',1,82,0x39727330667175707361343030336E3369657536347466303333,'2011-11-02 05:24:48','2011-11-02 05:24:48'),
 (183,0x38315F3138332E6A7067,'',0,81,0x39727330667175707361343030336E3369657536347466303333,'2011-11-02 05:22:06','2011-11-02 05:22:06'),
 (182,0x38315F3138322E6A7067,'',1,81,0x39727330667175707361343030336E3369657536347466303333,'2011-11-02 05:21:55','2011-11-02 05:21:55'),
 (180,0x38305F3138302E6A7067,'',0,80,0x39727330667175707361343030336E3369657536347466303333,'2011-11-02 05:13:40','2011-11-02 05:13:40'),
 (181,0x38305F3138312E6A7067,'',1,80,0x39727330667175707361343030336E3369657536347466303333,'2011-11-02 05:21:20','2011-11-02 05:21:20');
INSERT INTO `optica100`.`Image` VALUES  (178,0x37395F3137382E6A7067,'',0,79,0x39727330667175707361343030336E3369657536347466303333,'2011-11-02 05:13:04','2011-11-02 05:13:04'),
 (177,0x37395F3137372E6A7067,'',1,79,0x39727330667175707361343030336E3369657536347466303333,'2011-11-02 05:12:57','2011-11-02 05:12:57'),
 (176,0x37385F3137362E6A7067,'',0,78,0x39727330667175707361343030336E3369657536347466303333,'2011-11-02 05:12:32','2011-11-02 05:12:32'),
 (175,0x37385F3137352E6A7067,'',1,78,0x39727330667175707361343030336E3369657536347466303333,'2011-11-02 05:12:24','2011-11-02 05:12:24'),
 (174,0x37375F3137342E6A7067,'',0,77,0x39727330667175707361343030336E3369657536347466303333,'2011-11-02 05:11:57','2011-11-02 05:11:57'),
 (173,0x37375F3137332E6A7067,'',1,77,0x39727330667175707361343030336E3369657536347466303333,'2011-11-02 05:11:50','2011-11-02 05:11:50'),
 (172,0x37365F3137322E6A7067,'',0,76,0x68727433763636616F626C6D7571616769753463316738316130,'2011-11-01 13:59:57','2011-11-01 13:59:57'),
 (170,0x37365F3137302E6A7067,'',1,76,0x68727433763636616F626C6D7571616769753463316738316130,'2011-11-01 13:57:53','2011-11-01 13:57:53'),
 (169,0x37355F3136392E6A7067,'',0,75,0x68727433763636616F626C6D7571616769753463316738316130,'2011-11-01 13:56:47','2011-11-01 13:56:47'),
 (168,0x37355F3136382E6A7067,'',1,75,0x68727433763636616F626C6D7571616769753463316738316130,'2011-11-01 13:56:33','2011-11-01 13:56:33'),
 (167,0x37345F3136372E6A7067,'',0,74,0x68727433763636616F626C6D7571616769753463316738316130,'2011-11-01 13:46:02','2011-11-01 13:46:02'),
 (166,0x37345F3136362E6A7067,'',1,74,0x68727433763636616F626C6D7571616769753463316738316130,'2011-11-01 13:45:48','2011-11-01 13:45:49'),
 (165,0x37335F3136352E6A7067,'',0,73,0x68727433763636616F626C6D7571616769753463316738316130,'2011-11-01 13:44:11','2011-11-01 13:44:11'),
 (164,0x37335F3136342E6A7067,'',1,73,0x68727433763636616F626C6D7571616769753463316738316130,'2011-11-01 13:43:38','2011-11-01 13:43:38'),
 (163,0x37325F3136332E6A7067,'',0,72,0x68727433763636616F626C6D7571616769753463316738316130,'2011-11-01 13:40:38','2011-11-01 13:40:38'),
 (162,0x37325F3136322E6A7067,'',1,72,0x68727433763636616F626C6D7571616769753463316738316130,'2011-11-01 13:38:01','2011-11-01 13:38:01'),
 (161,0x37315F3136312E6A7067,'',0,71,0x68727433763636616F626C6D7571616769753463316738316130,'2011-11-01 13:36:43','2011-11-01 13:36:43'),
 (160,0x37315F3136302E6A7067,'',1,71,0x68727433763636616F626C6D7571616769753463316738316130,'2011-11-01 13:36:09','2011-11-01 13:36:09'),
 (159,0x37305F3135392E6A7067,'',0,70,0x68727433763636616F626C6D7571616769753463316738316130,'2011-11-01 13:22:02','2011-11-01 13:22:02'),
 (158,0x37305F3135382E6A7067,'',1,70,0x68727433763636616F626C6D7571616769753463316738316130,'2011-11-01 13:21:54','2011-11-01 13:21:54'),
 (157,0x36395F3135372E6A7067,'',0,69,0x68727433763636616F626C6D7571616769753463316738316130,'2011-11-01 13:07:54','2011-11-01 13:07:54'),
 (156,0x36395F3135362E6A7067,'',1,69,0x68727433763636616F626C6D7571616769753463316738316130,'2011-11-01 13:06:01','2011-11-01 13:06:01'),
 (153,0x36375F3135332E6A7067,'',0,67,0x68727433763636616F626C6D7571616769753463316738316130,'2011-11-01 12:28:58','2011-11-01 12:28:58'),
 (152,0x36375F3135322E6A7067,'',1,67,0x68727433763636616F626C6D7571616769753463316738316130,'2011-11-01 12:28:47','2011-11-01 12:28:47'),
 (151,0x36365F3135312E6A7067,'',0,66,0x68727433763636616F626C6D7571616769753463316738316130,'2011-11-01 12:27:19','2011-11-01 12:27:19'),
 (150,0x36365F3135302E6A7067,'',1,66,0x68727433763636616F626C6D7571616769753463316738316130,'2011-11-01 12:27:13','2011-11-01 12:27:13'),
 (149,0x36355F3134392E6A7067,'',0,65,0x68727433763636616F626C6D7571616769753463316738316130,'2011-11-01 12:24:24','2011-11-01 12:24:24'),
 (148,0x36355F3134382E6A7067,'',1,65,0x68727433763636616F626C6D7571616769753463316738316130,'2011-11-01 12:24:15','2011-11-01 12:24:15'),
 (147,0x36345F3134372E6A7067,'',0,64,0x68727433763636616F626C6D7571616769753463316738316130,'2011-11-01 12:22:48','2011-11-01 12:22:48'),
 (146,0x36345F3134362E6A7067,'',1,64,0x68727433763636616F626C6D7571616769753463316738316130,'2011-11-01 12:22:40','2011-11-01 12:22:40'),
 (145,0x36385F3134352E6A7067,'',0,68,0x68727433763636616F626C6D7571616769753463316738316130,'2011-11-01 12:21:51','2011-11-01 12:21:51'),
 (154,0x36385F3135342E6A7067,'',1,68,0x68727433763636616F626C6D7571616769753463316738316130,'2011-11-01 12:29:31','2011-11-01 12:29:31'),
 (143,0x36335F3134332E6A7067,'',0,63,0x68727433763636616F626C6D7571616769753463316738316130,'2011-11-01 12:20:02','2011-11-01 12:20:02'),
 (142,0x36335F3134322E6A7067,'',1,63,0x68727433763636616F626C6D7571616769753463316738316130,'2011-11-01 12:19:25','2011-11-01 12:19:25'),
 (141,0x36325F3134312E6A7067,'',0,62,0x68727433763636616F626C6D7571616769753463316738316130,'2011-11-01 11:51:19','2011-11-01 11:51:19'),
 (140,0x36325F3134302E6A7067,'',1,62,0x68727433763636616F626C6D7571616769753463316738316130,'2011-11-01 11:51:12','2011-11-01 11:51:12'),
 (139,0x36315F3133392E6A7067,'',0,61,0x68727433763636616F626C6D7571616769753463316738316130,'2011-11-01 11:50:14','2011-11-01 11:50:14'),
 (138,0x36315F3133382E6A7067,'',1,61,0x68727433763636616F626C6D7571616769753463316738316130,'2011-11-01 11:49:24','2011-11-01 11:49:24'),
 (137,0x36305F3133372E6A7067,'',0,60,0x3868397236356D3332736C6D353274626330736C366D35696C34,'2011-11-01 10:11:32','2011-11-01 10:11:32'),
 (136,0x36305F3133362E6A7067,'',1,60,0x3868397236356D3332736C6D353274626330736C366D35696C34,'2011-11-01 10:11:15','2011-11-01 10:11:15'),
 (135,0x35395F3133352E6A7067,'',0,59,0x3868397236356D3332736C6D353274626330736C366D35696C34,'2011-11-01 09:53:10','2011-11-01 09:53:10'),
 (134,0x35395F3133342E6A7067,'',1,59,0x3868397236356D3332736C6D353274626330736C366D35696C34,'2011-11-01 09:53:01','2011-11-01 09:53:01'),
 (133,0x35385F3133332E6A7067,'',0,58,0x3868397236356D3332736C6D353274626330736C366D35696C34,'2011-11-01 09:52:12','2011-11-01 09:52:12'),
 (132,0x35385F3133322E6A7067,'',1,58,0x3868397236356D3332736C6D353274626330736C366D35696C34,'2011-11-01 09:50:31','2011-11-01 09:50:31'),
 (131,0x35375F3133312E6A7067,'',0,57,0x3868397236356D3332736C6D353274626330736C366D35696C34,'2011-11-01 09:48:16','2011-11-01 09:48:16'),
 (130,0x35375F3133302E6A7067,'',1,57,0x3868397236356D3332736C6D353274626330736C366D35696C34,'2011-11-01 09:48:02','2011-11-01 09:48:02'),
 (129,0x35365F3132392E6A7067,'',0,56,0x3868397236356D3332736C6D353274626330736C366D35696C34,'2011-11-01 09:43:42','2011-11-01 09:43:42'),
 (128,0x35365F3132382E6A7067,'',1,56,0x3868397236356D3332736C6D353274626330736C366D35696C34,'2011-11-01 09:43:36','2011-11-01 09:43:36'),
 (127,0x35355F3132372E6A7067,'',0,55,0x3868397236356D3332736C6D353274626330736C366D35696C34,'2011-11-01 09:42:57','2011-11-01 09:42:57'),
 (126,0x35355F3132362E6A7067,'',1,55,0x3868397236356D3332736C6D353274626330736C366D35696C34,'2011-11-01 09:41:12','2011-11-01 09:41:12'),
 (125,0x35345F3132352E6A7067,'',0,54,0x3868397236356D3332736C6D353274626330736C366D35696C34,'2011-11-01 09:40:00','2011-11-01 09:40:00'),
 (124,0x35345F3132342E6A7067,'',1,54,0x3868397236356D3332736C6D353274626330736C366D35696C34,'2011-11-01 09:35:27','2011-11-01 09:35:27'),
 (123,0x35335F3132332E6A7067,'',0,53,0x3868397236356D3332736C6D353274626330736C366D35696C34,'2011-11-01 09:02:38','2011-11-01 09:02:38'),
 (122,0x35335F3132322E6A7067,'',1,53,0x3868397236356D3332736C6D353274626330736C366D35696C34,'2011-11-01 09:02:28','2011-11-01 09:02:28'),
 (119,0x35325F3131392E6A7067,'',0,52,0x3868397236356D3332736C6D353274626330736C366D35696C34,'2011-11-01 08:58:17','2011-11-01 08:58:17'),
 (117,0x35325F3131372E6A7067,'',1,52,0x3868397236356D3332736C6D353274626330736C366D35696C34,'2011-11-01 08:55:38','2011-11-01 08:55:38'),
 (116,0x35315F3131362E6A7067,'',0,51,0x3868397236356D3332736C6D353274626330736C366D35696C34,'2011-11-01 08:54:33','2011-11-01 08:54:33'),
 (115,0x35315F3131352E6A7067,'',1,51,0x3868397236356D3332736C6D353274626330736C366D35696C34,'2011-11-01 08:54:26','2011-11-01 08:54:26'),
 (114,0x35305F3131342E6A7067,'',0,50,0x716C34756B396D3572393662756E30306D756F306376356C6B32,'2011-11-01 07:52:02','2011-11-01 07:52:02'),
 (113,0x35305F3131332E6A7067,'',1,50,0x716C34756B396D3572393662756E30306D756F306376356C6B32,'2011-11-01 07:51:55','2011-11-01 07:51:55'),
 (112,0x34395F3131322E6A7067,'',0,49,0x716C34756B396D3572393662756E30306D756F306376356C6B32,'2011-11-01 07:48:45','2011-11-01 07:48:45'),
 (111,0x34395F3131312E6A7067,'',1,49,0x716C34756B396D3572393662756E30306D756F306376356C6B32,'2011-11-01 07:48:31','2011-11-01 07:48:31'),
 (120,0x34385F3132302E6A7067,'',0,48,0x3868397236356D3332736C6D353274626330736C366D35696C34,'2011-11-01 08:58:52','2011-11-01 08:58:52'),
 (108,0x34385F3130382E6A7067,'',1,48,0x716C34756B396D3572393662756E30306D756F306376356C6B32,'2011-11-01 07:42:03','2011-11-01 07:42:03'),
 (107,0x34375F3130372E6A7067,'',1,47,0x716C34756B396D3572393662756E30306D756F306376356C6B32,'2011-11-01 07:35:58','2011-11-01 07:35:58'),
 (106,0x34365F3130362E6A7067,'',1,46,0x716C34756B396D3572393662756E30306D756F306376356C6B32,'2011-11-01 07:35:40','2011-11-01 07:35:40'),
 (105,0x34355F3130352E6A7067,'',1,45,0x716C34756B396D3572393662756E30306D756F306376356C6B32,'2011-11-01 07:35:19','2011-11-01 07:35:19'),
 (104,0x34345F3130342E6A7067,'',1,44,0x716C34756B396D3572393662756E30306D756F306376356C6B32,'2011-11-01 07:35:00','2011-11-01 07:35:00'),
 (103,0x34335F3130332E6A7067,'',1,43,0x716C34756B396D3572393662756E30306D756F306376356C6B32,'2011-11-01 07:33:05','2011-11-01 07:33:05'),
 (102,0x34325F3130322E6A7067,'',1,42,0x716C34756B396D3572393662756E30306D756F306376356C6B32,'2011-11-01 07:32:29','2011-11-01 07:32:29'),
 (101,0x34315F3130312E6A7067,'',0,41,0x716C34756B396D3572393662756E30306D756F306376356C6B32,'2011-11-01 07:30:16','2011-11-01 07:30:16'),
 (100,0x34315F3130302E6A7067,'',1,41,0x716C34756B396D3572393662756E30306D756F306376356C6B32,'2011-11-01 07:30:07','2011-11-01 07:30:07'),
 (99,0x34305F39392E6A7067,'',0,40,0x716C34756B396D3572393662756E30306D756F306376356C6B32,'2011-11-01 07:29:34','2011-11-01 07:29:34'),
 (98,0x34305F39382E6A7067,'',1,40,0x716C34756B396D3572393662756E30306D756F306376356C6B32,'2011-11-01 07:29:08','2011-11-01 07:29:08'),
 (97,0x33395F39372E6A7067,'',0,39,0x716C34756B396D3572393662756E30306D756F306376356C6B32,'2011-11-01 07:27:50','2011-11-01 07:27:50'),
 (96,0x33395F39362E6A7067,'',1,39,0x716C34756B396D3572393662756E30306D756F306376356C6B32,'2011-11-01 07:27:35','2011-11-01 07:27:35'),
 (95,0x33385F39352E6A7067,'',0,38,0x716C34756B396D3572393662756E30306D756F306376356C6B32,'2011-11-01 07:22:45','2011-11-01 07:22:45'),
 (94,0x33385F39342E6A7067,'',1,38,0x716C34756B396D3572393662756E30306D756F306376356C6B32,'2011-11-01 07:22:32','2011-11-01 07:22:32'),
 (93,0x33375F39332E6A7067,'',1,37,0x716C34756B396D3572393662756E30306D756F306376356C6B32,'2011-11-01 07:16:46','2011-11-01 07:16:46'),
 (92,0x33365F39322E6A7067,'',1,36,0x716C34756B396D3572393662756E30306D756F306376356C6B32,'2011-11-01 07:16:10','2011-11-01 07:16:10'),
 (91,0x33345F39312E6A7067,'',1,34,0x716C34756B396D3572393662756E30306D756F306376356C6B32,'2011-11-01 07:15:14','2011-11-01 07:15:14'),
 (90,0x33335F39302E6A7067,'',0,33,0x716C34756B396D3572393662756E30306D756F306376356C6B32,'2011-11-01 07:13:56','2011-11-01 07:13:56'),
 (89,0x33335F38392E6A7067,'',1,33,0x716C34756B396D3572393662756E30306D756F306376356C6B32,'2011-11-01 07:13:31','2011-11-01 07:13:31'),
 (88,0x33325F38382E6A7067,'',0,32,0x716C34756B396D3572393662756E30306D756F306376356C6B32,'2011-11-01 07:08:28','2011-11-01 07:08:28'),
 (87,0x33325F38372E6A7067,'',1,32,0x716C34756B396D3572393662756E30306D756F306376356C6B32,'2011-11-01 07:08:20','2011-11-01 07:08:20'),
 (86,0x33315F38362E6A7067,'',0,31,0x716C34756B396D3572393662756E30306D756F306376356C6B32,'2011-11-01 07:07:29','2011-11-01 07:07:29'),
 (85,0x33315F38352E6A7067,'',1,31,0x716C34756B396D3572393662756E30306D756F306376356C6B32,'2011-11-01 07:07:08','2011-11-01 07:07:08'),
 (84,0x33305F38342E6A7067,'',0,30,0x716C34756B396D3572393662756E30306D756F306376356C6B32,'2011-11-01 06:40:10','2011-11-01 06:40:10'),
 (83,0x33305F38332E6A7067,'',1,30,0x716C34756B396D3572393662756E30306D756F306376356C6B32,'2011-11-01 06:39:57','2011-11-01 06:39:57'),
 (82,0x32385F38322E6A7067,'',0,28,0x716C34756B396D3572393662756E30306D756F306376356C6B32,'2011-11-01 06:38:01','2011-11-01 06:38:01'),
 (81,0x32385F38312E6A7067,'',1,28,0x716C34756B396D3572393662756E30306D756F306376356C6B32,'2011-11-01 06:37:53','2011-11-01 06:37:53'),
 (80,0x32375F38302E6A7067,'',0,27,0x716C34756B396D3572393662756E30306D756F306376356C6B32,'2011-11-01 06:35:44','2011-11-01 06:35:44'),
 (79,0x32375F37392E6A7067,'',1,27,0x716C34756B396D3572393662756E30306D756F306376356C6B32,'2011-11-01 06:35:24','2011-11-01 06:35:24'),
 (78,0x32365F37382E6A7067,'',0,26,0x716C34756B396D3572393662756E30306D756F306376356C6B32,'2011-11-01 06:34:43','2011-11-01 06:34:43'),
 (77,0x32365F37372E6A7067,'',1,26,0x716C34756B396D3572393662756E30306D756F306376356C6B32,'2011-11-01 06:34:35','2011-11-01 06:34:35'),
 (76,0x32355F37362E6A7067,'',0,25,0x716C34756B396D3572393662756E30306D756F306376356C6B32,'2011-11-01 06:32:50','2011-11-01 06:32:50'),
 (75,0x32355F37352E6A7067,'',1,25,0x716C34756B396D3572393662756E30306D756F306376356C6B32,'2011-11-01 06:32:35','2011-11-01 06:32:35'),
 (74,0x32345F37342E6A7067,'',0,24,0x716C34756B396D3572393662756E30306D756F306376356C6B32,'2011-11-01 06:31:28','2011-11-01 06:31:28'),
 (73,0x32345F37332E6A7067,'',1,24,0x716C34756B396D3572393662756E30306D756F306376356C6B32,'2011-11-01 06:31:16','2011-11-01 06:31:16'),
 (72,0x32335F37322E6A7067,'',0,23,0x716C34756B396D3572393662756E30306D756F306376356C6B32,'2011-11-01 06:30:05','2011-11-01 06:30:05'),
 (71,0x32335F37312E6A7067,'',1,23,0x716C34756B396D3572393662756E30306D756F306376356C6B32,'2011-11-01 06:29:53','2011-11-01 06:29:53'),
 (70,0x32325F37302E6A7067,'',0,22,0x716C34756B396D3572393662756E30306D756F306376356C6B32,'2011-11-01 06:28:18','2011-11-01 06:28:18'),
 (68,0x32315F36382E6A7067,'',0,21,0x716C34756B396D3572393662756E30306D756F306376356C6B32,'2011-11-01 06:27:38','2011-11-01 06:27:38'),
 (69,0x32325F36392E6A7067,'',1,22,0x716C34756B396D3572393662756E30306D756F306376356C6B32,'2011-11-01 06:28:09','2011-11-01 06:28:09'),
 (67,0x32315F36372E6A7067,'',1,21,0x716C34756B396D3572393662756E30306D756F306376356C6B32,'2011-11-01 06:27:14','2011-11-01 06:27:14'),
 (66,0x32305F36362E6A7067,'',0,20,0x716C34756B396D3572393662756E30306D756F306376356C6B32,'2011-11-01 06:20:02','2011-11-01 06:20:02'),
 (65,0x32305F36352E6A7067,'',1,20,0x716C34756B396D3572393662756E30306D756F306376356C6B32,'2011-11-01 06:19:51','2011-11-01 06:19:51'),
 (64,0x31395F36342E6A7067,'',0,19,0x716C34756B396D3572393662756E30306D756F306376356C6B32,'2011-11-01 06:17:08','2011-11-01 06:17:08'),
 (63,0x31395F36332E6A7067,'',1,19,0x716C34756B396D3572393662756E30306D756F306376356C6B32,'2011-11-01 06:16:50','2011-11-01 06:16:50'),
 (62,0x31385F36322E6A7067,'',0,18,0x716C34756B396D3572393662756E30306D756F306376356C6B32,'2011-11-01 06:16:19','2011-11-01 06:16:19'),
 (61,0x31385F36312E6A7067,'',1,18,0x716C34756B396D3572393662756E30306D756F306376356C6B32,'2011-11-01 06:15:58','2011-11-01 06:15:58'),
 (60,0x31375F36302E6A7067,'',0,17,0x716C34756B396D3572393662756E30306D756F306376356C6B32,'2011-11-01 06:14:58','2011-11-01 06:14:58'),
 (59,0x31375F35392E6A7067,'',1,17,0x716C34756B396D3572393662756E30306D756F306376356C6B32,'2011-11-01 06:14:46','2011-11-01 06:14:46'),
 (58,0x31365F35382E6A7067,'',0,16,0x716C34756B396D3572393662756E30306D756F306376356C6B32,'2011-11-01 06:13:17','2011-11-01 06:13:17'),
 (57,0x31365F35372E6A7067,'',1,16,0x716C34756B396D3572393662756E30306D756F306376356C6B32,'2011-11-01 06:13:07','2011-11-01 06:13:07'),
 (56,0x31345F35362E6A7067,'',0,14,0x716C34756B396D3572393662756E30306D756F306376356C6B32,'2011-11-01 06:08:45','2011-11-01 06:08:45'),
 (55,0x31345F35352E6A7067,'',1,14,0x716C34756B396D3572393662756E30306D756F306376356C6B32,'2011-11-01 06:08:36','2011-11-01 06:08:36'),
 (54,0x31335F35342E6A7067,'',0,13,0x716C34756B396D3572393662756E30306D756F306376356C6B32,'2011-11-01 06:07:32','2011-11-01 06:07:32'),
 (53,0x31335F35332E6A7067,'',1,13,0x716C34756B396D3572393662756E30306D756F306376356C6B32,'2011-11-01 06:07:11','2011-11-01 06:07:11'),
 (52,0x31325F35322E6A7067,'',0,12,0x716C34756B396D3572393662756E30306D756F306376356C6B32,'2011-11-01 06:06:20','2011-11-01 06:06:20'),
 (51,0x31325F35312E6A7067,'',1,12,0x716C34756B396D3572393662756E30306D756F306376356C6B32,'2011-11-01 06:06:09','2011-11-01 06:06:09'),
 (50,0x31315F35302E6A7067,'',0,11,0x716C34756B396D3572393662756E30306D756F306376356C6B32,'2011-11-01 06:05:05','2011-11-01 06:05:05'),
 (49,0x31315F34392E6A7067,'',1,11,0x716C34756B396D3572393662756E30306D756F306376356C6B32,'2011-11-01 06:04:56','2011-11-01 06:04:56'),
 (48,0x31305F34382E6A7067,'',0,10,0x716C34756B396D3572393662756E30306D756F306376356C6B32,'2011-11-01 06:02:31','2011-11-01 06:02:31'),
 (47,0x31305F34372E6A7067,'',1,10,0x716C34756B396D3572393662756E30306D756F306376356C6B32,'2011-11-01 06:02:22','2011-11-01 06:02:22'),
 (46,0x395F34362E6A7067,'',0,9,0x716C34756B396D3572393662756E30306D756F306376356C6B32,'2011-11-01 06:01:46','2011-11-01 06:01:46'),
 (44,0x385F34342E6A7067,'',0,8,0x716C34756B396D3572393662756E30306D756F306376356C6B32,'2011-11-01 06:00:16','2011-11-01 06:00:16'),
 (40,0x375F34302E6A7067,'',0,7,0x716C34756B396D3572393662756E30306D756F306376356C6B32,'2011-11-01 05:57:09','2011-11-01 05:57:09'),
 (39,0x375F33392E6A7067,'',1,7,0x716C34756B396D3572393662756E30306D756F306376356C6B32,'2011-11-01 05:52:16','2011-11-01 05:52:16'),
 (38,0x365F33382E6A7067,'',0,6,0x716C34756B396D3572393662756E30306D756F306376356C6B32,'2011-11-01 05:51:32','2011-11-01 05:51:32'),
 (37,0x365F33372E6A7067,'',1,6,0x716C34756B396D3572393662756E30306D756F306376356C6B32,'2011-11-01 05:51:21','2011-11-01 05:51:21'),
 (36,0x355F33362E6A7067,'',0,5,0x716C34756B396D3572393662756E30306D756F306376356C6B32,'2011-11-01 05:50:37','2011-11-01 05:50:37'),
 (35,0x355F33352E6A7067,'',1,5,0x716C34756B396D3572393662756E30306D756F306376356C6B32,'2011-11-01 05:49:41','2011-11-01 05:49:41'),
 (780,0x345F3738302E6A7067,'',0,4,0x396B766566656369756C643865366431327563697370626D3235,'2012-03-22 15:34:12','2012-03-22 15:34:12'),
 (781,0x335F3738312E676966,'',1,3,0x33616572676F6830756F6F6B74613033356A7531617063673834,'2012-03-30 12:48:54','2012-03-30 12:48:54'),
 (22,0x3131395F32322E6A7067,'',1,119,0x766A346A73656463733866686636366764706D37397572346A32,'2011-10-31 12:38:38','2011-10-31 12:38:38'),
 (628,0x3131395F3632382E6A7067,'',0,119,0x737436336E686F66386C70623574363430676167686274316837,'2011-11-08 08:49:21','2011-11-08 08:49:21'),
 (627,0x3130355F3632372E6A7067,'',0,105,0x737436336E686F66386C70623574363430676167686274316837,'2011-11-08 08:45:36','2011-11-08 08:45:36'),
 (13,0x3130355F31332E6A7067,'',1,105,0x64336D6E316D326A736B32636C76677138753336306333696A35,'2011-10-28 08:44:01','2011-10-28 08:44:01'),
 (626,0x3130345F3632362E6A7067,'',0,104,0x737436336E686F66386C70623574363430676167686274316837,'2011-11-08 08:42:12','2011-11-08 08:42:12'),
 (11,0x3130345F31312E6A7067,'',1,104,0x64336D6E316D326A736B32636C76677138753336306333696A35,'2011-10-28 08:43:10','2011-10-28 08:43:10'),
 (10,0x3130315F31302E6A7067,'',0,101,0x64336D6E316D326A736B32636C76677138753336306333696A35,'2011-10-28 08:42:08','2011-10-28 08:42:08'),
 (9,0x3130315F392E6A7067,'',1,101,0x64336D6E316D326A736B32636C76677138753336306333696A35,'2011-10-28 08:41:58','2011-10-28 08:41:58'),
 (259,0x3132365F3235392E6A7067,'',1,126,0x39727330667175707361343030336E3369657536347466303333,'2011-11-02 07:11:35','2011-11-02 07:11:35'),
 (260,0x3132365F3236302E6A7067,'',0,126,0x39727330667175707361343030336E3369657536347466303333,'2011-11-02 07:11:42','2011-11-02 07:11:42'),
 (45,0x395F34352E6A7067,'',1,9,0x716C34756B396D3572393662756E30306D756F306376356C6B32,'2011-11-01 06:01:30','2011-11-01 06:01:30'),
 (43,0x385F34332E6A7067,'',1,8,0x716C34756B396D3572393662756E30306D756F306376356C6B32,'2011-11-01 06:00:00','2011-11-01 06:00:00'),
 (1,'','',0,0,0x3139733134396D70396E756A3630666C6369656F626673696F33,'0000-00-00 00:00:00','0000-00-00 00:00:00'),
 (782,0x325F3738322E6A7067,'',1,2,0x33616572676F6830756F6F6B74613033356A7531617063673834,'2012-03-30 12:51:10','2012-03-30 12:51:10'),
 (720,0x3336315F3732302E6A7067,'',0,361,0x703330636974656C39756D30376F3334306672327274626F3335,'2012-02-03 09:22:36','2012-02-03 09:22:36'),
 (722,0x3336325F3732322E6A7067,'',0,362,0x703330636974656C39756D30376F3334306672327274626F3335,'2012-02-03 09:53:30','2012-02-03 09:53:30'),
 (723,0x3336335F3732332E6A7067,'',1,363,0x703330636974656C39756D30376F3334306672327274626F3335,'2012-02-03 09:58:55','2012-02-03 09:58:55'),
 (724,0x3336335F3732342E6A7067,'',0,363,0x703330636974656C39756D30376F3334306672327274626F3335,'2012-02-03 09:59:02','2012-02-03 09:59:02'),
 (725,0x3336345F3732352E6A7067,'',1,364,0x703330636974656C39756D30376F3334306672327274626F3335,'2012-02-03 10:04:23','2012-02-03 10:04:23'),
 (726,0x3336345F3732362E6A7067,'',0,364,0x703330636974656C39756D30376F3334306672327274626F3335,'2012-02-03 10:04:33','2012-02-03 10:04:33'),
 (727,0x3336355F3732372E6A7067,'',1,365,0x703330636974656C39756D30376F3334306672327274626F3335,'2012-02-03 10:07:26','2012-02-03 10:07:26'),
 (728,0x3336355F3732382E6A7067,'',0,365,0x703330636974656C39756D30376F3334306672327274626F3335,'2012-02-03 10:07:49','2012-02-03 10:07:49'),
 (729,0x3336365F3732392E6A7067,'',1,366,0x703330636974656C39756D30376F3334306672327274626F3335,'2012-02-03 10:13:14','2012-02-03 10:13:14'),
 (730,0x3336365F3733302E6A7067,'',0,366,0x703330636974656C39756D30376F3334306672327274626F3335,'2012-02-03 10:13:25','2012-02-03 10:13:25'),
 (731,0x3336375F3733312E6A7067,'',1,367,0x703330636974656C39756D30376F3334306672327274626F3335,'2012-02-03 10:18:38','2012-02-03 10:18:38'),
 (732,0x3336375F3733322E6A7067,'',0,367,0x703330636974656C39756D30376F3334306672327274626F3335,'2012-02-03 10:18:44','2012-02-03 10:18:44'),
 (733,0x3336385F3733332E6A7067,'',1,368,0x703330636974656C39756D30376F3334306672327274626F3335,'2012-02-03 10:31:22','2012-02-03 10:31:22'),
 (734,0x3336385F3733342E6A7067,'',0,368,0x703330636974656C39756D30376F3334306672327274626F3335,'2012-02-03 10:31:40','2012-02-03 10:31:40'),
 (735,0x3336395F3733352E6A7067,'',1,369,0x703330636974656C39756D30376F3334306672327274626F3335,'2012-02-03 10:35:30','2012-02-03 10:35:30'),
 (736,0x3336395F3733362E6A7067,'',0,369,0x703330636974656C39756D30376F3334306672327274626F3335,'2012-02-03 10:35:41','2012-02-03 10:35:41'),
 (737,0x3337305F3733372E6A7067,'',1,370,0x703330636974656C39756D30376F3334306672327274626F3335,'2012-02-03 10:40:08','2012-02-03 10:40:08'),
 (738,0x3337305F3733382E6A7067,'',0,370,0x703330636974656C39756D30376F3334306672327274626F3335,'2012-02-03 10:40:19','2012-02-03 10:40:19'),
 (739,0x3337315F3733392E6A7067,'',1,371,0x703330636974656C39756D30376F3334306672327274626F3335,'2012-02-03 10:46:40','2012-02-03 10:46:40'),
 (740,0x3337315F3734302E6A7067,'',0,371,0x703330636974656C39756D30376F3334306672327274626F3335,'2012-02-03 10:47:05','2012-02-03 10:47:05'),
 (741,0x3337325F3734312E6A7067,'',1,372,0x703330636974656C39756D30376F3334306672327274626F3335,'2012-02-03 10:49:37','2012-02-03 10:49:37'),
 (742,0x3337325F3734322E6A7067,'',0,372,0x703330636974656C39756D30376F3334306672327274626F3335,'2012-02-03 10:49:44','2012-02-03 10:49:44'),
 (743,0x3337335F3734332E6A7067,'',1,373,0x703330636974656C39756D30376F3334306672327274626F3335,'2012-02-03 10:59:50','2012-02-03 10:59:50'),
 (744,0x3337335F3734342E6A7067,'',0,373,0x703330636974656C39756D30376F3334306672327274626F3335,'2012-02-03 10:59:57','2012-02-03 10:59:57'),
 (745,0x3337345F3734352E6A7067,'',1,374,0x703330636974656C39756D30376F3334306672327274626F3335,'2012-02-03 11:03:15','2012-02-03 11:03:15'),
 (746,0x3337345F3734362E6A7067,'',0,374,0x703330636974656C39756D30376F3334306672327274626F3335,'2012-02-03 11:03:25','2012-02-03 11:03:25'),
 (747,0x3337355F3734372E6A7067,'',1,375,0x703330636974656C39756D30376F3334306672327274626F3335,'2012-02-03 11:05:48','2012-02-03 11:05:48'),
 (748,0x3337355F3734382E6A7067,'',0,375,0x703330636974656C39756D30376F3334306672327274626F3335,'2012-02-03 11:05:55','2012-02-03 11:05:55'),
 (749,0x3337365F3734392E6A7067,'',1,376,0x703330636974656C39756D30376F3334306672327274626F3335,'2012-02-03 11:08:16','2012-02-03 11:08:16'),
 (750,0x3337365F3735302E6A7067,'',0,376,0x703330636974656C39756D30376F3334306672327274626F3335,'2012-02-03 11:08:23','2012-02-03 11:08:23'),
 (751,0x3337375F3735312E6A7067,'',1,377,0x703330636974656C39756D30376F3334306672327274626F3335,'2012-02-03 11:10:44','2012-02-03 11:10:44'),
 (752,0x3337375F3735322E6A7067,'',0,377,0x703330636974656C39756D30376F3334306672327274626F3335,'2012-02-03 11:10:50','2012-02-03 11:10:50'),
 (753,0x3337385F3735332E6A7067,'',1,378,0x703330636974656C39756D30376F3334306672327274626F3335,'2012-02-03 11:12:55','2012-02-03 11:12:55'),
 (754,0x3337385F3735342E6A7067,'',0,378,0x703330636974656C39756D30376F3334306672327274626F3335,'2012-02-03 11:13:04','2012-02-03 11:13:04'),
 (755,0x3337395F3735352E6A7067,'',1,379,0x703330636974656C39756D30376F3334306672327274626F3335,'2012-02-03 11:15:32','2012-02-03 11:15:32'),
 (756,0x3337395F3735362E6A7067,'',0,379,0x703330636974656C39756D30376F3334306672327274626F3335,'2012-02-03 11:15:39','2012-02-03 11:15:39'),
 (757,0x3338305F3735372E6A7067,'',1,380,0x703330636974656C39756D30376F3334306672327274626F3335,'2012-02-03 11:20:36','2012-02-03 11:20:36'),
 (758,0x3338305F3735382E6A7067,'',0,380,0x703330636974656C39756D30376F3334306672327274626F3335,'2012-02-03 11:20:42','2012-02-03 11:20:42'),
 (759,0x3338315F3735392E6A7067,'',1,381,0x703330636974656C39756D30376F3334306672327274626F3335,'2012-02-03 11:35:30','2012-02-03 11:35:30'),
 (760,0x3338315F3736302E6A7067,'',0,381,0x703330636974656C39756D30376F3334306672327274626F3335,'2012-02-03 11:35:48','2012-02-03 11:35:48'),
 (761,0x3338325F3736312E6A7067,'',1,382,0x703330636974656C39756D30376F3334306672327274626F3335,'2012-02-03 11:38:22','2012-02-03 11:38:22'),
 (762,0x3338325F3736322E6A7067,'',0,382,0x703330636974656C39756D30376F3334306672327274626F3335,'2012-02-03 11:38:28','2012-02-03 11:38:28'),
 (763,0x3338335F3736332E6A7067,'',1,383,0x703330636974656C39756D30376F3334306672327274626F3335,'2012-02-03 11:41:13','2012-02-03 11:41:13'),
 (764,0x3338335F3736342E6A7067,'',0,383,0x703330636974656C39756D30376F3334306672327274626F3335,'2012-02-03 11:41:20','2012-02-03 11:41:20'),
 (765,0x3338345F3736352E6A7067,'',1,384,0x703330636974656C39756D30376F3334306672327274626F3335,'2012-02-03 11:43:22','2012-02-03 11:43:22'),
 (766,0x3338345F3736362E6A7067,'',0,384,0x703330636974656C39756D30376F3334306672327274626F3335,'2012-02-03 11:43:30','2012-02-03 11:43:30'),
 (767,0x3338355F3736372E6A7067,'',1,385,0x703330636974656C39756D30376F3334306672327274626F3335,'2012-02-03 11:46:28','2012-02-03 11:46:28'),
 (768,0x3338355F3736382E6A7067,'',0,385,0x703330636974656C39756D30376F3334306672327274626F3335,'2012-02-03 11:46:39','2012-02-03 11:46:39'),
 (769,0x3338365F3736392E6A7067,'',1,386,0x6A6A747664346C646272306D6663646231616B6C646562683735,'2012-02-06 10:15:45','2012-02-06 10:15:45'),
 (770,0x3338365F3737302E6A7067,'',0,386,0x6A6A747664346C646272306D6663646231616B6C646562683735,'2012-02-06 10:15:56','2012-02-06 10:15:56'),
 (771,0x3338375F3737312E6A7067,'',1,387,0x6A6A747664346C646272306D6663646231616B6C646562683735,'2012-02-06 10:19:58','2012-02-06 10:19:58'),
 (772,0x3338375F3737322E6A7067,'',0,387,0x6A6A747664346C646272306D6663646231616B6C646562683735,'2012-02-06 10:20:07','2012-02-06 10:20:07'),
 (773,0x3338385F3737332E6A7067,'',1,388,0x6A6A747664346C646272306D6663646231616B6C646562683735,'2012-02-06 10:23:03','2012-02-06 10:23:03'),
 (774,0x3338385F3737342E6A7067,'',0,388,0x6A6A747664346C646272306D6663646231616B6C646562683735,'2012-02-06 10:23:42','2012-02-06 10:23:42'),
 (775,0x3338395F3737352E6A7067,'',1,389,0x37373631676732326A68357466723163623870663173366B7635,'2012-02-07 10:07:32','2012-02-07 10:07:32'),
 (776,0x3338395F3737362E6A7067,'',0,389,0x37373631676732326A68357466723163623870663173366B7635,'2012-02-07 10:07:40','2012-02-07 10:07:40'),
 (777,0x3339305F3737372E6A7067,'',1,390,0x37373631676732326A68357466723163623870663173366B7635,'2012-02-07 10:10:50','2012-02-07 10:10:50'),
 (778,0x3339305F3737382E6A7067,'',0,390,0x37373631676732326A68357466723163623870663173366B7635,'2012-02-07 10:10:57','2012-02-07 10:10:57');
UNLOCK TABLES;
/*!40000 ALTER TABLE `Image` ENABLE KEYS */;


--
-- Definition of table `optica100`.`ImageTemp`
--

DROP TABLE IF EXISTS `optica100`.`ImageTemp`;
CREATE TABLE  `optica100`.`ImageTemp` (
  `id` mediumint(9) NOT NULL AUTO_INCREMENT,
  `file` varchar(50) COLLATE utf8_bin NOT NULL,
  `alt` varchar(255) COLLATE utf8_bin DEFAULT NULL,
  `main` tinyint(1) NOT NULL,
  `id_prod` mediumint(9) NOT NULL,
  `session` mediumint(9) NOT NULL,
  PRIMARY KEY (`id`)
) ENGINE=MyISAM DEFAULT CHARSET=utf8 COLLATE=utf8_bin;

--
-- Dumping data for table `optica100`.`ImageTemp`
--

/*!40000 ALTER TABLE `ImageTemp` DISABLE KEYS */;
LOCK TABLES `ImageTemp` WRITE;
UNLOCK TABLES;
/*!40000 ALTER TABLE `ImageTemp` ENABLE KEYS */;


--
-- Definition of table `optica100`.`Language`
--

DROP TABLE IF EXISTS `optica100`.`Language`;
CREATE TABLE  `optica100`.`Language` (
  `id` tinyint(2) NOT NULL AUTO_INCREMENT,
  `name` varchar(255) NOT NULL,
  `image` varchar(50) NOT NULL,
  `code` varchar(6) NOT NULL,
  PRIMARY KEY (`id`)
) ENGINE=MyISAM AUTO_INCREMENT=6 DEFAULT CHARSET=utf8;

--
-- Dumping data for table `optica100`.`Language`
--

/*!40000 ALTER TABLE `Language` DISABLE KEYS */;
LOCK TABLES `Language` WRITE;
INSERT INTO `optica100`.`Language` VALUES  (4,'Русский','1.jpg','ru'),
 (5,'Английский','Главная страница.jpg','en');
UNLOCK TABLES;
/*!40000 ALTER TABLE `Language` ENABLE KEYS */;


--
-- Definition of table `optica100`.`Major`
--

DROP TABLE IF EXISTS `optica100`.`Major`;
CREATE TABLE  `optica100`.`Major` (
  `id` mediumint(9) NOT NULL AUTO_INCREMENT,
  `id_country` mediumint(9) NOT NULL,
  `id_region` mediumint(9) NOT NULL,
  `form` varchar(25) NOT NULL,
  `weight` mediumint(9) NOT NULL,
  `cost` float NOT NULL,
  `price` float NOT NULL,
  `insurance` float NOT NULL,
  `delivery_time` varchar(255) NOT NULL,
  `order_id` mediumint(9) NOT NULL,
  `address` varchar(255) NOT NULL,
  `id_city` mediumint(9) NOT NULL,
  `date_added` timestamp NOT NULL DEFAULT CURRENT_TIMESTAMP ON UPDATE CURRENT_TIMESTAMP,
  PRIMARY KEY (`id`)
) ENGINE=MyISAM AUTO_INCREMENT=272 DEFAULT CHARSET=utf8;

--
-- Dumping data for table `optica100`.`Major`
--

/*!40000 ALTER TABLE `Major` DISABLE KEYS */;
LOCK TABLES `Major` WRITE;
INSERT INTO `optica100`.`Major` VALUES  (1,0,0,'Пакет',100,367.36,100,0,'1',0,'ллл',970,'2011-11-22 12:22:50'),
 (2,0,0,'Пакет',100,459.2,100,0,'1',0,'олд',129,'2011-11-25 18:00:56'),
 (3,0,0,'Пакет',100,780.64,100,0,'5',0,'22',358,'2011-12-21 09:28:33'),
 (4,0,0,'Пакет',100,780.64,100,0,'5',0,'22',358,'2011-12-21 10:16:17'),
 (5,0,0,'Пакет',100,780.64,100,0,'5',0,'22',358,'2011-12-21 10:22:01'),
 (6,0,0,'Пакет',100,780.64,100,0,'5',0,'22',358,'2011-12-21 10:22:37'),
 (7,0,0,'Пакет',100,780.64,100,0,'5',0,'22',358,'2011-12-21 10:34:32'),
 (8,0,0,'Пакет',100,780.64,100,0,'5',0,'22',358,'2011-12-21 10:37:40'),
 (9,0,0,'Пакет',100,780.64,100,0,'5',0,'22',358,'2011-12-21 10:37:51'),
 (10,0,0,'Пакет',100,780.64,100,0,'5',0,'22',358,'2011-12-21 10:38:25'),
 (11,0,0,'Пакет',100,780.64,100,0,'5',0,'22',358,'2011-12-21 10:38:41'),
 (12,0,0,'Пакет',100,780.64,100,0,'5',0,'22',358,'2011-12-21 10:46:26'),
 (13,0,0,'Пакет',100,780.64,100,0,'5',0,'22',358,'2011-12-21 10:47:33'),
 (14,0,0,'Пакет',100,780.64,100,0,'5',0,'22',358,'2011-12-21 10:51:29'),
 (15,0,0,'Пакет',100,780.64,100,0,'5',0,'22',358,'2011-12-21 11:09:50'),
 (16,0,0,'Пакет',100,780.64,100,0,'5',0,'22',358,'2011-12-21 11:14:33'),
 (17,0,0,'Пакет',100,780.64,100,0,'5',0,'22',358,'2011-12-21 11:15:51'),
 (18,0,0,'Пакет',100,780.64,100,0,'5',0,'22',358,'2011-12-21 11:16:49'),
 (19,0,0,'Пакет',100,780.64,100,0,'5',0,'22',358,'2011-12-21 11:20:23'),
 (20,0,0,'Пакет',100,780.64,100,0,'5',0,'22',358,'2011-12-21 11:24:55'),
 (21,0,0,'Пакет',100,780.64,100,0,'5',0,'22',358,'2011-12-21 11:25:24'),
 (22,0,0,'Пакет',100,780.64,100,0,'5',0,'22',358,'2011-12-21 11:25:33'),
 (23,0,0,'Пакет',100,780.64,100,0,'5',0,'22',358,'2011-12-21 11:25:50'),
 (24,0,0,'Пакет',100,780.64,100,0,'5',0,'22',358,'2011-12-21 11:25:58'),
 (25,0,0,'Пакет',100,780.64,100,0,'5',0,'22',358,'2011-12-21 11:30:03'),
 (26,0,0,'Пакет',100,780.64,100,0,'5',0,'22',358,'2011-12-21 11:31:07'),
 (27,0,0,'Пакет',100,780.64,100,0,'5',0,'22',358,'2011-12-21 11:31:43'),
 (28,0,0,'Пакет',100,780.64,100,0,'5',0,'22',358,'2011-12-21 11:32:00'),
 (29,0,0,'Пакет',100,780.64,100,0,'5',0,'22',358,'2011-12-21 11:34:29'),
 (30,0,0,'Пакет',100,780.64,100,0,'5',0,'22',358,'2011-12-21 11:35:08'),
 (31,0,0,'Пакет',100,780.64,100,0,'5',0,'22',358,'2011-12-21 11:42:23'),
 (32,0,0,'Пакет',100,780.64,100,0,'5',0,'22',358,'2011-12-21 11:42:41'),
 (33,0,0,'Пакет',100,780.64,100,0,'5',0,'22',358,'2011-12-21 11:45:05'),
 (34,0,0,'Пакет',100,780.64,100,0,'5',0,'22',358,'2011-12-21 11:45:18'),
 (35,0,0,'Пакет',100,780.64,100,0,'5',0,'22',358,'2011-12-21 11:45:38'),
 (36,0,0,'Пакет',100,780.64,100,0,'5',0,'22',358,'2011-12-21 11:46:16'),
 (37,0,0,'Пакет',100,780.64,100,0,'5',0,'22',358,'2011-12-21 11:52:36'),
 (38,0,0,'Пакет',100,780.64,100,0,'5',0,'22',358,'2011-12-21 11:53:22'),
 (39,0,0,'Пакет',100,780.64,100,0,'5',0,'22',358,'2011-12-21 11:53:46'),
 (40,0,0,'Пакет',100,780.64,100,0,'5',0,'22',358,'2011-12-21 11:54:10'),
 (41,0,0,'Пакет',100,780.64,100,0,'5',0,'22',358,'2011-12-21 11:54:46'),
 (42,0,0,'Пакет',100,780.64,100,0,'5',0,'22',358,'2011-12-21 11:56:58'),
 (43,0,0,'Пакет',100,780.64,100,0,'5',0,'22',358,'2011-12-21 11:58:41'),
 (44,0,0,'Пакет',100,780.64,100,0,'5',0,'22',358,'2011-12-21 11:59:21'),
 (45,0,0,'Пакет',100,780.64,100,0,'5',0,'22',358,'2011-12-21 11:59:31'),
 (46,0,0,'Пакет',100,780.64,100,0,'5',0,'22',358,'2011-12-21 12:00:15'),
 (47,0,0,'Пакет',100,780.64,100,0,'5',0,'22',358,'2011-12-21 12:05:41'),
 (48,0,0,'Пакет',100,780.64,100,0,'5',0,'22',358,'2011-12-21 12:05:50'),
 (49,0,0,'Пакет',100,780.64,100,0,'5',0,'22',358,'2011-12-21 12:06:30'),
 (50,0,0,'Пакет',100,780.64,100,0,'5',0,'22',358,'2011-12-21 12:08:11'),
 (51,0,0,'Пакет',100,780.64,100,0,'5',0,'22',358,'2011-12-21 12:08:36'),
 (52,0,0,'Пакет',100,780.64,100,0,'5',0,'22',358,'2011-12-21 12:09:15'),
 (53,0,0,'Пакет',100,780.64,100,0,'5',0,'22',358,'2011-12-21 12:12:30'),
 (54,0,0,'Пакет',100,780.64,100,0,'5',0,'22',358,'2011-12-21 12:12:57'),
 (55,0,0,'Пакет',100,780.64,100,0,'5',0,'22',358,'2011-12-21 12:13:13'),
 (56,0,0,'Пакет',100,780.64,100,0,'5',0,'22',358,'2011-12-21 12:13:46'),
 (57,0,0,'Пакет',100,780.64,100,0,'5',0,'22',358,'2011-12-21 12:14:55'),
 (58,0,0,'Пакет',100,780.64,100,0,'5',0,'22',358,'2011-12-21 12:16:03'),
 (59,0,0,'Пакет',100,780.64,100,0,'5',0,'22',358,'2011-12-21 12:16:16'),
 (60,0,0,'Пакет',100,780.64,100,0,'5',0,'22',358,'2011-12-21 12:16:23'),
 (61,0,0,'Пакет',100,780.64,100,0,'5',0,'22',358,'2011-12-21 12:38:33'),
 (62,0,0,'Пакет',100,780.64,100,0,'5',0,'22',358,'2011-12-21 12:39:00'),
 (63,0,0,'Пакет',100,780.64,100,0,'5',0,'22',358,'2011-12-21 12:39:44'),
 (64,0,0,'Пакет',100,780.64,100,0,'5',0,'22',358,'2011-12-21 12:40:01'),
 (65,0,0,'Пакет',100,780.64,100,0,'5',0,'22',358,'2011-12-21 12:40:50'),
 (66,0,0,'Пакет',100,780.64,100,0,'5',0,'22',358,'2011-12-21 12:41:19'),
 (67,0,0,'Пакет',100,1010.24,100,0,'4',0,'11111111',78,'2011-12-21 14:45:12'),
 (68,0,0,'Пакет',100,1010.24,100,0,'4',0,'11111111',78,'2011-12-21 14:53:38'),
 (69,0,0,'Пакет',100,1010.24,100,0,'4',0,'11111111',78,'2011-12-21 14:56:00'),
 (70,0,0,'Пакет',100,1010.24,100,0,'4',0,'11111111',78,'2011-12-21 14:57:54'),
 (71,0,0,'Пакет',100,1010.24,100,0,'4',0,'11111111',78,'2011-12-21 14:59:16'),
 (72,0,0,'Пакет',100,1010.24,100,0,'4',0,'11111111',78,'2011-12-21 14:59:35'),
 (73,0,0,'Пакет',100,1010.24,100,0,'4',0,'11111111',78,'2011-12-21 15:00:00'),
 (74,0,0,'Пакет',100,1010.24,100,0,'4',0,'11111111',78,'2011-12-21 15:00:23'),
 (75,0,0,'Пакет',100,1010.24,100,0,'4',0,'11111111',78,'2011-12-21 15:00:31'),
 (76,0,0,'Пакет',100,1010.24,100,0,'4',0,'11111111',78,'2011-12-21 15:00:45'),
 (77,0,0,'Пакет',100,1010.24,100,0,'4',0,'11111111',78,'2011-12-21 15:00:59'),
 (78,0,0,'Пакет',100,1010.24,100,0,'4',0,'11111111',78,'2011-12-21 15:01:31'),
 (79,0,0,'Пакет',100,1010.24,100,0,'4',0,'11111111',78,'2011-12-21 15:03:07'),
 (80,0,0,'Пакет',100,1010.24,100,0,'4',0,'11111111',78,'2011-12-21 15:03:20'),
 (81,0,0,'Пакет',100,1010.24,100,0,'4',0,'11111111',78,'2011-12-21 15:03:35'),
 (82,0,0,'Пакет',100,1010.24,100,0,'4',0,'11111111',78,'2011-12-21 15:04:14'),
 (83,0,0,'Пакет',100,1010.24,100,0,'4',0,'11111111',78,'2011-12-21 15:04:28'),
 (84,0,0,'Пакет',100,1010.24,100,0,'4',0,'11111111',78,'2011-12-21 15:04:58'),
 (85,0,0,'Пакет',100,1010.24,100,0,'4',0,'11111111',78,'2011-12-21 15:05:16'),
 (86,0,0,'Пакет',100,1010.24,100,0,'4',0,'11111111',78,'2011-12-21 15:05:39'),
 (87,0,0,'Пакет',100,1010.24,100,0,'4',0,'11111111',78,'2011-12-21 15:13:12'),
 (88,0,0,'Пакет',100,1010.24,100,0,'4',0,'11111111',78,'2011-12-21 15:13:37'),
 (89,0,0,'Пакет',100,1010.24,100,0,'4',0,'11111111',78,'2011-12-21 15:16:02'),
 (90,0,0,'Пакет',100,1010.24,100,0,'4',0,'11111111',78,'2011-12-21 15:16:39'),
 (91,0,0,'Пакет',100,872.48,100,0,'5',0,'22222222222',107,'2011-12-21 18:35:24'),
 (92,0,0,'Пакет',100,872.48,100,0,'5',0,'22222222222',107,'2011-12-21 18:37:39'),
 (93,0,0,'Пакет',100,872.48,100,0,'5',0,'2222',107,'2011-12-21 19:58:03'),
 (94,0,0,'Пакет',100,872.48,100,0,'5',0,'2222',107,'2011-12-21 19:59:44'),
 (95,0,0,'Пакет',100,872.48,100,0,'5',0,'2222',107,'2011-12-21 20:00:59'),
 (96,0,0,'Пакет',100,872.48,100,0,'5',0,'2222',107,'2011-12-21 20:01:02'),
 (97,0,0,'Пакет',100,872.48,100,0,'5',0,'2222',107,'2011-12-21 20:01:03'),
 (98,0,0,'Пакет',100,780.64,100,0,'3',0,'12',111,'2011-12-22 09:26:59'),
 (99,0,0,'Пакет',100,780.64,100,0,'3',0,'12',111,'2011-12-22 09:28:33'),
 (100,0,0,'Пакет',100,780.64,100,0,'3',0,'12',111,'2011-12-22 09:28:49'),
 (101,0,0,'Пакет',100,780.64,100,0,'3',0,'12',111,'2011-12-22 09:29:04'),
 (102,0,0,'Пакет',100,780.64,100,0,'3',0,'12',111,'2011-12-22 09:29:18'),
 (103,0,0,'Пакет',100,780.64,100,0,'3',0,'12',111,'2011-12-22 09:29:34'),
 (104,0,0,'Пакет',100,780.64,100,0,'3',0,'12',111,'2011-12-22 09:30:01'),
 (105,0,0,'Пакет',100,780.64,100,0,'3',0,'12',111,'2011-12-22 09:30:52'),
 (106,0,0,'Пакет',100,780.64,100,0,'3',0,'12',111,'2011-12-22 09:31:11'),
 (107,0,0,'Пакет',100,780.64,100,0,'3',0,'12',111,'2011-12-22 09:37:04'),
 (108,0,0,'Пакет',100,780.64,100,0,'3',0,'12',111,'2011-12-22 09:37:17'),
 (109,0,0,'Пакет',100,780.64,100,0,'3',0,'12',111,'2011-12-22 09:37:32'),
 (110,0,0,'Пакет',100,780.64,100,0,'3',0,'12',111,'2011-12-22 09:37:55'),
 (111,0,0,'Пакет',100,780.64,100,0,'3',0,'12',111,'2011-12-22 09:38:04'),
 (112,0,0,'Пакет',100,780.64,100,0,'3',0,'12',111,'2011-12-22 09:38:25'),
 (113,0,0,'Пакет',100,780.64,100,0,'3',0,'12',111,'2011-12-22 09:38:47'),
 (114,0,0,'Пакет',100,780.64,100,0,'3',0,'12',111,'2011-12-22 09:38:56'),
 (115,0,0,'Пакет',100,780.64,100,0,'3',0,'12',111,'2011-12-22 09:39:49'),
 (116,0,0,'Пакет',100,780.64,100,0,'3',0,'12',111,'2011-12-22 09:40:03'),
 (117,0,0,'Пакет',100,780.64,100,0,'3',0,'12',111,'2011-12-22 09:40:16'),
 (118,0,0,'Пакет',100,780.64,100,0,'3',0,'12',111,'2011-12-22 09:40:24'),
 (119,0,0,'Пакет',100,780.64,100,0,'3',0,'12',111,'2011-12-22 09:40:38'),
 (120,0,0,'Пакет',100,780.64,100,0,'3',0,'12',111,'2011-12-22 09:40:38'),
 (121,0,0,'Пакет',100,780.64,100,0,'3',0,'12',111,'2011-12-22 09:40:45'),
 (122,0,0,'Пакет',100,780.64,100,0,'3',0,'12',111,'2011-12-22 09:40:46'),
 (123,0,0,'Пакет',100,780.64,100,0,'3',0,'12',111,'2011-12-22 09:41:20'),
 (124,0,0,'Пакет',100,780.64,100,0,'3',0,'12',111,'2011-12-22 09:41:21'),
 (125,0,0,'Пакет',100,780.64,100,0,'3',0,'12',111,'2011-12-22 09:42:21'),
 (126,0,0,'Пакет',100,780.64,100,0,'3',0,'12',111,'2011-12-22 09:42:22'),
 (127,0,0,'Пакет',100,780.64,100,0,'3',0,'12',111,'2011-12-22 09:42:37'),
 (128,0,0,'Пакет',100,780.64,100,0,'3',0,'12',111,'2011-12-22 09:42:37'),
 (129,0,0,'Пакет',100,780.64,100,0,'3',0,'12',111,'2011-12-22 09:42:58'),
 (130,0,0,'Пакет',100,780.64,100,0,'3',0,'12',111,'2011-12-22 09:42:58'),
 (131,0,0,'Пакет',100,780.64,100,0,'3',0,'12',111,'2011-12-22 09:43:20'),
 (132,0,0,'Пакет',100,780.64,100,0,'3',0,'12',111,'2011-12-22 09:43:21'),
 (133,0,0,'Пакет',100,780.64,100,0,'3',0,'12',111,'2011-12-22 09:43:30'),
 (134,0,0,'Пакет',100,780.64,100,0,'3',0,'12',111,'2011-12-22 09:44:14'),
 (135,0,0,'Пакет',100,780.64,100,0,'3',0,'12',111,'2011-12-22 09:44:16'),
 (136,0,0,'Пакет',100,780.64,100,0,'3',0,'12',111,'2011-12-22 09:44:39'),
 (137,0,0,'Пакет',100,780.64,100,0,'3',0,'12',111,'2011-12-22 09:44:51'),
 (138,0,0,'Пакет',100,780.64,100,0,'3',0,'12',111,'2011-12-22 09:45:02'),
 (139,0,0,'Пакет',100,780.64,100,0,'3',0,'12',111,'2011-12-22 09:45:11'),
 (140,0,0,'Пакет',100,780.64,100,0,'3',0,'12',111,'2011-12-22 09:45:18'),
 (141,0,0,'Пакет',100,780.64,100,0,'3',0,'12',111,'2011-12-22 09:45:25'),
 (142,0,0,'Пакет',100,780.64,100,0,'3',0,'12',111,'2011-12-22 09:46:07'),
 (143,0,0,'Пакет',100,780.64,100,0,'3',0,'12',111,'2011-12-22 09:46:17'),
 (144,0,0,'Пакет',100,780.64,100,0,'3',0,'12',111,'2011-12-22 09:47:34'),
 (145,0,0,'Пакет',100,780.64,100,0,'3',0,'12',111,'2011-12-22 09:47:35'),
 (146,0,0,'Пакет',100,780.64,100,0,'3',0,'12',111,'2011-12-22 09:47:44'),
 (147,0,0,'Пакет',100,780.64,100,0,'3',0,'12',111,'2011-12-22 09:47:46'),
 (148,0,0,'Пакет',100,780.64,100,0,'3',0,'12',111,'2011-12-22 09:49:48'),
 (149,0,0,'Пакет',100,780.64,100,0,'3',0,'12',111,'2011-12-22 09:49:58'),
 (150,0,0,'Пакет',100,780.64,100,0,'3',0,'12',111,'2011-12-22 09:50:09'),
 (151,0,0,'Пакет',100,780.64,100,0,'3',0,'12',111,'2011-12-22 09:50:24'),
 (152,0,0,'Пакет',100,780.64,100,0,'3',0,'12',111,'2011-12-22 09:50:33'),
 (153,0,0,'Пакет',100,780.64,100,0,'3',0,'12',111,'2011-12-22 09:50:39'),
 (154,0,0,'Пакет',100,780.64,100,0,'3',0,'12',111,'2011-12-22 09:51:40'),
 (155,0,0,'Пакет',100,780.64,100,0,'3',0,'12',111,'2011-12-22 09:52:19'),
 (156,0,0,'Пакет',100,780.64,100,0,'3',0,'12',111,'2011-12-22 09:52:40'),
 (157,0,0,'Пакет',100,780.64,100,0,'3',0,'12',111,'2011-12-22 09:52:59'),
 (158,0,0,'Пакет',100,780.64,100,0,'3',0,'12',111,'2011-12-22 09:53:10'),
 (159,0,0,'Пакет',100,780.64,100,0,'3',0,'12',111,'2011-12-22 09:54:01'),
 (160,0,0,'Пакет',100,780.64,100,0,'3',0,'12',111,'2011-12-22 09:54:09'),
 (161,0,0,'Пакет',100,780.64,100,0,'3',0,'12',111,'2011-12-22 09:54:14'),
 (162,0,0,'Пакет',100,780.64,100,0,'3',0,'12',111,'2011-12-22 09:57:04'),
 (163,0,0,'Пакет',100,780.64,100,0,'3',0,'12',111,'2011-12-22 09:57:18'),
 (164,0,0,'Пакет',100,780.64,100,0,'3',0,'12',111,'2011-12-22 09:57:47'),
 (165,0,0,'Пакет',100,780.64,100,0,'3',0,'12',111,'2011-12-22 09:58:14'),
 (166,0,0,'Пакет',100,780.64,100,0,'3',0,'12',111,'2011-12-22 09:58:26'),
 (167,0,0,'Пакет',100,780.64,100,0,'3',0,'12',111,'2011-12-22 09:58:45'),
 (168,0,0,'Пакет',100,780.64,100,0,'3',0,'12',111,'2011-12-22 09:58:47'),
 (169,0,0,'Пакет',100,780.64,100,0,'3',0,'12',111,'2011-12-22 10:00:00'),
 (170,0,0,'Пакет',100,780.64,100,0,'3',0,'12',111,'2011-12-22 10:00:13'),
 (171,0,0,'Пакет',100,780.64,100,0,'3',0,'12',111,'2011-12-22 10:00:20'),
 (172,0,0,'Пакет',100,780.64,100,0,'3',0,'12',111,'2011-12-22 10:00:22'),
 (173,0,0,'Пакет',100,780.64,100,0,'3',0,'12',111,'2011-12-22 10:00:40'),
 (174,0,0,'Пакет',100,780.64,100,0,'3',0,'12',111,'2011-12-22 10:00:51'),
 (175,0,0,'Пакет',100,780.64,100,0,'3',0,'12',111,'2011-12-22 10:01:04'),
 (176,0,0,'Пакет',100,780.64,100,0,'3',0,'12',111,'2011-12-22 10:01:33'),
 (177,0,0,'Пакет',100,780.64,100,0,'3',0,'12',111,'2011-12-22 10:01:47'),
 (178,0,0,'Пакет',100,780.64,100,0,'3',0,'12',111,'2011-12-22 10:01:54'),
 (179,0,0,'Пакет',100,780.64,100,0,'3',0,'12',111,'2011-12-22 10:03:01'),
 (180,0,0,'Пакет',100,780.64,100,0,'3',0,'12',111,'2011-12-22 10:03:10'),
 (181,0,0,'Пакет',100,780.64,100,0,'3',0,'12',111,'2011-12-22 10:03:22'),
 (182,0,0,'Пакет',100,780.64,100,0,'3',0,'12',111,'2011-12-22 10:05:40'),
 (183,0,0,'Пакет',100,780.64,100,0,'3',0,'12',111,'2011-12-22 10:05:52'),
 (184,0,0,'Пакет',100,780.64,100,0,'3',0,'12',111,'2011-12-22 10:06:23'),
 (185,0,0,'Пакет',100,780.64,100,0,'3',0,'12',111,'2011-12-22 10:06:57'),
 (186,0,0,'Пакет',100,780.64,100,0,'3',0,'12',111,'2011-12-22 10:07:11'),
 (187,0,0,'Пакет',100,780.64,100,0,'3',0,'12',111,'2011-12-22 10:08:45'),
 (188,0,0,'Пакет',100,780.64,100,0,'3',0,'12',111,'2011-12-22 10:08:53'),
 (189,0,0,'Пакет',100,780.64,100,0,'3',0,'12',111,'2011-12-22 10:12:18'),
 (190,0,0,'Пакет',100,780.64,100,0,'3',0,'12',111,'2011-12-22 10:13:07'),
 (191,0,0,'Пакет',100,780.64,100,0,'3',0,'12',111,'2011-12-22 10:13:09'),
 (192,0,0,'Пакет',100,780.64,100,0,'3',0,'12',111,'2011-12-22 10:19:57'),
 (193,0,0,'Пакет',100,780.64,100,0,'3',0,'12',111,'2011-12-22 10:20:01'),
 (194,0,0,'Пакет',100,780.64,100,0,'3',0,'12',111,'2011-12-22 10:22:16'),
 (195,0,0,'Пакет',100,780.64,100,0,'3',0,'12',111,'2011-12-22 10:22:28'),
 (196,0,0,'Пакет',100,780.64,100,0,'3',0,'12',111,'2011-12-22 10:23:02'),
 (197,0,0,'Пакет',100,780.64,100,0,'3',0,'12',111,'2011-12-22 10:23:31'),
 (198,0,0,'Пакет',100,780.64,100,0,'3',0,'12',111,'2011-12-22 10:23:48'),
 (199,0,0,'Пакет',100,780.64,100,0,'3',0,'12',111,'2011-12-22 10:23:59'),
 (200,0,0,'Пакет',100,780.64,100,0,'3',0,'12',111,'2011-12-22 10:24:02'),
 (201,0,0,'Пакет',100,780.64,100,0,'3',0,'12',111,'2011-12-22 10:24:42'),
 (202,0,0,'Пакет',100,780.64,100,0,'3',0,'12',111,'2011-12-22 10:25:15'),
 (203,0,0,'Пакет',100,780.64,100,0,'3',0,'12',111,'2011-12-22 10:25:29'),
 (204,0,0,'Пакет',100,780.64,100,0,'3',0,'12',111,'2011-12-22 10:27:26'),
 (205,0,0,'Пакет',100,780.64,100,0,'3',0,'12',111,'2011-12-22 10:27:46'),
 (206,0,0,'Пакет',100,780.64,100,0,'3',0,'12',111,'2011-12-22 10:30:19'),
 (207,0,0,'Пакет',100,780.64,100,0,'3',0,'12',111,'2011-12-22 10:30:24'),
 (208,0,0,'Пакет',100,780.64,100,0,'3',0,'12',111,'2011-12-22 10:30:29'),
 (209,0,0,'Пакет',100,780.64,100,0,'3',0,'12',111,'2011-12-22 10:31:14'),
 (210,0,0,'Пакет',100,780.64,100,0,'3',0,'12',111,'2011-12-22 10:31:24'),
 (211,0,0,'Пакет',100,780.64,100,0,'3',0,'12',111,'2011-12-22 10:31:37'),
 (212,0,0,'Пакет',100,780.64,100,0,'3',0,'12',111,'2011-12-22 10:31:40'),
 (213,0,0,'Пакет',100,780.64,100,0,'3',0,'12',111,'2011-12-22 10:35:10'),
 (214,0,0,'Пакет',100,780.64,100,0,'3',0,'12',111,'2011-12-22 10:35:14'),
 (215,0,0,'Пакет',100,780.64,100,0,'3',0,'12',111,'2011-12-22 10:35:27'),
 (216,0,0,'Пакет',100,780.64,100,0,'3',0,'12',111,'2011-12-22 10:35:54'),
 (217,0,0,'Пакет',100,780.64,100,0,'3',0,'12',111,'2011-12-22 10:36:00'),
 (218,0,0,'Пакет',100,1469.44,100,0,'6',0,'65456564',6366,'2011-12-22 12:35:28'),
 (219,0,0,'Пакет',100,1469.44,100,0,'6',0,'65456564',6366,'2011-12-22 12:35:38'),
 (220,0,0,'Пакет',100,1469.44,100,0,'6',0,'65456564',6366,'2011-12-22 12:35:43'),
 (221,0,0,'Пакет',100,1469.44,100,0,'6',0,'65456564',6366,'2011-12-22 12:37:32'),
 (222,0,0,'Пакет',100,1469.44,100,0,'6',0,'65456564',6366,'2011-12-22 12:37:41'),
 (223,0,0,'Пакет',100,1469.44,100,0,'6',0,'65456564',6366,'2011-12-22 12:37:57'),
 (224,0,0,'Пакет',100,1469.44,100,0,'6',0,'65456564',6366,'2011-12-22 12:38:36'),
 (225,0,0,'Пакет',100,1469.44,100,0,'6',0,'65456564',6366,'2011-12-22 12:38:45'),
 (226,0,0,'Пакет',100,1469.44,100,0,'6',0,'65456564',6366,'2011-12-22 12:38:52'),
 (227,0,0,'Пакет',100,1469.44,100,0,'6',0,'65456564',6366,'2011-12-22 12:39:24'),
 (228,0,0,'Пакет',100,1469.44,100,0,'6',0,'65456564',6366,'2011-12-22 12:41:27'),
 (229,0,0,'Пакет',100,1469.44,100,0,'6',0,'65456564',6366,'2011-12-22 12:41:47'),
 (230,0,0,'Пакет',100,1469.44,100,0,'6',0,'65456564',6366,'2011-12-22 12:42:08'),
 (231,0,0,'Пакет',100,1469.44,100,0,'6',0,'65456564',6366,'2011-12-22 12:42:15'),
 (232,0,0,'Пакет',100,1469.44,100,0,'6',0,'65456564',6366,'2011-12-22 12:42:22'),
 (233,0,0,'Пакет',100,1469.44,100,0,'6',0,'65456564',6366,'2011-12-22 12:42:26'),
 (234,0,0,'Пакет',100,1469.44,100,0,'6',0,'65456564',6366,'2011-12-22 12:42:41'),
 (235,0,0,'Пакет',100,1469.44,100,0,'6',0,'65456564',6366,'2011-12-22 12:42:49'),
 (236,0,0,'Пакет',100,1469.44,100,0,'6',0,'65456564',6366,'2011-12-22 12:43:03'),
 (237,0,0,'Пакет',100,1469.44,100,0,'6',0,'65456564',6366,'2011-12-22 12:43:10'),
 (238,0,0,'Пакет',100,1469.44,100,0,'6',0,'65456564',6366,'2011-12-22 12:43:46'),
 (239,0,0,'Пакет',100,1469.44,100,0,'6',0,'65456564',6366,'2011-12-22 12:43:59'),
 (240,0,0,'Пакет',100,1469.44,100,0,'6',0,'65456564',6366,'2011-12-22 12:44:54'),
 (241,0,0,'Пакет',100,1469.44,100,0,'6',0,'65456564',6366,'2011-12-22 12:54:10'),
 (242,0,0,'Пакет',100,780.64,100,0,'4',0,'56465465',4062,'2011-12-22 13:29:38'),
 (243,0,0,'Пакет',100,780.64,100,0,'4',0,'56465465',4062,'2011-12-22 13:29:48'),
 (244,0,0,'Пакет',100,780.64,100,0,'4',0,'56465465',4062,'2011-12-22 13:32:16'),
 (245,0,0,'Пакет',100,780.64,100,0,'4',0,'56465465',4062,'2011-12-22 13:32:29'),
 (246,0,0,'Пакет',100,780.64,100,0,'4',0,'56465465',4062,'2011-12-22 13:32:37'),
 (247,0,0,'Пакет',100,780.64,100,0,'4',0,'56465465',4062,'2011-12-22 13:32:52'),
 (248,0,0,'Пакет',100,780.64,100,0,'4',0,'56465465',4062,'2011-12-22 13:33:03'),
 (249,0,0,'Пакет',100,780.64,100,0,'4',0,'56465465',4062,'2011-12-22 13:34:07'),
 (250,0,0,'Пакет',100,780.64,100,0,'4',0,'56465465',4062,'2011-12-22 13:34:15'),
 (251,0,0,'Пакет',100,780.64,100,0,'4',0,'56465465',4062,'2011-12-22 13:37:16'),
 (252,0,0,'Пакет',100,872.48,100,0,'5',0,'2222222',107,'2011-12-23 10:49:02'),
 (253,0,0,'Пакет',100,872.48,100,0,'5',0,'2222222',107,'2011-12-23 10:49:37'),
 (254,0,0,'Пакет',100,872.48,100,0,'5',0,'2222222',107,'2011-12-23 10:52:16'),
 (255,0,0,'Пакет',100,872.48,100,0,'5',0,'2222222',107,'2011-12-23 10:52:37'),
 (256,0,0,'Пакет',100,872.48,100,0,'5',0,'2222222',107,'2011-12-23 10:52:54'),
 (257,0,0,'Пакет',100,872.48,100,0,'5',0,'2222222',107,'2011-12-23 10:53:13'),
 (258,0,0,'Пакет',100,872.48,100,0,'5',0,'2222222',107,'2011-12-23 10:53:17'),
 (259,0,0,'Пакет',100,872.48,100,0,'5',0,'2222222',107,'2011-12-23 10:54:03'),
 (260,0,0,'Пакет',100,872.48,100,0,'5',0,'2222222',107,'2011-12-23 10:54:16'),
 (261,0,0,'Пакет',100,1193.92,100,0,'5',0,'111111',4210,'2011-12-23 11:45:36'),
 (262,0,0,'Пакет',100,1193.92,100,0,'5',0,'111111',4210,'2011-12-23 11:45:59'),
 (263,0,0,'Пакет',100,1193.92,100,0,'5',0,'111111',4210,'2011-12-23 11:46:48'),
 (264,0,0,'Пакет',100,1193.92,100,0,'5',0,'111111',4210,'2011-12-23 11:47:42'),
 (265,0,0,'Пакет',100,1193.92,100,0,'5',0,'111111',4210,'2011-12-23 11:48:39'),
 (266,0,0,'Пакет',100,1193.92,100,0,'5',0,'111111',4210,'2011-12-23 11:49:08'),
 (267,0,0,'Пакет',100,1193.92,100,0,'5',0,'111111',4210,'2011-12-23 11:53:11'),
 (268,0,0,'Пакет',100,1193.92,100,0,'5',0,'111111',4210,'2011-12-23 11:54:04'),
 (269,0,0,'Пакет',100,1193.92,100,0,'5',0,'111111',4210,'2011-12-23 12:08:15'),
 (270,0,12,'Пакет',100,780.64,100,0,'4',0,'21223',80,'2011-12-26 17:51:02'),
 (271,0,15,'Пакет',100,872.48,100,0,'5',0,'2222222222222',602,'2012-01-16 14:29:07');
UNLOCK TABLES;
/*!40000 ALTER TABLE `Major` ENABLE KEYS */;


--
-- Definition of table `optica100`.`Manufacture`
--

DROP TABLE IF EXISTS `optica100`.`Manufacture`;
CREATE TABLE  `optica100`.`Manufacture` (
  `id` mediumint(9) NOT NULL AUTO_INCREMENT,
  `image` varchar(255) DEFAULT NULL,
  `date_added` timestamp NOT NULL DEFAULT CURRENT_TIMESTAMP ON UPDATE CURRENT_TIMESTAMP,
  `date_modified` timestamp NOT NULL DEFAULT '0000-00-00 00:00:00',
  `active` tinyint(1) NOT NULL,
  PRIMARY KEY (`id`)
) ENGINE=MyISAM AUTO_INCREMENT=2 DEFAULT CHARSET=utf8;

--
-- Dumping data for table `optica100`.`Manufacture`
--

/*!40000 ALTER TABLE `Manufacture` DISABLE KEYS */;
LOCK TABLES `Manufacture` WRITE;
INSERT INTO `optica100`.`Manufacture` VALUES  (1,'eshenbah.jpg','2012-03-21 15:19:14','2012-03-21 19:09:27',1);
UNLOCK TABLES;
/*!40000 ALTER TABLE `Manufacture` ENABLE KEYS */;


--
-- Definition of table `optica100`.`ManufactureLang`
--

DROP TABLE IF EXISTS `optica100`.`ManufactureLang`;
CREATE TABLE  `optica100`.`ManufactureLang` (
  `id_man` int(9) NOT NULL,
  `id_lang` int(9) NOT NULL,
  `name` varchar(1024) NOT NULL,
  `description` text NOT NULL,
  `date_added` timestamp NOT NULL DEFAULT CURRENT_TIMESTAMP ON UPDATE CURRENT_TIMESTAMP,
  `date_modified` timestamp NOT NULL DEFAULT '0000-00-00 00:00:00',
  PRIMARY KEY (`id_man`,`id_lang`)
) ENGINE=MyISAM DEFAULT CHARSET=utf8;

--
-- Dumping data for table `optica100`.`ManufactureLang`
--

/*!40000 ALTER TABLE `ManufactureLang` DISABLE KEYS */;
LOCK TABLES `ManufactureLang` WRITE;
INSERT INTO `optica100`.`ManufactureLang` VALUES  (2,4,'ууууууууууу','<p>уууууууууууууууккккккккккк</p>','2012-03-21 15:18:20','2012-03-21 15:18:20'),
 (1,4,'Эшенбах','<p>ыыыыыыыыыыыыыыы</p>','2012-03-21 15:19:14','2012-03-21 15:19:14');
UNLOCK TABLES;
/*!40000 ALTER TABLE `ManufactureLang` ENABLE KEYS */;


--
-- Definition of table `optica100`.`News`
--

DROP TABLE IF EXISTS `optica100`.`News`;
CREATE TABLE  `optica100`.`News` (
  `id` mediumint(9) NOT NULL AUTO_INCREMENT,
  `image` varchar(128) DEFAULT NULL,
  `date_added` datetime NOT NULL DEFAULT '0000-00-00 00:00:00',
  `date_modified` datetime NOT NULL DEFAULT '0000-00-00 00:00:00',
  `active` tinyint(1) NOT NULL,
  `sort` mediumint(4) DEFAULT NULL,
  PRIMARY KEY (`id`) USING BTREE
) ENGINE=InnoDB AUTO_INCREMENT=8 DEFAULT CHARSET=utf8;

--
-- Dumping data for table `optica100`.`News`
--

/*!40000 ALTER TABLE `News` DISABLE KEYS */;
LOCK TABLES `News` WRITE;
INSERT INTO `optica100`.`News` VALUES  (1,'','2011-12-06 11:00:52','2011-12-28 11:02:49',1,NULL),
 (2,'','2011-11-02 11:04:54','2012-03-22 15:35:13',0,NULL),
 (3,'rumex.jpg','2011-09-27 11:10:15','2012-03-21 13:52:25',1,NULL),
 (4,'','2011-06-01 11:12:52','2012-03-21 19:09:42',1,NULL),
 (5,'','2011-04-07 11:14:44','2011-12-28 11:16:18',1,NULL),
 (6,'','2011-03-15 11:17:56','2012-03-21 13:50:23',1,NULL),
 (7,'','2011-03-02 11:20:33','2011-12-28 11:21:33',1,NULL);
UNLOCK TABLES;
/*!40000 ALTER TABLE `News` ENABLE KEYS */;


--
-- Definition of table `optica100`.`NewsLang`
--

DROP TABLE IF EXISTS `optica100`.`NewsLang`;
CREATE TABLE  `optica100`.`NewsLang` (
  `id_news` mediumint(9) NOT NULL,
  `id_lang` mediumint(9) NOT NULL,
  `content` text NOT NULL,
  `short_content` text,
  `meta_title` varchar(80) NOT NULL,
  `meta_description` varchar(200) DEFAULT NULL,
  `meta_keywords` varchar(25) DEFAULT NULL,
  `image_title` varchar(128) DEFAULT NULL,
  `name` varchar(255) NOT NULL,
  PRIMARY KEY (`id_news`,`id_lang`)
) ENGINE=MyISAM DEFAULT CHARSET=utf8;

--
-- Dumping data for table `optica100`.`NewsLang`
--

/*!40000 ALTER TABLE `NewsLang` DISABLE KEYS */;
LOCK TABLES `NewsLang` WRITE;
INSERT INTO `optica100`.`NewsLang` VALUES  (1,4,'<p>02 декабря компания &laquo;ЦИЛИТА&raquo; - ведущий российский производитель и поставщик микрохирургического инструментария для офтальмологии &ndash; приняла участие в  выставке, проходящей в рамках ежегодного заседания Российского глаукомного общества &laquo;ГЛАУКОМА: ТЕОРИИ, ТЕНДЕНЦИИ, ТЕХНОЛОГИИ. HRT Клуб Россия - 2011&raquo;, проходившего в отеле Холидей Инн Сокольники, г. Москва.</p>\r\n<p>Ассортимент микрохирургического инструментария, представленного на стенде компании &laquo;ЦИЛИТА&raquo;, включает самый популярный и востребованный офтальмохирургами инструмент  для всех видов офтальмологических операций. Так, вниманию посетителей выставки были представлены более 80 типов микрохирургических пинцетов, широкий выбор ножниц, крючков, факочопперов, шпателей, сапфировых и алмазных ножей  и многих других инструментов.  Традиционным интересом участников конференции пользовались витреоретинальных инструментов 23 и 25 Ga, производства компании &laquo;ЦИЛИТА&raquo;.</p>\r\n<p>Компания &laquo;Цилита&raquo; выражает благодарность всем посетителям нашего стенда &ndash; нам было очень приятно видеть давних партнеров и клиентов, а также новых друзей.</p>\r\n<p style=\"text-align:center;\"><b>Надеемся на дальнейшее плодотворное сотрудничество!</b></p>',NULL,'IX Международная Конференция ГЛАУКОМА',NULL,NULL,'','IX Международная Конференция ГЛАУКОМА'),
 (1,5,'<p>02 декабря компания &laquo;ЦИЛИТА&raquo; - ведущий российский производитель и поставщик микрохирургического инструментария для офтальмологии &ndash; приняла участие в  выставке, проходящей в рамках ежегодного заседания Российского глаукомного общества &laquo;ГЛАУКОМА: ТЕОРИИ, ТЕНДЕНЦИИ, ТЕХНОЛОГИИ. HRT Клуб Россия - 2011&raquo;, проходившего в отеле Холидей Инн Сокольники, г. Москва.</p>\r\n<p>Ассортимент микрохирургического инструментария, представленного на стенде компании &laquo;ЦИЛИТА&raquo;, включает самый популярный и востребованный офтальмохирургами инструмент  для всех видов офтальмологических операций. Так, вниманию посетителей выставки были представлены более 80 типов микрохирургических пинцетов, широкий выбор ножниц, крючков, факочопперов, шпателей, сапфировых и алмазных ножей  и многих других инструментов.  Традиционным интересом участников конференции пользовались витреоретинальных инструментов 23 и 25 Ga, производства компании &laquo;ЦИЛИТА&raquo;.</p>\r\n<p>Компания &laquo;Цилита&raquo; выражает благодарность всем посетителям нашего стенда &ndash; нам было очень приятно видеть давних партнеров и клиентов, а также новых друзей.</p>\r\n<p style=\"text-align:center;\"><b>Надеемся на дальнейшее плодотворное сотрудничество!</b></p>',NULL,'IX Международная Конференция ГЛАУКОМА',NULL,NULL,'','IX Международная Конференция ГЛАУКОМА'),
 (2,4,'<p style=\"text-align:justify\">В период 22-25 октября 2011 в г.Орландо, США состоялся Конгресс Американской Академии Офтальмологии и сопровождающая его выставка медицинских изделий и товаров для офтальмологии, в которой компания &laquo;Цилита&raquo; приняла традиционное участие, представив на своем стенде весь ассортимент микрохирургических инструментов, как уже знакомых офтальмохирургам многих стран, так и новинок. <br />\r\n<br />\r\nКомпания &laquo;Цилита&raquo; выражает искреннюю благодарность своим старым и новым друзьям и партнерам за поддержку и заинтересованность в укреплении наших деловых отношений. Мы приложим все усилия для того, чтобы продукция компании &laquo;Цилита&raquo; и в дальнейшем максимально соответствовала Вашим ожиданиям.  Будем рады видеть Вас снова!</p>\r\n<table align=\"center\" border=\"0\" style=\"width:60%\">\r\n    <tbody>\r\n        <tr>\r\n            <td style=\"padding-right:10px\"><img alt=\"\" style=\"float:left; width:100%\" src=\"/images/AAO1.jpg\" /></td>\r\n            <td><img alt=\"\" style=\"width:100%\" src=\"/images/AAO2.jpg\" /></td>\r\n        </tr>\r\n        <tr>\r\n            <td colspan=\"2\">\r\n            <div align=\"center\" style=\"padding-top:10px;\"><img alt=\"\" style=\"width:60%\" src=\"/images/AAO3.jpg\" /></div>\r\n            </td>\r\n        </tr>\r\n    </tbody>\r\n</table>',NULL,'Конгресс ААО-2011, г. Орландо, США, 22-25 октября 2011',NULL,NULL,'','Конгресс ААО-2011, г. Орландо, США, 22-25 октября 2011'),
 (2,5,'<p style=\"text-align:justify\">The annual Congress of the American Academy of Ophthalmology took place in Orange County Convention Center in Orlando, October 22-25th. As a traditional participant of the exhibition accompanying the Congress Cilita Ltd. presented at its own booth the whole range of microsurgical instruments for Ophthalmology both well-known to ophthalmic surgeons from many countries and specialties 2011.<br />\r\n<br />\r\nOur company would like to thank all visitors among whom we enjoyed seeing our old friends and partners for their loyalty and interest in strengthening our business relations. Cilita Ltd. will make every effort to make its products answer your high expectations. We are looking forward to seeing you again!</p>\r\n<table align=\"center\" border=\"0\" style=\"width:60%\">\r\n    <tbody>\r\n        <tr>\r\n            <td style=\"padding-right:10px\"><img alt=\"\" style=\"float:left; width:100%\" src=\"/images/AAO1.jpg\" /></td>\r\n            <td><img alt=\"\" style=\"width:100%\" src=\"/images/AAO2.jpg\" /></td>\r\n        </tr>\r\n        <tr>\r\n            <td colspan=\"2\">\r\n            <div align=\"center\" style=\"padding-top:10px;\"><img alt=\"\" style=\"width:60%\" src=\"/images/AAO3.jpg\" /></div>\r\n            </td>\r\n        </tr>\r\n    </tbody>\r\n</table>',NULL,'Congress of AAO-2011, Orlando, USA, October 22-25, 2011',NULL,NULL,'','Congress of AAO-2011, Orlando, USA, October 22-25, 2011'),
 (3,4,'<p style=\"text-align:justify\">17-20 сентября 2011 наша компания приняла традиционное участие в выставке, сопровождавшей XXIX Конгресс Европейского Общества Катарактальных и Рефракционных Хирургов, проходивший в этом году  в &laquo;музыкальной столице Европы&raquo; - Вене.<br />\r\n<br />\r\nВ выставке медицинского   оборудования и продуктов для офтальмологии приняли участие ведущие мировые производители, среди которых такие компании как Bausch+Lomb, D.O.R.C. International B.V., Katena Products Inc., Tomey GmbH и многие другие. Наряду с другими всемирно известными производителями компания &laquo;Цилита&raquo; представила весь ассортимент своих инструментов для офтальмологии  &ndash; офтальмологические пинцеты (капсулорексисные, роговичные, шовные и пр.) ; офтальмологических  ножниц; лезвие- и иглодержателей; маркеры; офтальмологических крючков; инструментов для факоэмульсификации; зондов и т.д. Кроме того, были представлены микроинвазивные инструменты - 20, 23 и 25 Ga, а также новинка &ndash; прямой витреоретинальные пинцет с концевым захватом по Эккарду 27Ga! <br />\r\n<br />\r\nБольшое количество посетителей нашего стенда, а также количество заключенных контрактов и соглашений о долговременном сотрудничестве еще раз послужили свидетельством тому, что высокое качество инструментов CILITA и разумная цена являются тем краеугольным камнем, на котором базируется успех нашей компании, и который обеспечивает устойчивые позиции на международном рынке.<br />\r\n<br />\r\nМы искренне благодарим всех посетителей нашего стенда за проявленный интерес к продукции CILITA. Особую благодарность выражаем врачам и хирургам, успевших стать нашими постоянными клиентами, и рекомендовавших наш инструмент своим коллегам. Нам также очень приятно было видеть среди посетителей давних и новых партнеров &ndash; мы приложим все усилия для развития и усиления наших  партнерских отношений.  <br />\r\n<br />\r\nКомпания &laquo;Цилита&raquo; будет  рада снова приветствовать Вас на своем стенде на <a href=\"http://cilita.com/site/exhibition\">последующих конгрессах и конференциях</a>!</p>\r\n<p style=\"text-align: justify;\">&nbsp;</p>\r\n<table border=\"0\" align=\"center\" style=\"width:820px\">\r\n    <tbody>\r\n        <tr>\r\n            <td><img alt=\"\" style=\"float:left; padding-right:10px;\" src=\"images/escrs.jpg\" /></td>\r\n            <td><img alt=\"\" src=\"/images/booth.jpg\" /></td>\r\n        </tr>\r\n        <tr>\r\n            <td colspan=\"2\">\r\n            <div align=\"center\" style=\"padding-top:10px;\"><img alt=\"\" src=\"/images/messe_vien.jpg\" /></div>\r\n            </td>\r\n        </tr>\r\n    </tbody>\r\n</table>',NULL,'Участие ООО «Цилита» в выставке ESCRS-2011 в Вене',NULL,NULL,'','Участие ООО «Цилита» в выставке ESCRS-2011 в Вене'),
 (3,5,'<p style=\"text-align:justify\">Our company traditionally participated in the exhibition accompanying the XXIX Congress of European Society of Cataract and Refractive Surgeons, that took place in Vienna, September 17-20th 2011.<br />\r\n<br />\r\nThe Exhibition united in one hall all world-leading manufacturers of ophthalmic equipment and products among which such companies as Bausch+Lomb, D.O.R.C. International B.V., Katena Products Inc., Tomey GmbH etc. Alongside with other manufacturers Cilita Ltd. presented the whole range of its ophthalmic instruments &ndash; ophthalmic forceps (Capsulorhexis, Corneal, Suturing etc.), Scissors, Blade- and Needleholders, Markers; Phacoemulsification instruments and many others. We also presented the whole range of microinvasive instruments &ndash; 20, 23 &amp; 25 Ga alongside with our specialty &ndash; Vitreo-retinal Eckardt End-Gripping Forceps 27 Ga.<br />\r\n<br />\r\nA considerable amount of visitors as well as an amount of signed contract and partnership agreements have once again proved that high quality of CILITA Instruments and their reasonable price are exactly the basis of our success and firm positions in the international market.<br />\r\n<br />\r\nWe express our sincere gratitude to all visitors for their interest to our products. Our special thanks goes to our permanent customers ho recommend CILITA Instruments to their colleagues. It was a pleasure for us to see among the visitors our old and new partners &ndash; we will do our best to develop and to strengthen our business relations. <br />\r\n<br />\r\nCilita Ltd. will be pleased to welcome you at our booth at the <a href=\"http://test.cilita.com/event/lang/en\">forthcoming events</a>!</p>\r\n<p style=\"text-align: justify;\">&nbsp;</p>\r\n<table align=\"center\" border=\"0\" style=\"width:820px\">\r\n    <tbody>\r\n        <tr>\r\n            <td><img alt=\"\" style=\"float:left; padding-right:10px;\" src=\"images/escrs.jpg\" /></td>\r\n            <td><img alt=\"\" src=\"/images/booth.jpg\" /></td>\r\n        </tr>\r\n        <tr>\r\n            <td colspan=\"2\">\r\n            <div align=\"center\" style=\"padding-top:10px;\"><img alt=\"\" src=\"/images/messe_vien.jpg\" /></div>\r\n            </td>\r\n        </tr>\r\n    </tbody>\r\n</table>',NULL,'Cilita’s participation in ESCRS-2011, Vienna',NULL,NULL,'','Cilita’s participation in ESCRS-2011, Vienna'),
 (4,4,'<p>Компания &laquo;Цилита&raquo; в очередной раз приняла участие в выставке,  сопровождающей Научно-практическую конференцию  офтальмологов с  международным участием &laquo;Филатовские чтения&raquo;, посвященную 75-летию  основания ГУ &laquo;Институт глазных болезней и тканевой терапии им. В.П.  Филатова&raquo; Национальной академии медицинских наук Украины.  Традиционно,  на нашем стенде были представлено широкий ассортимент офтальмологических  инструментов, производства CILITA, как новинок, так и моделей, уже  завоевавших популярность среди наших хирургов российских и многих  зарубежных клиник. <br />\r\nРазумные цены и отличное качество инструментов - залог постоянно  растущего интереса к продукции CILITA &ndash; обеспечил постоянный приток  посетителей к стенду нашей компании.  Компания Цилита сердечно  благодарит всех посетителей нашего стенда! Будем рады видеть Вас на  следующих выставках!</p>\r\n<p><img alt=\"\" style=\"margin-right: 20px;\" src=\"/images/odessa1.jpg\" /> <img alt=\"\" style=\"margin-right: 20px;\" src=\"/images/odessa2.jpg\" /></p>',NULL,'Компания «Цилита» приняла участие в Научно-практической конференции офтальмолого',NULL,NULL,'','Компания «Цилита» приняла участие в Научно-практической конференции офтальмологов «Филатовские чтения», г. Одесса, Украина.'),
 (4,5,'<p>Cilita Ltd. is a permanent participant of the exhibitions accompanying the annual meeting of leading Ukrainian ophthalmologists taking place in the Institute of Eye Diseases and Tissue Therapy, Odessa. This year the conference was dedicated to the 75th Anniversary of the Institute of Eye Diseases and Tissue Therapy named after V.Filatov.<br />\r\n<br />\r\nTraditionally, Cilita company presented a wide range of microsurgical ophthalmic instruments, including newly designed instruments and those already famous among Russian and foreign ophthalmic surgeons.<br />\r\n<br />\r\nReasonable prices and high quality of the products - recipe for growing interest to CILITA instruments &ndash; ensured constant flow of visitors to our booth. Cilita company expresses its sincere gratitude to all visitors of our booth and invites you to visit us at the nearest ophthalmic events!</p>\r\n<p style=\"text-align: left;\"><img alt=\"\" style=\"margin-right: 20px;\" src=\"/images/odessa1.jpg\" /> <img alt=\"\" style=\"margin-right: 20px;\" src=\"/images/odessa2.jpg\" /></p>',NULL,'Cilita Ltd participated Academic and Research Ophthalmology Conference “Filatov',NULL,NULL,'','Cilita Ltd participated Academic and Research Ophthalmology Conference “Filatov’s Readings”, Odessa, Ukraine.'),
 (5,4,'<p>Компания Цилита постоянно совершенствует качество производимого  инструмента. Мы понимаем, что приобретение хирургических инструментов  нашими клиентами является своего рода инвестицией, которая должна  окупиться! Именно поэтому в конце 2010 года компания &laquo;Цилита&raquo; приняла  решение выпускать режущий инструмент для Общей Хирургии (ножницы и  скальпели) из более твердой и износоустойчивой стали, для того, чтобы  такой инструмент не только дольше служил нашим клиентам, но и лучше  держал заточку.<br />\r\nКроме того,  мы всегда готовы предложить режущий инструмент (ножницы) с  твердосплавными режущими кромками из карбида вольфрама. Как известно,  карбид вольфрама является одной из самых твёрдых из ныне известных  керамик (HRC около 90 единиц), сравнимый по твёрдости с алмазом. Из  других не менее ценных характеристик карбида вольфрама можно отметить  высокую износостойкость и устойчивость к окислению. Приобретая ножницы  CILITA с твердосплавными режущими кромками из карбида вольфрама, Вы  становитесь обладателем инструмента с практически алмазными лезвиями!</p>',NULL,'Еще Тверже, еще Экономнее!',NULL,NULL,'','Еще Тверже, еще Экономнее!'),
 (5,5,'<p>Компания Цилита постоянно совершенствует качество производимого инструмента. Мы понимаем, что приобретение хирургических инструментов нашими клиентами является своего рода инвестицией, которая должна окупиться! Именно поэтому в конце 2010 года компания &laquo;Цилита&raquo; приняла решение выпускать режущий инструмент для Общей Хирургии (ножницы и скальпели) из более твердой и износоустойчивой стали, для того, чтобы такой инструмент не только дольше служил нашим клиентам, но и лучше держал заточку. Кроме того, мы всегда готовы предложить режущий инструмент (ножницы) с твердосплавными режущими кромками из карбида вольфрама. Как известно, карбид вольфрама является одной из самых твёрдых из ныне известных керамик (HRC около 90 единиц), сравнимый по твёрдости с алмазом. Из других не менее ценных характеристик карбида вольфрама можно отметить высокую износостойкость и устойчивость к окислению. Приобретая ножницы CILITA с твердосплавными режущими кромками из карбида вольфрама, Вы становитесь обладателем инструмента с практически алмазными лезвиями!</p>',NULL,'Еще Тверже, еще Экономнее!',NULL,NULL,'','Еще Тверже, еще Экономнее!'),
 (6,4,'<p>Компания &laquo;Цилита&raquo; является постоянным участником выставок, проходящих в рамках конференций, организуемых ФГУ МНТК &laquo;Микрохирургия глаза&raquo; имени академика С. Н. Федорова г. Москва. Не стала исключением IX Научно-практическая конференция &laquo;Современные технологии лечения витреоретинальной патологии &ndash; 2011&raquo;, проходившая в период 10-11 марта 2011г., в которой компания &laquo;Цилита&raquo; участвовала с неизменным успехом.<br />\r\n<br />\r\nНа стенде ООО &laquo;Цилита&raquo; была представлена вся линейка микрохирургических инструментов для офтальмологии,  производимых компанией, в том числе и новинки &ndash; новые модели витреоретинальных инструментов 23 и 25 Ga, сапфировые ножи, пинцеты для капсулорексиса, роговичные пинцеты и многое другое.<br />\r\n<br />\r\nКомпания &laquo;Цилита&raquo; выражает благодарность всем посетителям нашего стенда, среди которых было много специалистов, как давно пользующихся инструментами нашего производства, так и хирургов, решивших познакомиться с инструментом СILITA по рекомендации коллег. С особым удовольствием, наша компания отмечает тот факт, что среди посетителей стенда были не только российские специалисты, но и хирурги из зарубежных стран и стран СНГ, что свидетельствует о высоком качестве наших инструментов, отлично соотносящегося с его ценой.</p>\r\n<table style=\"margin-top: 20px;\">\r\n    <tbody>\r\n        <tr>\r\n            <td><a rel=\"lightbox\" href=\"/images/cilita1.jpg\" style=\"border: none; outline: none;\"><img alt=\"\" src=\"/images/cilita1_small.jpg\" style=\"margin-right: 20px;\" /> </a></td>\r\n            <td><a rel=\"lightbox\" href=\"/images/cilita2.jpg\" style=\"border: none; outline: none;\"><img alt=\"\" src=\"/images/cilita2_small.jpg\" style=\"margin-right: 20px;\" /> </a></td>\r\n        </tr>\r\n    </tbody>\r\n</table>',NULL,'10-11 марта состоялась IX Научно-практическая конференция «Современные технологи',NULL,NULL,'','10-11 марта состоялась IX Научно-практическая конференция «Современные технологии лечения витреоретинальной патологии — 2011»'),
 (6,5,'<p>CILITA Ltd . is a permanent participant of exhibitions accompanying conferences held by S.N.Fyodorov Federal State Institution &ldquo;Intersectional Research and technology Complex EYE MICROSURGERY of Rosmedtechnology&rdquo;. The IX Academic and Research Conference &ldquo;Modern techniques of Vitreoretinal Pathology Treatment-2011&rdquo;, taken place on March 10-11, 2011 did not become an exception and CILITA Company participated it with usual success.<br />\r\n<br />\r\nCILITA company presented the whole range of its microsurgical ophthalmic instruments, alongside with new models of vitreoretinal instruments of 23 &amp; 25 Ga, Sapphire Knives, Capsulorhexis Forceps, Corneal forceps etc.<br />\r\n<br />\r\nCILITA Ltd. wishes to express its sincere gratitude to all visitors of our booth! We enjoyed the opportunity to meet not only our old customers but new friends coming to our booth upon a recommendation of their colleagues. It is with great pleasure that we draw our attention to the fact that there were not only Russian specialists visiting our booth but also surgeons from other countries which is actually a perfect witness of excellent price-quality ratio characteristic of CILITA products.</p>\r\n<table style=\"margin-top: 20px;\">\r\n    <tbody>\r\n        <tr>\r\n            <td><a style=\"border: none; outline: none;\" href=\"/images/cilita1.jpg\" rel=\"lightbox\"><img style=\"margin-right: 20px;\" src=\"/images/cilita1_small.jpg\" alt=\"\" /> </a></td>\r\n            <td><a style=\"border: none; outline: none;\" href=\"/images/cilita2.jpg\" rel=\"lightbox\"><img style=\"margin-right: 20px;\" src=\"/images/cilita2_small.jpg\" alt=\"\" /> </a></td>\r\n        </tr>\r\n    </tbody>\r\n</table>\r\n<p align=\"center\"><b>We are looking forward to continue our partnership!</b></p>',NULL,'IX Academic and Research Conference “Modern Techniques of Vitreoretinal Patholog',NULL,NULL,'','IX Academic and Research Conference “Modern Techniques of Vitreoretinal Pathology Treatment - 2011” took place on March 10-11, 2011'),
 (7,4,'<p>Уважаемые коллеги и друзья! Компания &laquo;Цилита&raquo; с удовольствием представляет Вашему вниманию <a href=\"http://cilita.com/download/Cilita_oftm.pdf\">каталог продукции 2011 года</a>, в который вошли как наиболее популярные инструменты для офтальмологии, так и новинки, найти которые можно в таких разделах, как:</p>\r\n<ul>\r\n    <li>Пинцеты;</li>\r\n    <li>Ножницы;</li>\r\n    <li>Факоэмульсификация;</li>\r\n    <li>Витреоретинальные инструменты;</li>\r\n    <li>Векорасширители и др.</li>\r\n</ul>\r\n<p>Вы можете скачать каталог в <a href=\"http://cilita.com/download/Cilita_oft11.pdf\">отличном качестве</a> (48 MB) и <a href=\"http://cilita.com/download/Cilita_oftm.pdf\">хорошем качестве</a> (6 MB)   Обращайтесь к нам по тел. (4912) 95-50-83 или по email: <a href=\"mailto:sales@cilita.com\">sales@cilita.com</a> и мы с удовольствием ответим на Ваши вопросы и предоставим более подробную информацию.</p>',NULL,'Компания «Цилита» презентует каталог Инструментов для офтальмологии 2011!',NULL,NULL,'','Компания «Цилита» презентует каталог Инструментов для офтальмологии 2011!'),
 (7,5,'<p>Уважаемые коллеги и друзья! Компания &laquo;Цилита&raquo; с удовольствием представляет Вашему вниманию <a href=\"http://cilita.com/download/Cilita_oftm.pdf\">каталог продукции 2011 года</a>, в который вошли как наиболее популярные инструменты для офтальмологии, так и новинки, найти которые можно в таких разделах, как:</p>\r\n<ul>\r\n    <li>Пинцеты;</li>\r\n    <li>Ножницы;</li>\r\n    <li>Факоэмульсификация;</li>\r\n    <li>Витреоретинальные инструменты;</li>\r\n    <li>Векорасширители и др.</li>\r\n</ul>\r\n<p>Вы можете скачать каталог в <a href=\"http://cilita.com/download/Cilita_oft11.pdf\">отличном качестве</a> (48 MB) и <a href=\"http://cilita.com/download/Cilita_oftm.pdf\">хорошем качестве</a> (6 MB)   Обращайтесь к нам по тел. (4912) 95-50-83 или по email: <a href=\"mailto:sales@cilita.com\">sales@cilita.com</a> и мы с удовольствием ответим на Ваши вопросы и предоставим более подробную информацию.</p>',NULL,'Компания «Цилита» презентует каталог Инструментов для офтальмологии 2011!',NULL,NULL,'','Компания «Цилита» презентует каталог Инструментов для офтальмологии 2011!');
UNLOCK TABLES;
/*!40000 ALTER TABLE `NewsLang` ENABLE KEYS */;


--
-- Definition of table `optica100`.`Offer`
--

DROP TABLE IF EXISTS `optica100`.`Offer`;
CREATE TABLE  `optica100`.`Offer` (
  `id` mediumint(9) NOT NULL AUTO_INCREMENT,
  `image` varchar(1024) DEFAULT NULL,
  `active` tinyint(1) NOT NULL,
  `date_begin` date NOT NULL,
  `date_end` date NOT NULL,
  `date_added` timestamp NOT NULL DEFAULT CURRENT_TIMESTAMP ON UPDATE CURRENT_TIMESTAMP,
  `date_modified` timestamp NOT NULL DEFAULT '0000-00-00 00:00:00',
  PRIMARY KEY (`id`)
) ENGINE=MyISAM AUTO_INCREMENT=2 DEFAULT CHARSET=utf8;

--
-- Dumping data for table `optica100`.`Offer`
--

/*!40000 ALTER TABLE `Offer` DISABLE KEYS */;
LOCK TABLES `Offer` WRITE;
INSERT INTO `optica100`.`Offer` VALUES  (1,'',1,'2012-03-02','2012-03-28','2012-03-21 18:15:50','2012-03-23 11:23:52');
UNLOCK TABLES;
/*!40000 ALTER TABLE `Offer` ENABLE KEYS */;


--
-- Definition of table `optica100`.`OfferLang`
--

DROP TABLE IF EXISTS `optica100`.`OfferLang`;
CREATE TABLE  `optica100`.`OfferLang` (
  `id_offer` int(11) NOT NULL,
  `description` text NOT NULL,
  `name` varchar(1024) NOT NULL,
  `id_lang` int(11) NOT NULL,
  `date_added` timestamp NOT NULL DEFAULT CURRENT_TIMESTAMP ON UPDATE CURRENT_TIMESTAMP,
  `date_modified` timestamp NOT NULL DEFAULT '0000-00-00 00:00:00',
  PRIMARY KEY (`id_offer`,`id_lang`)
) ENGINE=MyISAM DEFAULT CHARSET=utf8;

--
-- Dumping data for table `optica100`.`OfferLang`
--

/*!40000 ALTER TABLE `OfferLang` DISABLE KEYS */;
LOCK TABLES `OfferLang` WRITE;
INSERT INTO `optica100`.`OfferLang` VALUES  (1,'<p>2222222222222</p>','Два по цене одного',4,'2012-03-23 11:23:33','2012-03-23 11:23:52');
UNLOCK TABLES;
/*!40000 ALTER TABLE `OfferLang` ENABLE KEYS */;


--
-- Definition of table `optica100`.`Order`
--

DROP TABLE IF EXISTS `optica100`.`Order`;
CREATE TABLE  `optica100`.`Order` (
  `id` mediumint(9) NOT NULL AUTO_INCREMENT,
  `id_user` mediumint(9) NOT NULL,
  `date_created` timestamp NOT NULL DEFAULT CURRENT_TIMESTAMP ON UPDATE CURRENT_TIMESTAMP,
  `date_posted` timestamp NOT NULL DEFAULT '0000-00-00 00:00:00',
  `date_payment` timestamp NOT NULL DEFAULT '0000-00-00 00:00:00',
  `id_delivery` mediumint(9) NOT NULL,
  `summ` float NOT NULL,
  `delivery_type` mediumint(3) NOT NULL,
  `text` text NOT NULL,
  `notification` tinyint(1) NOT NULL,
  PRIMARY KEY (`id`)
) ENGINE=MyISAM AUTO_INCREMENT=295 DEFAULT CHARSET=utf8;

--
-- Dumping data for table `optica100`.`Order`
--

/*!40000 ALTER TABLE `Order` DISABLE KEYS */;
LOCK TABLES `Order` WRITE;
INSERT INTO `optica100`.`Order` VALUES  (1,7,'2011-11-18 15:23:49','0000-00-00 00:00:00','0000-00-00 00:00:00',1,4141.4,0,'',0),
 (2,7,'2011-11-18 15:30:13','0000-00-00 00:00:00','0000-00-00 00:00:00',2,4141.4,0,'',0),
 (3,7,'2011-11-18 15:39:25','0000-00-00 00:00:00','0000-00-00 00:00:00',3,4141.4,0,'',0),
 (4,7,'2011-11-18 15:58:34','0000-00-00 00:00:00','0000-00-00 00:00:00',4,4141.4,0,'',0),
 (5,7,'2011-11-18 15:59:05','0000-00-00 00:00:00','0000-00-00 00:00:00',5,4141.4,0,'',0),
 (6,7,'2011-11-18 15:59:13','2011-12-08 00:00:00','0000-00-00 00:00:00',6,4141.4,0,'',0),
 (7,7,'2011-11-18 16:03:32','0000-00-00 00:00:00','0000-00-00 00:00:00',7,4141.4,0,'',0),
 (8,7,'2011-11-18 16:04:57','0000-00-00 00:00:00','0000-00-00 00:00:00',8,4141.4,0,'',0),
 (9,7,'2011-11-18 16:06:04','0000-00-00 00:00:00','0000-00-00 00:00:00',9,4141.4,0,'',0),
 (10,7,'2011-11-22 12:22:51','2011-12-16 00:00:00','0000-00-00 00:00:00',1,1917.36,1,'гололвуююювавава вав\r\nвавааваsssssssssssssss',1),
 (11,7,'2011-11-25 18:00:56','0000-00-00 00:00:00','0000-00-00 00:00:00',2,5159.2,1,'',0),
 (12,7,'2011-12-21 09:28:33','0000-00-00 00:00:00','0000-00-00 00:00:00',3,2680.64,1,'',0),
 (13,7,'2011-12-21 10:16:17','0000-00-00 00:00:00','0000-00-00 00:00:00',4,2680.64,1,'',0),
 (14,7,'2011-12-21 10:22:01','0000-00-00 00:00:00','0000-00-00 00:00:00',5,2680.64,1,'',0),
 (15,7,'2011-12-21 10:22:37','0000-00-00 00:00:00','0000-00-00 00:00:00',6,2680.64,1,'',0),
 (16,7,'2011-12-21 10:37:51','0000-00-00 00:00:00','0000-00-00 00:00:00',9,2680.64,1,'',0),
 (17,7,'2011-12-21 10:38:25','0000-00-00 00:00:00','0000-00-00 00:00:00',10,2680.64,1,'',0),
 (18,7,'2011-12-21 10:38:42','0000-00-00 00:00:00','0000-00-00 00:00:00',11,2680.64,1,'',0),
 (19,7,'2011-12-21 10:46:26','0000-00-00 00:00:00','0000-00-00 00:00:00',12,2680.64,1,'',0),
 (20,7,'2011-12-21 10:47:33','0000-00-00 00:00:00','0000-00-00 00:00:00',13,6280.64,1,'',0),
 (21,7,'2011-12-21 10:51:29','0000-00-00 00:00:00','0000-00-00 00:00:00',14,6280.64,1,'',0),
 (22,7,'2011-12-21 11:09:50','0000-00-00 00:00:00','0000-00-00 00:00:00',15,6280.64,1,'',0),
 (23,7,'2011-12-21 11:14:33','0000-00-00 00:00:00','0000-00-00 00:00:00',16,6280.64,1,'',0),
 (24,7,'2011-12-21 11:15:51','0000-00-00 00:00:00','0000-00-00 00:00:00',17,6280.64,1,'',0),
 (25,7,'2011-12-21 11:16:49','0000-00-00 00:00:00','0000-00-00 00:00:00',18,6280.64,1,'',0),
 (26,7,'2011-12-21 11:20:23','0000-00-00 00:00:00','0000-00-00 00:00:00',19,6280.64,1,'',0),
 (27,7,'2011-12-21 11:24:55','0000-00-00 00:00:00','0000-00-00 00:00:00',20,6280.64,1,'',0),
 (28,7,'2011-12-21 11:25:24','0000-00-00 00:00:00','0000-00-00 00:00:00',21,6280.64,1,'',0),
 (29,7,'2011-12-21 11:25:33','0000-00-00 00:00:00','0000-00-00 00:00:00',22,6280.64,1,'',0),
 (30,7,'2011-12-21 11:25:50','0000-00-00 00:00:00','0000-00-00 00:00:00',23,6280.64,1,'',0),
 (31,7,'2011-12-21 11:25:58','0000-00-00 00:00:00','0000-00-00 00:00:00',24,6280.64,1,'',0),
 (32,7,'2011-12-21 11:30:03','0000-00-00 00:00:00','0000-00-00 00:00:00',25,6280.64,1,'',0),
 (33,7,'2011-12-21 11:31:07','0000-00-00 00:00:00','0000-00-00 00:00:00',26,6280.64,1,'',0),
 (34,7,'2011-12-21 11:31:43','0000-00-00 00:00:00','0000-00-00 00:00:00',27,6280.64,1,'',0),
 (35,7,'2011-12-21 11:32:00','0000-00-00 00:00:00','0000-00-00 00:00:00',28,6280.64,1,'',0),
 (36,7,'2011-12-21 11:34:29','0000-00-00 00:00:00','0000-00-00 00:00:00',29,6280.64,1,'',0),
 (37,7,'2011-12-21 11:35:08','0000-00-00 00:00:00','0000-00-00 00:00:00',30,6280.64,1,'',0),
 (38,7,'2011-12-21 11:42:23','0000-00-00 00:00:00','0000-00-00 00:00:00',31,6280.64,1,'',0),
 (39,7,'2011-12-21 11:42:41','0000-00-00 00:00:00','0000-00-00 00:00:00',32,6280.64,1,'',0),
 (40,7,'2011-12-21 11:45:05','0000-00-00 00:00:00','0000-00-00 00:00:00',33,6280.64,1,'',0),
 (41,7,'2011-12-21 11:45:18','0000-00-00 00:00:00','0000-00-00 00:00:00',34,6280.64,1,'',0),
 (42,7,'2011-12-21 11:45:38','0000-00-00 00:00:00','0000-00-00 00:00:00',35,6280.64,1,'',0),
 (43,7,'2011-12-21 11:46:16','0000-00-00 00:00:00','0000-00-00 00:00:00',36,6280.64,1,'',0),
 (44,7,'2011-12-21 11:52:36','0000-00-00 00:00:00','0000-00-00 00:00:00',37,6280.64,1,'',0),
 (45,7,'2011-12-21 11:53:22','0000-00-00 00:00:00','0000-00-00 00:00:00',38,6280.64,1,'',0),
 (46,7,'2011-12-21 11:53:46','0000-00-00 00:00:00','0000-00-00 00:00:00',39,6280.64,1,'',0),
 (47,7,'2011-12-21 11:54:10','0000-00-00 00:00:00','0000-00-00 00:00:00',40,6280.64,1,'',0),
 (48,7,'2011-12-21 11:54:46','0000-00-00 00:00:00','0000-00-00 00:00:00',41,6280.64,1,'',0),
 (49,7,'2011-12-21 11:56:58','0000-00-00 00:00:00','0000-00-00 00:00:00',42,6280.64,1,'',0),
 (50,7,'2011-12-21 11:58:41','0000-00-00 00:00:00','0000-00-00 00:00:00',43,6280.64,1,'',0),
 (51,7,'2011-12-21 11:59:21','0000-00-00 00:00:00','0000-00-00 00:00:00',44,6280.64,1,'',0),
 (52,7,'2011-12-21 11:59:31','0000-00-00 00:00:00','0000-00-00 00:00:00',45,6280.64,1,'',0),
 (53,7,'2011-12-21 12:00:15','0000-00-00 00:00:00','0000-00-00 00:00:00',46,6280.64,1,'',0),
 (54,7,'2011-12-21 12:05:41','0000-00-00 00:00:00','0000-00-00 00:00:00',47,6280.64,1,'',0),
 (55,7,'2011-12-21 12:05:50','0000-00-00 00:00:00','0000-00-00 00:00:00',48,6280.64,1,'',0),
 (56,7,'2011-12-21 12:06:30','0000-00-00 00:00:00','0000-00-00 00:00:00',49,6280.64,1,'',0),
 (57,7,'2011-12-21 12:08:11','0000-00-00 00:00:00','0000-00-00 00:00:00',50,6280.64,1,'',0),
 (58,7,'2011-12-21 12:08:36','0000-00-00 00:00:00','0000-00-00 00:00:00',51,6280.64,1,'',0),
 (59,7,'2011-12-21 12:09:15','0000-00-00 00:00:00','0000-00-00 00:00:00',52,6280.64,1,'',0),
 (60,7,'2011-12-21 12:12:30','0000-00-00 00:00:00','0000-00-00 00:00:00',53,6280.64,1,'',0),
 (61,7,'2011-12-21 12:12:57','0000-00-00 00:00:00','0000-00-00 00:00:00',54,6280.64,1,'',0),
 (62,7,'2011-12-21 12:13:13','0000-00-00 00:00:00','0000-00-00 00:00:00',55,6280.64,1,'',0),
 (63,7,'2011-12-21 12:13:46','0000-00-00 00:00:00','0000-00-00 00:00:00',56,6280.64,1,'',0),
 (64,7,'2011-12-21 12:14:55','0000-00-00 00:00:00','0000-00-00 00:00:00',57,6280.64,1,'',0),
 (65,7,'2011-12-21 12:16:03','0000-00-00 00:00:00','0000-00-00 00:00:00',58,6280.64,1,'',0),
 (66,7,'2011-12-21 12:16:16','0000-00-00 00:00:00','0000-00-00 00:00:00',59,6280.64,1,'',0),
 (67,7,'2011-12-21 12:16:23','0000-00-00 00:00:00','0000-00-00 00:00:00',60,6280.64,1,'',0),
 (68,7,'2011-12-21 12:38:33','0000-00-00 00:00:00','0000-00-00 00:00:00',61,6280.64,1,'',0),
 (69,7,'2011-12-21 12:39:00','0000-00-00 00:00:00','0000-00-00 00:00:00',62,6280.64,1,'',0),
 (70,7,'2011-12-21 12:39:44','0000-00-00 00:00:00','0000-00-00 00:00:00',63,6280.64,1,'',0),
 (71,7,'2011-12-21 12:40:01','0000-00-00 00:00:00','0000-00-00 00:00:00',64,6280.64,1,'',0),
 (72,7,'2011-12-21 12:40:50','0000-00-00 00:00:00','0000-00-00 00:00:00',65,6280.64,1,'',0),
 (73,7,'2011-12-21 12:41:20','0000-00-00 00:00:00','0000-00-00 00:00:00',66,6280.64,1,'',0),
 (74,7,'2011-12-21 14:23:47','0000-00-00 00:00:00','0000-00-00 00:00:00',10,13630,0,'',0),
 (75,7,'2011-12-21 14:29:34','0000-00-00 00:00:00','0000-00-00 00:00:00',11,13630,0,'',0),
 (76,7,'2011-12-21 14:45:12','0000-00-00 00:00:00','0000-00-00 00:00:00',67,14510.2,1,'',0),
 (77,7,'2011-12-21 14:53:38','0000-00-00 00:00:00','0000-00-00 00:00:00',68,14510.2,1,'',0),
 (78,7,'2011-12-21 14:56:00','0000-00-00 00:00:00','0000-00-00 00:00:00',69,14510.2,1,'',0),
 (79,7,'2011-12-21 14:57:54','0000-00-00 00:00:00','0000-00-00 00:00:00',70,14510.2,1,'',0),
 (80,7,'2011-12-21 14:59:16','0000-00-00 00:00:00','0000-00-00 00:00:00',71,14510.2,1,'',0),
 (81,7,'2011-12-21 14:59:35','0000-00-00 00:00:00','0000-00-00 00:00:00',72,14510.2,1,'',0),
 (82,7,'2011-12-21 15:00:00','0000-00-00 00:00:00','0000-00-00 00:00:00',73,14510.2,1,'',0),
 (83,7,'2011-12-21 15:00:23','0000-00-00 00:00:00','0000-00-00 00:00:00',74,14510.2,1,'',0),
 (84,7,'2011-12-21 15:00:31','0000-00-00 00:00:00','0000-00-00 00:00:00',75,14510.2,1,'',0),
 (85,7,'2011-12-21 15:00:45','0000-00-00 00:00:00','0000-00-00 00:00:00',76,14510.2,1,'',0),
 (86,7,'2011-12-21 15:00:59','0000-00-00 00:00:00','0000-00-00 00:00:00',77,14510.2,1,'',0),
 (87,7,'2011-12-21 15:01:31','0000-00-00 00:00:00','0000-00-00 00:00:00',78,14510.2,1,'',0),
 (88,7,'2011-12-21 15:03:07','0000-00-00 00:00:00','0000-00-00 00:00:00',79,14510.2,1,'',0),
 (89,7,'2011-12-21 15:03:20','0000-00-00 00:00:00','0000-00-00 00:00:00',80,14510.2,1,'',0),
 (90,7,'2011-12-21 15:03:35','0000-00-00 00:00:00','0000-00-00 00:00:00',81,14510.2,1,'',0),
 (91,7,'2011-12-21 15:04:14','0000-00-00 00:00:00','0000-00-00 00:00:00',82,14510.2,1,'',0),
 (92,7,'2011-12-21 15:04:28','0000-00-00 00:00:00','0000-00-00 00:00:00',83,14510.2,1,'',0),
 (93,7,'2011-12-21 15:04:58','0000-00-00 00:00:00','0000-00-00 00:00:00',84,14510.2,1,'',0),
 (94,7,'2011-12-21 15:05:16','0000-00-00 00:00:00','0000-00-00 00:00:00',85,14510.2,1,'',0),
 (95,7,'2011-12-21 15:05:39','0000-00-00 00:00:00','0000-00-00 00:00:00',86,14510.2,1,'',0),
 (96,7,'2011-12-21 15:13:12','0000-00-00 00:00:00','0000-00-00 00:00:00',87,14510.2,1,'',0),
 (97,7,'2011-12-21 15:13:37','0000-00-00 00:00:00','0000-00-00 00:00:00',88,14510.2,1,'',0),
 (98,7,'2011-12-21 15:16:02','0000-00-00 00:00:00','0000-00-00 00:00:00',89,14510.2,1,'',0),
 (99,7,'2011-12-21 15:16:39','0000-00-00 00:00:00','2011-12-23 11:04:30',90,1800.24,1,'',0),
 (100,7,'2011-12-21 15:27:01','0000-00-00 00:00:00','0000-00-00 00:00:00',12,786.1,0,'',0),
 (101,7,'2011-12-21 15:28:26','0000-00-00 00:00:00','0000-00-00 00:00:00',13,786.1,0,'',0),
 (102,7,'2011-12-21 15:29:21','0000-00-00 00:00:00','0000-00-00 00:00:00',14,856.1,0,'',0),
 (103,7,'2011-12-21 15:31:17','0000-00-00 00:00:00','0000-00-00 00:00:00',15,2486.1,0,'',0),
 (104,7,'2011-12-21 15:31:32','0000-00-00 00:00:00','0000-00-00 00:00:00',16,2486.1,0,'',0),
 (105,7,'2011-12-21 15:32:12','0000-00-00 00:00:00','0000-00-00 00:00:00',17,2486.1,0,'',0),
 (106,7,'2011-12-21 15:33:59','0000-00-00 00:00:00','0000-00-00 00:00:00',18,2486.1,0,'',0),
 (107,7,'2011-12-21 15:34:19','0000-00-00 00:00:00','0000-00-00 00:00:00',19,2486.1,0,'',0),
 (108,7,'2011-12-21 18:35:24','0000-00-00 00:00:00','0000-00-00 00:00:00',91,5972.48,1,'',0),
 (109,7,'2011-12-21 18:37:39','0000-00-00 00:00:00','0000-00-00 00:00:00',92,5972.48,1,'',0),
 (110,7,'2011-12-21 19:59:44','0000-00-00 00:00:00','0000-00-00 00:00:00',94,2122.48,1,'',0),
 (111,7,'2011-12-21 20:00:59','0000-00-00 00:00:00','0000-00-00 00:00:00',95,2122.48,1,'',0),
 (112,7,'2011-12-21 20:01:02','0000-00-00 00:00:00','0000-00-00 00:00:00',96,2122.48,1,'',0),
 (113,7,'2011-12-21 20:01:03','0000-00-00 00:00:00','0000-00-00 00:00:00',97,2122.48,1,'',0),
 (114,7,'2011-12-22 09:26:59','0000-00-00 00:00:00','0000-00-00 00:00:00',98,2830.64,1,'',0),
 (115,7,'2011-12-22 09:28:33','0000-00-00 00:00:00','0000-00-00 00:00:00',99,2830.64,1,'',0),
 (116,7,'2011-12-22 09:28:49','0000-00-00 00:00:00','0000-00-00 00:00:00',100,2830.64,1,'',0),
 (117,7,'2011-12-22 09:29:04','0000-00-00 00:00:00','0000-00-00 00:00:00',101,2830.64,1,'',0),
 (118,7,'2011-12-22 09:29:18','0000-00-00 00:00:00','0000-00-00 00:00:00',102,2830.64,1,'',0),
 (119,7,'2011-12-22 09:29:34','0000-00-00 00:00:00','0000-00-00 00:00:00',103,2830.64,1,'',0),
 (120,7,'2011-12-22 09:30:01','0000-00-00 00:00:00','0000-00-00 00:00:00',104,2830.64,1,'',0),
 (121,7,'2011-12-22 09:30:52','0000-00-00 00:00:00','0000-00-00 00:00:00',105,2830.64,1,'',0),
 (122,7,'2011-12-22 09:31:11','0000-00-00 00:00:00','0000-00-00 00:00:00',106,2830.64,1,'',0),
 (123,7,'2011-12-22 09:37:32','0000-00-00 00:00:00','0000-00-00 00:00:00',109,2280.64,1,'',0),
 (124,7,'2011-12-22 09:37:55','0000-00-00 00:00:00','0000-00-00 00:00:00',110,2280.64,1,'',0),
 (125,7,'2011-12-22 09:38:04','0000-00-00 00:00:00','0000-00-00 00:00:00',111,2280.64,1,'',0),
 (126,7,'2011-12-22 09:38:25','0000-00-00 00:00:00','0000-00-00 00:00:00',112,2280.64,1,'',0),
 (127,7,'2011-12-22 09:38:47','0000-00-00 00:00:00','0000-00-00 00:00:00',113,2280.64,1,'',0),
 (128,7,'2011-12-22 09:38:56','0000-00-00 00:00:00','0000-00-00 00:00:00',114,2280.64,1,'',0),
 (129,7,'2011-12-22 09:39:49','0000-00-00 00:00:00','0000-00-00 00:00:00',115,2280.64,1,'',0),
 (130,7,'2011-12-22 09:40:03','0000-00-00 00:00:00','0000-00-00 00:00:00',116,2280.64,1,'',0),
 (131,7,'2011-12-22 09:40:16','0000-00-00 00:00:00','0000-00-00 00:00:00',117,2280.64,1,'',0),
 (132,7,'2011-12-22 09:40:24','0000-00-00 00:00:00','0000-00-00 00:00:00',118,2280.64,1,'',0),
 (133,7,'2011-12-22 09:40:38','0000-00-00 00:00:00','0000-00-00 00:00:00',119,2280.64,1,'',0),
 (134,7,'2011-12-22 09:40:38','0000-00-00 00:00:00','0000-00-00 00:00:00',120,2280.64,1,'',0),
 (135,7,'2011-12-22 09:40:45','0000-00-00 00:00:00','0000-00-00 00:00:00',121,2280.64,1,'',0),
 (136,7,'2011-12-22 09:40:46','0000-00-00 00:00:00','0000-00-00 00:00:00',122,2280.64,1,'',0),
 (137,7,'2011-12-22 09:41:21','0000-00-00 00:00:00','0000-00-00 00:00:00',123,2280.64,1,'',0),
 (138,7,'2011-12-22 09:41:21','0000-00-00 00:00:00','0000-00-00 00:00:00',124,2280.64,1,'',0),
 (139,7,'2011-12-22 09:42:21','0000-00-00 00:00:00','0000-00-00 00:00:00',125,2280.64,1,'',0),
 (140,7,'2011-12-22 09:42:22','0000-00-00 00:00:00','0000-00-00 00:00:00',126,2280.64,1,'',0),
 (141,7,'2011-12-22 09:42:37','0000-00-00 00:00:00','0000-00-00 00:00:00',127,2280.64,1,'',0),
 (142,7,'2011-12-22 09:42:37','0000-00-00 00:00:00','0000-00-00 00:00:00',128,2280.64,1,'',0),
 (143,7,'2011-12-22 09:42:58','0000-00-00 00:00:00','0000-00-00 00:00:00',129,2280.64,1,'',0),
 (144,7,'2011-12-22 09:42:58','0000-00-00 00:00:00','0000-00-00 00:00:00',130,2280.64,1,'',0),
 (145,7,'2011-12-22 09:43:20','0000-00-00 00:00:00','0000-00-00 00:00:00',131,2280.64,1,'',0),
 (146,7,'2011-12-22 09:43:21','0000-00-00 00:00:00','0000-00-00 00:00:00',132,2280.64,1,'',0),
 (147,7,'2011-12-22 09:43:30','0000-00-00 00:00:00','0000-00-00 00:00:00',133,2280.64,1,'',0),
 (148,7,'2011-12-22 09:44:14','0000-00-00 00:00:00','0000-00-00 00:00:00',134,2280.64,1,'',0),
 (149,7,'2011-12-22 09:44:16','0000-00-00 00:00:00','0000-00-00 00:00:00',135,2280.64,1,'',0),
 (150,7,'2011-12-22 09:44:39','0000-00-00 00:00:00','0000-00-00 00:00:00',136,2280.64,1,'',0),
 (151,7,'2011-12-22 09:44:51','0000-00-00 00:00:00','0000-00-00 00:00:00',137,2280.64,1,'',0),
 (152,7,'2011-12-22 09:45:02','0000-00-00 00:00:00','0000-00-00 00:00:00',138,2280.64,1,'',0),
 (153,7,'2011-12-22 09:45:11','0000-00-00 00:00:00','0000-00-00 00:00:00',139,2280.64,1,'',0),
 (154,7,'2011-12-22 09:45:18','0000-00-00 00:00:00','0000-00-00 00:00:00',140,2280.64,1,'',0),
 (155,7,'2011-12-22 09:45:25','0000-00-00 00:00:00','0000-00-00 00:00:00',141,2280.64,1,'',0),
 (156,7,'2011-12-22 09:46:07','0000-00-00 00:00:00','0000-00-00 00:00:00',142,2280.64,1,'',0),
 (157,7,'2011-12-22 09:46:17','0000-00-00 00:00:00','0000-00-00 00:00:00',143,2280.64,1,'',0),
 (158,7,'2011-12-22 09:47:34','0000-00-00 00:00:00','0000-00-00 00:00:00',144,2280.64,1,'',0),
 (159,7,'2011-12-22 09:47:35','0000-00-00 00:00:00','0000-00-00 00:00:00',145,2280.64,1,'',0),
 (160,7,'2011-12-22 09:47:44','0000-00-00 00:00:00','0000-00-00 00:00:00',146,2280.64,1,'',0),
 (161,7,'2011-12-22 09:47:46','0000-00-00 00:00:00','0000-00-00 00:00:00',147,2280.64,1,'',0),
 (162,7,'2011-12-22 09:49:48','0000-00-00 00:00:00','0000-00-00 00:00:00',148,2280.64,1,'',0),
 (163,7,'2011-12-22 09:49:58','0000-00-00 00:00:00','0000-00-00 00:00:00',149,2280.64,1,'',0),
 (164,7,'2011-12-22 09:50:09','0000-00-00 00:00:00','0000-00-00 00:00:00',150,2280.64,1,'',0),
 (165,7,'2011-12-22 09:50:24','0000-00-00 00:00:00','0000-00-00 00:00:00',151,2280.64,1,'',0),
 (166,7,'2011-12-22 09:50:33','0000-00-00 00:00:00','0000-00-00 00:00:00',152,2280.64,1,'',0),
 (167,7,'2011-12-22 09:50:39','0000-00-00 00:00:00','0000-00-00 00:00:00',153,2280.64,1,'',0),
 (168,7,'2011-12-22 09:51:40','0000-00-00 00:00:00','0000-00-00 00:00:00',154,2280.64,1,'',0),
 (169,7,'2011-12-22 09:52:19','0000-00-00 00:00:00','0000-00-00 00:00:00',155,2280.64,1,'',0),
 (170,7,'2011-12-22 09:52:40','0000-00-00 00:00:00','0000-00-00 00:00:00',156,2280.64,1,'',0),
 (171,7,'2011-12-22 09:52:59','0000-00-00 00:00:00','0000-00-00 00:00:00',157,2280.64,1,'',0),
 (172,7,'2011-12-22 09:53:10','0000-00-00 00:00:00','0000-00-00 00:00:00',158,2280.64,1,'',0),
 (173,7,'2011-12-22 09:54:01','0000-00-00 00:00:00','0000-00-00 00:00:00',159,2280.64,1,'',0),
 (174,7,'2011-12-22 09:54:09','0000-00-00 00:00:00','0000-00-00 00:00:00',160,2280.64,1,'',0),
 (175,7,'2011-12-22 09:54:14','0000-00-00 00:00:00','0000-00-00 00:00:00',161,2280.64,1,'',0),
 (176,7,'2011-12-22 09:57:04','0000-00-00 00:00:00','0000-00-00 00:00:00',162,2280.64,1,'',0),
 (177,7,'2011-12-22 09:57:18','0000-00-00 00:00:00','0000-00-00 00:00:00',163,2280.64,1,'',0),
 (178,7,'2011-12-22 09:57:47','0000-00-00 00:00:00','0000-00-00 00:00:00',164,2280.64,1,'',0),
 (179,7,'2011-12-22 09:58:14','0000-00-00 00:00:00','0000-00-00 00:00:00',165,2280.64,1,'',0),
 (180,7,'2011-12-22 09:58:26','0000-00-00 00:00:00','0000-00-00 00:00:00',166,2280.64,1,'',0),
 (181,7,'2011-12-22 09:58:45','0000-00-00 00:00:00','0000-00-00 00:00:00',167,2280.64,1,'',0),
 (182,7,'2011-12-22 09:58:47','0000-00-00 00:00:00','0000-00-00 00:00:00',168,2280.64,1,'',0),
 (183,7,'2011-12-22 10:00:00','0000-00-00 00:00:00','0000-00-00 00:00:00',169,2280.64,1,'',0),
 (184,7,'2011-12-22 10:00:13','0000-00-00 00:00:00','0000-00-00 00:00:00',170,2280.64,1,'',0),
 (185,7,'2011-12-22 10:00:20','0000-00-00 00:00:00','0000-00-00 00:00:00',171,2280.64,1,'',0),
 (186,7,'2011-12-22 10:00:22','0000-00-00 00:00:00','0000-00-00 00:00:00',172,2280.64,1,'',0),
 (187,7,'2011-12-22 10:00:40','0000-00-00 00:00:00','0000-00-00 00:00:00',173,2280.64,1,'',0),
 (188,7,'2011-12-22 10:00:51','0000-00-00 00:00:00','0000-00-00 00:00:00',174,2280.64,1,'',0),
 (189,7,'2011-12-22 10:01:04','0000-00-00 00:00:00','0000-00-00 00:00:00',175,2280.64,1,'',0),
 (190,7,'2011-12-22 10:01:33','0000-00-00 00:00:00','0000-00-00 00:00:00',176,2280.64,1,'',0),
 (191,7,'2011-12-22 10:01:47','0000-00-00 00:00:00','0000-00-00 00:00:00',177,2280.64,1,'',0),
 (192,7,'2011-12-22 10:01:54','0000-00-00 00:00:00','0000-00-00 00:00:00',178,2280.64,1,'',0),
 (193,7,'2011-12-22 10:03:01','0000-00-00 00:00:00','0000-00-00 00:00:00',179,2280.64,1,'',0),
 (194,7,'2011-12-22 10:03:10','0000-00-00 00:00:00','0000-00-00 00:00:00',180,2280.64,1,'',0),
 (195,7,'2011-12-22 10:03:22','0000-00-00 00:00:00','0000-00-00 00:00:00',181,2280.64,1,'',0),
 (196,7,'2011-12-22 10:05:40','0000-00-00 00:00:00','0000-00-00 00:00:00',182,2280.64,1,'',0),
 (197,7,'2011-12-22 10:05:52','0000-00-00 00:00:00','0000-00-00 00:00:00',183,2280.64,1,'',0),
 (198,7,'2011-12-22 10:06:23','0000-00-00 00:00:00','0000-00-00 00:00:00',184,2280.64,1,'',0),
 (199,7,'2011-12-22 10:06:57','0000-00-00 00:00:00','0000-00-00 00:00:00',185,2280.64,1,'',0),
 (200,7,'2011-12-22 10:07:11','0000-00-00 00:00:00','0000-00-00 00:00:00',186,2280.64,1,'',0),
 (201,7,'2011-12-22 10:08:45','0000-00-00 00:00:00','0000-00-00 00:00:00',187,2280.64,1,'',0),
 (202,7,'2011-12-22 10:08:53','0000-00-00 00:00:00','0000-00-00 00:00:00',188,2280.64,1,'',0),
 (203,7,'2011-12-22 10:12:18','0000-00-00 00:00:00','0000-00-00 00:00:00',189,2280.64,1,'',0),
 (204,7,'2011-12-22 10:13:07','0000-00-00 00:00:00','0000-00-00 00:00:00',190,2280.64,1,'',0),
 (205,7,'2011-12-22 10:13:09','0000-00-00 00:00:00','0000-00-00 00:00:00',191,2280.64,1,'',0),
 (206,7,'2011-12-22 10:19:57','0000-00-00 00:00:00','0000-00-00 00:00:00',192,2280.64,1,'',0),
 (207,7,'2011-12-22 10:20:01','0000-00-00 00:00:00','0000-00-00 00:00:00',193,2280.64,1,'',0),
 (208,7,'2011-12-22 10:22:16','0000-00-00 00:00:00','0000-00-00 00:00:00',194,2280.64,1,'',0),
 (209,7,'2011-12-22 10:22:28','0000-00-00 00:00:00','0000-00-00 00:00:00',195,2280.64,1,'',0),
 (210,7,'2011-12-22 10:23:02','0000-00-00 00:00:00','0000-00-00 00:00:00',196,2280.64,1,'',0),
 (211,7,'2011-12-22 10:23:31','0000-00-00 00:00:00','0000-00-00 00:00:00',197,2280.64,1,'',0),
 (212,7,'2011-12-22 10:23:48','0000-00-00 00:00:00','0000-00-00 00:00:00',198,2280.64,1,'',0),
 (213,7,'2011-12-22 10:23:59','0000-00-00 00:00:00','0000-00-00 00:00:00',199,2280.64,1,'',0),
 (214,7,'2011-12-22 10:24:02','0000-00-00 00:00:00','0000-00-00 00:00:00',200,2280.64,1,'',0),
 (215,7,'2011-12-22 10:24:42','0000-00-00 00:00:00','0000-00-00 00:00:00',201,2280.64,1,'',0),
 (216,7,'2011-12-22 10:25:15','0000-00-00 00:00:00','0000-00-00 00:00:00',202,2280.64,1,'',0),
 (217,7,'2011-12-22 10:25:29','0000-00-00 00:00:00','0000-00-00 00:00:00',203,2280.64,1,'',0),
 (218,7,'2011-12-22 10:27:26','0000-00-00 00:00:00','0000-00-00 00:00:00',204,2280.64,1,'',0),
 (219,7,'2011-12-22 10:27:46','0000-00-00 00:00:00','0000-00-00 00:00:00',205,2280.64,1,'',0),
 (220,7,'2011-12-22 10:30:19','0000-00-00 00:00:00','0000-00-00 00:00:00',206,2280.64,1,'',0),
 (221,7,'2011-12-22 10:30:25','0000-00-00 00:00:00','0000-00-00 00:00:00',207,2280.64,1,'',0),
 (222,7,'2011-12-22 10:30:29','0000-00-00 00:00:00','0000-00-00 00:00:00',208,2280.64,1,'',0),
 (223,7,'2011-12-22 10:31:14','0000-00-00 00:00:00','0000-00-00 00:00:00',209,2280.64,1,'',0),
 (224,7,'2011-12-22 10:31:24','0000-00-00 00:00:00','0000-00-00 00:00:00',210,2280.64,1,'',0),
 (225,7,'2011-12-22 10:31:37','0000-00-00 00:00:00','0000-00-00 00:00:00',211,2280.64,1,'',0),
 (226,7,'2011-12-22 10:31:40','0000-00-00 00:00:00','0000-00-00 00:00:00',212,2280.64,1,'',0),
 (227,7,'2011-12-22 10:35:10','0000-00-00 00:00:00','0000-00-00 00:00:00',213,2280.64,1,'',0),
 (228,7,'2011-12-22 10:35:14','0000-00-00 00:00:00','0000-00-00 00:00:00',214,2280.64,1,'',0),
 (229,7,'2011-12-22 10:35:27','0000-00-00 00:00:00','0000-00-00 00:00:00',215,2280.64,1,'',0),
 (230,7,'2011-12-22 10:35:54','0000-00-00 00:00:00','0000-00-00 00:00:00',216,2280.64,1,'',0),
 (231,7,'2011-12-22 10:36:00','0000-00-00 00:00:00','0000-00-00 00:00:00',217,2280.64,1,'',0),
 (232,7,'2011-12-22 12:35:28','0000-00-00 00:00:00','0000-00-00 00:00:00',218,3019.44,1,'',0),
 (233,7,'2011-12-22 12:35:38','0000-00-00 00:00:00','0000-00-00 00:00:00',219,3019.44,1,'',0),
 (234,7,'2011-12-22 12:35:43','0000-00-00 00:00:00','0000-00-00 00:00:00',220,3019.44,1,'',0),
 (235,7,'2011-12-22 12:37:32','0000-00-00 00:00:00','0000-00-00 00:00:00',221,3019.44,1,'',0),
 (236,7,'2011-12-22 12:37:41','0000-00-00 00:00:00','0000-00-00 00:00:00',222,3019.44,1,'',0),
 (237,7,'2011-12-22 12:37:57','0000-00-00 00:00:00','0000-00-00 00:00:00',223,3019.44,1,'',0),
 (238,7,'2011-12-22 12:38:36','0000-00-00 00:00:00','0000-00-00 00:00:00',224,3019.44,1,'',0),
 (239,7,'2011-12-22 12:38:45','0000-00-00 00:00:00','0000-00-00 00:00:00',225,3019.44,1,'',0),
 (240,7,'2011-12-22 12:38:52','0000-00-00 00:00:00','0000-00-00 00:00:00',226,3019.44,1,'',0),
 (241,7,'2011-12-22 12:39:24','0000-00-00 00:00:00','0000-00-00 00:00:00',227,3019.44,1,'',0),
 (242,7,'2011-12-22 12:41:27','0000-00-00 00:00:00','0000-00-00 00:00:00',228,3019.44,1,'',0),
 (243,7,'2011-12-22 12:41:47','0000-00-00 00:00:00','0000-00-00 00:00:00',229,3019.44,1,'',0),
 (244,7,'2011-12-22 12:42:08','0000-00-00 00:00:00','0000-00-00 00:00:00',230,3019.44,1,'',0),
 (245,7,'2011-12-22 12:42:15','0000-00-00 00:00:00','0000-00-00 00:00:00',231,3019.44,1,'',0),
 (246,7,'2011-12-22 12:42:22','0000-00-00 00:00:00','0000-00-00 00:00:00',232,3019.44,1,'',0),
 (247,7,'2011-12-22 12:42:26','0000-00-00 00:00:00','0000-00-00 00:00:00',233,3019.44,1,'',0),
 (248,7,'2011-12-22 12:42:41','0000-00-00 00:00:00','0000-00-00 00:00:00',234,3019.44,1,'',0),
 (249,7,'2011-12-22 12:42:49','0000-00-00 00:00:00','0000-00-00 00:00:00',235,3019.44,1,'',0),
 (250,7,'2011-12-22 12:43:03','0000-00-00 00:00:00','0000-00-00 00:00:00',236,3019.44,1,'',0),
 (251,7,'2011-12-22 12:43:10','0000-00-00 00:00:00','0000-00-00 00:00:00',237,3019.44,1,'',0),
 (252,7,'2011-12-22 12:43:46','0000-00-00 00:00:00','0000-00-00 00:00:00',238,3019.44,1,'',0),
 (253,7,'2011-12-22 12:43:59','0000-00-00 00:00:00','0000-00-00 00:00:00',239,3019.44,1,'',0),
 (254,7,'2011-12-22 12:44:54','0000-00-00 00:00:00','0000-00-00 00:00:00',240,3019.44,1,'',0),
 (255,7,'2011-12-22 12:54:10','0000-00-00 00:00:00','0000-00-00 00:00:00',241,3019.44,1,'',0),
 (256,7,'2011-12-22 13:29:38','0000-00-00 00:00:00','0000-00-00 00:00:00',242,2830.64,1,'',0),
 (257,7,'2011-12-22 13:29:48','0000-00-00 00:00:00','0000-00-00 00:00:00',243,2830.64,1,'',0),
 (258,7,'2011-12-22 13:32:16','0000-00-00 00:00:00','0000-00-00 00:00:00',244,2830.64,1,'',0),
 (259,7,'2011-12-22 13:32:29','0000-00-00 00:00:00','0000-00-00 00:00:00',245,2830.64,1,'',0),
 (260,7,'2011-12-22 13:32:37','0000-00-00 00:00:00','0000-00-00 00:00:00',246,2830.64,1,'',0),
 (261,7,'2011-12-22 13:32:52','0000-00-00 00:00:00','0000-00-00 00:00:00',247,2830.64,1,'',0),
 (262,7,'2011-12-22 13:33:03','0000-00-00 00:00:00','0000-00-00 00:00:00',248,2830.64,1,'',0),
 (263,7,'2011-12-22 13:34:07','0000-00-00 00:00:00','0000-00-00 00:00:00',249,2830.64,1,'',0),
 (264,7,'2011-12-22 13:34:15','0000-00-00 00:00:00','0000-00-00 00:00:00',250,2830.64,1,'',0),
 (265,7,'2011-12-22 13:37:16','0000-00-00 00:00:00','0000-00-00 00:00:00',251,2830.64,1,'',0),
 (266,7,'2011-12-23 10:49:02','0000-00-00 00:00:00','0000-00-00 00:00:00',252,2422.48,1,'',0),
 (267,7,'2011-12-23 10:49:37','0000-00-00 00:00:00','0000-00-00 00:00:00',253,2422.48,1,'',0),
 (268,7,'2011-12-23 10:52:16','0000-00-00 00:00:00','0000-00-00 00:00:00',254,2422.48,1,'',0),
 (269,7,'2011-12-23 10:52:37','0000-00-00 00:00:00','0000-00-00 00:00:00',255,2422.48,1,'',0),
 (270,7,'2011-12-23 10:52:54','0000-00-00 00:00:00','0000-00-00 00:00:00',256,2422.48,1,'',0),
 (271,7,'2011-12-23 10:53:13','0000-00-00 00:00:00','0000-00-00 00:00:00',257,2422.48,1,'',0),
 (272,7,'2011-12-23 10:53:17','0000-00-00 00:00:00','0000-00-00 00:00:00',258,2422.48,1,'',0),
 (273,7,'2011-12-23 10:54:03','0000-00-00 00:00:00','0000-00-00 00:00:00',259,2422.48,1,'',0),
 (274,7,'2011-12-23 10:54:16','0000-00-00 00:00:00','0000-00-00 00:00:00',260,2422.48,1,'',0),
 (275,7,'2011-12-23 11:45:36','0000-00-00 00:00:00','0000-00-00 00:00:00',261,3243.92,1,'',0),
 (276,7,'2011-12-23 11:45:59','0000-00-00 00:00:00','0000-00-00 00:00:00',262,3243.92,1,'',0),
 (277,7,'2011-12-23 11:46:48','0000-00-00 00:00:00','0000-00-00 00:00:00',263,3243.92,1,'',0),
 (278,7,'2011-12-23 11:47:42','0000-00-00 00:00:00','0000-00-00 00:00:00',264,3243.92,1,'',0),
 (279,7,'2011-12-23 11:48:39','0000-00-00 00:00:00','0000-00-00 00:00:00',265,3243.92,1,'',0),
 (280,7,'2011-12-23 11:49:08','0000-00-00 00:00:00','0000-00-00 00:00:00',266,3243.92,1,'',0),
 (281,7,'2011-12-23 11:53:11','0000-00-00 00:00:00','0000-00-00 00:00:00',267,3243.92,1,'',0),
 (282,7,'2011-12-23 11:54:04','0000-00-00 00:00:00','2011-12-23 12:03:08',268,3243.92,1,'',0),
 (283,7,'2011-12-23 12:08:15','0000-00-00 00:00:00','0000-00-00 00:00:00',269,3243.92,1,'',0),
 (284,7,'2011-12-26 17:51:03','0000-00-00 00:00:00','0000-00-00 00:00:00',270,1780.64,1,'',0),
 (285,7,'2011-12-27 19:28:37','0000-00-00 00:00:00','0000-00-00 00:00:00',0,2050,2,'',0),
 (286,7,'2011-12-28 18:16:15','0000-00-00 00:00:00','0000-00-00 00:00:00',0,820,2,'',0),
 (287,7,'2011-12-28 18:17:13','0000-00-00 00:00:00','0000-00-00 00:00:00',0,820,2,'',0),
 (288,7,'2012-01-16 14:28:33','0000-00-00 00:00:00','0000-00-00 00:00:00',0,4700,2,'',0),
 (289,7,'2012-01-16 14:29:08','0000-00-00 00:00:00','0000-00-00 00:00:00',271,5572.48,1,'',0),
 (290,15,'2012-01-18 11:08:58','0000-00-00 00:00:00','0000-00-00 00:00:00',0,2550,2,'',0),
 (291,19,'2012-02-06 13:43:38','0000-00-00 00:00:00','0000-00-00 00:00:00',0,54700,2,'',0),
 (292,20,'2012-02-07 11:36:20','0000-00-00 00:00:00','0000-00-00 00:00:00',20,54240,0,'',0),
 (293,7,'2012-02-07 12:03:16','0000-00-00 00:00:00','0000-00-00 00:00:00',0,4800,2,'',0),
 (294,21,'2012-02-07 22:31:33','0000-00-00 00:00:00','0000-00-00 00:00:00',21,2290,0,'',0);
UNLOCK TABLES;
/*!40000 ALTER TABLE `Order` ENABLE KEYS */;


--
-- Definition of table `optica100`.`OrderProduct`
--

DROP TABLE IF EXISTS `optica100`.`OrderProduct`;
CREATE TABLE  `optica100`.`OrderProduct` (
  `id_order` mediumint(9) NOT NULL,
  `id_product` mediumint(9) NOT NULL,
  `name_product` varchar(2048) CHARACTER SET latin1 NOT NULL,
  `qty` mediumint(3) NOT NULL,
  `price` float NOT NULL,
  `date_added` timestamp NOT NULL DEFAULT CURRENT_TIMESTAMP ON UPDATE CURRENT_TIMESTAMP,
  PRIMARY KEY (`id_order`,`id_product`)
) ENGINE=MyISAM DEFAULT CHARSET=utf8;

--
-- Dumping data for table `optica100`.`OrderProduct`
--

/*!40000 ALTER TABLE `OrderProduct` DISABLE KEYS */;
LOCK TABLES `OrderProduct` WRITE;
INSERT INTO `optica100`.`OrderProduct` VALUES  (2,101,'F-0814T',2,2050,'2011-11-18 15:30:13'),
 (3,101,'F-0814T',2,2050,'2011-11-18 15:39:25'),
 (4,101,'F-0814T',2,2050,'2011-11-18 15:58:34'),
 (5,101,'F-0814T',2,2050,'2011-11-18 15:59:05'),
 (6,101,'F-0814T',2,2050,'2011-11-18 15:59:13'),
 (7,101,'F-0814T',2,2050,'2011-11-18 16:03:32'),
 (8,101,'F-0814T',2,2050,'2011-11-18 16:04:57'),
 (9,101,'F-0814T',2,2050,'2011-11-18 16:06:04'),
 (10,104,'F-2107T',1,1550,'2011-11-22 12:22:51'),
 (11,1,'V-202',1,4700,'2011-11-25 18:00:56'),
 (12,161,'P-025T',1,1900,'2011-12-21 09:28:33'),
 (13,161,'P-025T',1,1900,'2011-12-21 10:16:17'),
 (14,161,'P-025T',1,1900,'2011-12-21 10:22:01'),
 (15,161,'P-025T',1,1900,'2011-12-21 10:22:37'),
 (16,161,'P-025T',1,1900,'2011-12-21 10:37:51'),
 (17,161,'P-025T',1,1900,'2011-12-21 10:38:25'),
 (18,161,'P-025T',1,1900,'2011-12-21 10:38:42'),
 (19,161,'P-025T',1,1900,'2011-12-21 10:46:26'),
 (20,161,'P-025T',1,1900,'2011-12-21 10:47:33'),
 (20,243,'SK092',1,3600,'2011-12-21 10:47:33'),
 (21,161,'P-025T',1,1900,'2011-12-21 10:51:29'),
 (21,243,'SK092',1,3600,'2011-12-21 10:51:29'),
 (22,161,'P-025T',1,1900,'2011-12-21 11:09:50'),
 (22,243,'SK092',1,3600,'2011-12-21 11:09:50'),
 (23,161,'P-025T',1,1900,'2011-12-21 11:14:33'),
 (23,243,'SK092',1,3600,'2011-12-21 11:14:33'),
 (24,161,'P-025T',1,1900,'2011-12-21 11:15:51'),
 (24,243,'SK092',1,3600,'2011-12-21 11:15:51'),
 (25,161,'P-025T',1,1900,'2011-12-21 11:16:49'),
 (25,243,'SK092',1,3600,'2011-12-21 11:16:49'),
 (26,161,'P-025T',1,1900,'2011-12-21 11:20:23'),
 (26,243,'SK092',1,3600,'2011-12-21 11:20:23'),
 (27,161,'P-025T',1,1900,'2011-12-21 11:24:55'),
 (27,243,'SK092',1,3600,'2011-12-21 11:24:55'),
 (28,161,'P-025T',1,1900,'2011-12-21 11:25:24'),
 (28,243,'SK092',1,3600,'2011-12-21 11:25:24'),
 (29,161,'P-025T',1,1900,'2011-12-21 11:25:33'),
 (29,243,'SK092',1,3600,'2011-12-21 11:25:33'),
 (30,161,'P-025T',1,1900,'2011-12-21 11:25:50'),
 (30,243,'SK092',1,3600,'2011-12-21 11:25:50'),
 (31,161,'P-025T',1,1900,'2011-12-21 11:25:58'),
 (31,243,'SK092',1,3600,'2011-12-21 11:25:58'),
 (32,161,'P-025T',1,1900,'2011-12-21 11:30:03'),
 (32,243,'SK092',1,3600,'2011-12-21 11:30:03'),
 (33,161,'P-025T',1,1900,'2011-12-21 11:31:07'),
 (33,243,'SK092',1,3600,'2011-12-21 11:31:07'),
 (34,161,'P-025T',1,1900,'2011-12-21 11:31:43'),
 (34,243,'SK092',1,3600,'2011-12-21 11:31:43'),
 (35,161,'P-025T',1,1900,'2011-12-21 11:32:00'),
 (35,243,'SK092',1,3600,'2011-12-21 11:32:00'),
 (36,161,'P-025T',1,1900,'2011-12-21 11:34:29'),
 (36,243,'SK092',1,3600,'2011-12-21 11:34:29'),
 (37,161,'P-025T',1,1900,'2011-12-21 11:35:08'),
 (37,243,'SK092',1,3600,'2011-12-21 11:35:08'),
 (38,161,'P-025T',1,1900,'2011-12-21 11:42:23'),
 (38,243,'SK092',1,3600,'2011-12-21 11:42:23'),
 (39,161,'P-025T',1,1900,'2011-12-21 11:42:41'),
 (39,243,'SK092',1,3600,'2011-12-21 11:42:41'),
 (40,161,'P-025T',1,1900,'2011-12-21 11:45:05'),
 (40,243,'SK092',1,3600,'2011-12-21 11:45:05'),
 (41,161,'P-025T',1,1900,'2011-12-21 11:45:18'),
 (41,243,'SK092',1,3600,'2011-12-21 11:45:18'),
 (42,161,'P-025T',1,1900,'2011-12-21 11:45:38'),
 (42,243,'SK092',1,3600,'2011-12-21 11:45:38'),
 (43,161,'P-025T',1,1900,'2011-12-21 11:46:16'),
 (43,243,'SK092',1,3600,'2011-12-21 11:46:16'),
 (44,161,'P-025T',1,1900,'2011-12-21 11:52:36'),
 (44,243,'SK092',1,3600,'2011-12-21 11:52:36'),
 (45,161,'P-025T',1,1900,'2011-12-21 11:53:22'),
 (45,243,'SK092',1,3600,'2011-12-21 11:53:22'),
 (46,161,'P-025T',1,1900,'2011-12-21 11:53:46'),
 (46,243,'SK092',1,3600,'2011-12-21 11:53:46'),
 (47,161,'P-025T',1,1900,'2011-12-21 11:54:10'),
 (47,243,'SK092',1,3600,'2011-12-21 11:54:10'),
 (48,161,'P-025T',1,1900,'2011-12-21 11:54:46'),
 (48,243,'SK092',1,3600,'2011-12-21 11:54:46'),
 (49,161,'P-025T',1,1900,'2011-12-21 11:56:58'),
 (49,243,'SK092',1,3600,'2011-12-21 11:56:58'),
 (50,161,'P-025T',1,1900,'2011-12-21 11:58:41'),
 (50,243,'SK092',1,3600,'2011-12-21 11:58:41'),
 (51,161,'P-025T',1,1900,'2011-12-21 11:59:21'),
 (51,243,'SK092',1,3600,'2011-12-21 11:59:21'),
 (52,161,'P-025T',1,1900,'2011-12-21 11:59:32'),
 (52,243,'SK092',1,3600,'2011-12-21 11:59:32'),
 (53,161,'P-025T',1,1900,'2011-12-21 12:00:15'),
 (53,243,'SK092',1,3600,'2011-12-21 12:00:15'),
 (54,161,'P-025T',1,1900,'2011-12-21 12:05:41'),
 (54,243,'SK092',1,3600,'2011-12-21 12:05:41'),
 (55,161,'P-025T',1,1900,'2011-12-21 12:05:50'),
 (55,243,'SK092',1,3600,'2011-12-21 12:05:50'),
 (56,161,'P-025T',1,1900,'2011-12-21 12:06:30'),
 (56,243,'SK092',1,3600,'2011-12-21 12:06:30'),
 (57,161,'P-025T',1,1900,'2011-12-21 12:08:11'),
 (57,243,'SK092',1,3600,'2011-12-21 12:08:11'),
 (58,161,'P-025T',1,1900,'2011-12-21 12:08:36'),
 (58,243,'SK092',1,3600,'2011-12-21 12:08:36'),
 (59,161,'P-025T',1,1900,'2011-12-21 12:09:15'),
 (59,243,'SK092',1,3600,'2011-12-21 12:09:15'),
 (60,161,'P-025T',1,1900,'2011-12-21 12:12:30'),
 (60,243,'SK092',1,3600,'2011-12-21 12:12:30'),
 (61,161,'P-025T',1,1900,'2011-12-21 12:12:57'),
 (61,243,'SK092',1,3600,'2011-12-21 12:12:57'),
 (62,161,'P-025T',1,1900,'2011-12-21 12:13:13'),
 (62,243,'SK092',1,3600,'2011-12-21 12:13:13'),
 (63,161,'P-025T',1,1900,'2011-12-21 12:13:47'),
 (63,243,'SK092',1,3600,'2011-12-21 12:13:47'),
 (64,161,'P-025T',1,1900,'2011-12-21 12:14:55'),
 (64,243,'SK092',1,3600,'2011-12-21 12:14:55'),
 (65,161,'P-025T',1,1900,'2011-12-21 12:16:03'),
 (65,243,'SK092',1,3600,'2011-12-21 12:16:03'),
 (66,161,'P-025T',1,1900,'2011-12-21 12:16:16'),
 (66,243,'SK092',1,3600,'2011-12-21 12:16:16'),
 (67,161,'P-025T',1,1900,'2011-12-21 12:16:24'),
 (67,243,'SK092',1,3600,'2011-12-21 12:16:24'),
 (68,161,'P-025T',1,1900,'2011-12-21 12:38:33'),
 (68,243,'SK092',1,3600,'2011-12-21 12:38:33'),
 (69,161,'P-025T',1,1900,'2011-12-21 12:39:00'),
 (69,243,'SK092',1,3600,'2011-12-21 12:39:00'),
 (70,161,'P-025T',1,1900,'2011-12-21 12:39:44'),
 (70,243,'SK092',1,3600,'2011-12-21 12:39:44'),
 (71,161,'P-025T',1,1900,'2011-12-21 12:40:01'),
 (71,243,'SK092',1,3600,'2011-12-21 12:40:01'),
 (72,161,'P-025T',1,1900,'2011-12-21 12:40:50'),
 (72,243,'SK092',1,3600,'2011-12-21 12:40:50'),
 (73,161,'P-025T',1,1900,'2011-12-21 12:41:20'),
 (73,243,'SK092',1,3600,'2011-12-21 12:41:20'),
 (74,231,'DK050',1,13500,'2011-12-21 14:23:47'),
 (75,231,'DK050',1,13500,'2011-12-21 14:29:34'),
 (76,231,'DK050',1,13500,'2011-12-21 14:45:12'),
 (77,231,'DK050',1,13500,'2011-12-21 14:53:38'),
 (78,231,'DK050',1,13500,'2011-12-21 14:56:00'),
 (79,231,'DK050',1,13500,'2011-12-21 14:57:54'),
 (80,231,'DK050',1,13500,'2011-12-21 14:59:16'),
 (81,231,'DK050',1,13500,'2011-12-21 14:59:35'),
 (82,231,'DK050',1,13500,'2011-12-21 15:00:00'),
 (83,231,'DK050',1,13500,'2011-12-21 15:00:23'),
 (84,231,'DK050',1,13500,'2011-12-21 15:00:31'),
 (85,231,'DK050',1,13500,'2011-12-21 15:00:45'),
 (86,231,'DK050',1,13500,'2011-12-21 15:00:59'),
 (87,231,'DK050',1,13500,'2011-12-21 15:01:31'),
 (88,231,'DK050',1,13500,'2011-12-21 15:03:07'),
 (89,231,'DK050',1,13500,'2011-12-21 15:03:20'),
 (90,231,'DK050',1,13500,'2011-12-21 15:03:35'),
 (91,231,'DK050',1,13500,'2011-12-21 15:04:14'),
 (92,231,'DK050',1,13500,'2011-12-21 15:04:28'),
 (93,231,'DK050',1,13500,'2011-12-21 15:04:58'),
 (94,231,'DK050',1,13500,'2011-12-21 15:05:16'),
 (95,231,'DK050',1,13500,'2011-12-21 15:05:39'),
 (96,231,'DK050',1,13500,'2011-12-21 15:13:12'),
 (97,231,'DK050',1,13500,'2011-12-21 15:13:37'),
 (98,231,'DK050',1,13500,'2011-12-21 15:16:02'),
 (99,183,'P-070TH',1,790,'2011-12-21 15:16:39'),
 (100,165,'P-063TH',1,750,'2011-12-21 15:27:01'),
 (101,165,'P-063TH',1,750,'2011-12-21 15:28:26'),
 (102,189,'H-020',1,820,'2011-12-21 15:29:21'),
 (103,131,'S-010S',1,2450,'2011-12-21 15:31:17'),
 (104,131,'S-010S',1,2450,'2011-12-21 15:31:32'),
 (105,131,'S-010S',1,2450,'2011-12-21 15:32:12'),
 (106,131,'S-010S',1,2450,'2011-12-21 15:33:59'),
 (107,131,'S-010S',1,2450,'2011-12-21 15:34:19'),
 (108,220,'N-013T',3,1700,'2011-12-21 18:35:24'),
 (109,220,'N-013T',3,1700,'2011-12-21 18:37:39'),
 (110,160,'P-0201T',1,1250,'2011-12-21 19:59:44'),
 (111,160,'P-0201T',1,1250,'2011-12-21 20:00:59'),
 (112,160,'P-0201T',1,1250,'2011-12-21 20:01:02'),
 (113,160,'P-0201T',1,1250,'2011-12-21 20:01:03'),
 (114,101,'F-0814T',1,2050,'2011-12-22 09:26:59'),
 (115,101,'F-0814T',1,2050,'2011-12-22 09:28:33'),
 (116,101,'F-0814T',1,2050,'2011-12-22 09:28:49'),
 (117,101,'F-0814T',1,2050,'2011-12-22 09:29:04'),
 (118,101,'F-0814T',1,2050,'2011-12-22 09:29:18'),
 (119,101,'F-0814T',1,2050,'2011-12-22 09:29:34'),
 (120,101,'F-0814T',1,2050,'2011-12-22 09:30:01'),
 (121,101,'F-0814T',1,2050,'2011-12-22 09:30:52'),
 (122,101,'F-0814T',1,2050,'2011-12-22 09:31:11'),
 (124,60,'F-0290',1,1500,'2011-12-22 09:37:55'),
 (125,60,'F-0290',1,1500,'2011-12-22 09:38:04'),
 (126,60,'F-0290',1,1500,'2011-12-22 09:38:25'),
 (127,60,'F-0290',1,1500,'2011-12-22 09:38:47'),
 (128,60,'F-0290',1,1500,'2011-12-22 09:38:56'),
 (129,60,'F-0290',1,1500,'2011-12-22 09:39:49'),
 (130,60,'F-0290',1,1500,'2011-12-22 09:40:03'),
 (131,60,'F-0290',1,1500,'2011-12-22 09:40:16'),
 (132,60,'F-0290',1,1500,'2011-12-22 09:40:24'),
 (133,60,'F-0290',1,1500,'2011-12-22 09:40:38'),
 (134,60,'F-0290',1,1500,'2011-12-22 09:40:38'),
 (135,60,'F-0290',1,1500,'2011-12-22 09:40:45'),
 (136,60,'F-0290',1,1500,'2011-12-22 09:40:46'),
 (137,60,'F-0290',1,1500,'2011-12-22 09:41:21'),
 (138,60,'F-0290',1,1500,'2011-12-22 09:41:21'),
 (139,60,'F-0290',1,1500,'2011-12-22 09:42:21'),
 (140,60,'F-0290',1,1500,'2011-12-22 09:42:22'),
 (141,60,'F-0290',1,1500,'2011-12-22 09:42:37'),
 (142,60,'F-0290',1,1500,'2011-12-22 09:42:37'),
 (143,60,'F-0290',1,1500,'2011-12-22 09:42:58'),
 (144,60,'F-0290',1,1500,'2011-12-22 09:42:58'),
 (145,60,'F-0290',1,1500,'2011-12-22 09:43:20'),
 (146,60,'F-0290',1,1500,'2011-12-22 09:43:21'),
 (147,60,'F-0290',1,1500,'2011-12-22 09:43:30'),
 (148,60,'F-0290',1,1500,'2011-12-22 09:44:14'),
 (149,60,'F-0290',1,1500,'2011-12-22 09:44:16'),
 (150,60,'F-0290',1,1500,'2011-12-22 09:44:39'),
 (151,60,'F-0290',1,1500,'2011-12-22 09:44:51'),
 (152,60,'F-0290',1,1500,'2011-12-22 09:45:02'),
 (153,60,'F-0290',1,1500,'2011-12-22 09:45:11'),
 (154,60,'F-0290',1,1500,'2011-12-22 09:45:18'),
 (155,60,'F-0290',1,1500,'2011-12-22 09:45:25'),
 (156,60,'F-0290',1,1500,'2011-12-22 09:46:07'),
 (157,60,'F-0290',1,1500,'2011-12-22 09:46:17'),
 (158,60,'F-0290',1,1500,'2011-12-22 09:47:34'),
 (159,60,'F-0290',1,1500,'2011-12-22 09:47:35'),
 (160,60,'F-0290',1,1500,'2011-12-22 09:47:44'),
 (161,60,'F-0290',1,1500,'2011-12-22 09:47:46'),
 (162,60,'F-0290',1,1500,'2011-12-22 09:49:48'),
 (163,60,'F-0290',1,1500,'2011-12-22 09:49:58'),
 (164,60,'F-0290',1,1500,'2011-12-22 09:50:09'),
 (165,60,'F-0290',1,1500,'2011-12-22 09:50:24'),
 (166,60,'F-0290',1,1500,'2011-12-22 09:50:33'),
 (167,60,'F-0290',1,1500,'2011-12-22 09:50:39'),
 (168,60,'F-0290',1,1500,'2011-12-22 09:51:40'),
 (169,60,'F-0290',1,1500,'2011-12-22 09:52:19'),
 (170,60,'F-0290',1,1500,'2011-12-22 09:52:40'),
 (171,60,'F-0290',1,1500,'2011-12-22 09:52:59'),
 (172,60,'F-0290',1,1500,'2011-12-22 09:53:10'),
 (173,60,'F-0290',1,1500,'2011-12-22 09:54:01'),
 (174,60,'F-0290',1,1500,'2011-12-22 09:54:09'),
 (175,60,'F-0290',1,1500,'2011-12-22 09:54:14'),
 (176,60,'F-0290',1,1500,'2011-12-22 09:57:04'),
 (177,60,'F-0290',1,1500,'2011-12-22 09:57:18'),
 (178,60,'F-0290',1,1500,'2011-12-22 09:57:47'),
 (179,60,'F-0290',1,1500,'2011-12-22 09:58:14'),
 (180,60,'F-0290',1,1500,'2011-12-22 09:58:26'),
 (181,60,'F-0290',1,1500,'2011-12-22 09:58:45'),
 (182,60,'F-0290',1,1500,'2011-12-22 09:58:47'),
 (183,60,'F-0290',1,1500,'2011-12-22 10:00:00'),
 (184,60,'F-0290',1,1500,'2011-12-22 10:00:13'),
 (185,60,'F-0290',1,1500,'2011-12-22 10:00:20'),
 (186,60,'F-0290',1,1500,'2011-12-22 10:00:22'),
 (187,60,'F-0290',1,1500,'2011-12-22 10:00:40'),
 (188,60,'F-0290',1,1500,'2011-12-22 10:00:51'),
 (189,60,'F-0290',1,1500,'2011-12-22 10:01:04'),
 (190,60,'F-0290',1,1500,'2011-12-22 10:01:33'),
 (191,60,'F-0290',1,1500,'2011-12-22 10:01:47'),
 (192,60,'F-0290',1,1500,'2011-12-22 10:01:54'),
 (193,60,'F-0290',1,1500,'2011-12-22 10:03:01'),
 (194,60,'F-0290',1,1500,'2011-12-22 10:03:10'),
 (195,60,'F-0290',1,1500,'2011-12-22 10:03:22'),
 (196,60,'F-0290',1,1500,'2011-12-22 10:05:40'),
 (197,60,'F-0290',1,1500,'2011-12-22 10:05:52'),
 (198,60,'F-0290',1,1500,'2011-12-22 10:06:23'),
 (199,60,'F-0290',1,1500,'2011-12-22 10:06:57'),
 (200,60,'F-0290',1,1500,'2011-12-22 10:07:11'),
 (201,60,'F-0290',1,1500,'2011-12-22 10:08:45'),
 (202,60,'F-0290',1,1500,'2011-12-22 10:08:53'),
 (203,60,'F-0290',1,1500,'2011-12-22 10:12:18'),
 (204,60,'F-0290',1,1500,'2011-12-22 10:13:07'),
 (205,60,'F-0290',1,1500,'2011-12-22 10:13:09'),
 (206,60,'F-0290',1,1500,'2011-12-22 10:19:57'),
 (207,60,'F-0290',1,1500,'2011-12-22 10:20:01'),
 (208,60,'F-0290',1,1500,'2011-12-22 10:22:16'),
 (209,60,'F-0290',1,1500,'2011-12-22 10:22:28'),
 (210,60,'F-0290',1,1500,'2011-12-22 10:23:02'),
 (211,60,'F-0290',1,1500,'2011-12-22 10:23:31'),
 (212,60,'F-0290',1,1500,'2011-12-22 10:23:48'),
 (213,60,'F-0290',1,1500,'2011-12-22 10:23:59'),
 (214,60,'F-0290',1,1500,'2011-12-22 10:24:02'),
 (215,60,'F-0290',1,1500,'2011-12-22 10:24:42'),
 (216,60,'F-0290',1,1500,'2011-12-22 10:25:15'),
 (217,60,'F-0290',1,1500,'2011-12-22 10:25:29'),
 (218,60,'F-0290',1,1500,'2011-12-22 10:27:26'),
 (219,60,'F-0290',1,1500,'2011-12-22 10:27:46'),
 (220,60,'F-0290',1,1500,'2011-12-22 10:30:19'),
 (221,60,'F-0290',1,1500,'2011-12-22 10:30:25'),
 (222,60,'F-0290',1,1500,'2011-12-22 10:30:29'),
 (223,60,'F-0290',1,1500,'2011-12-22 10:31:14'),
 (224,60,'F-0290',1,1500,'2011-12-22 10:31:24'),
 (225,60,'F-0290',1,1500,'2011-12-22 10:31:37'),
 (226,60,'F-0290',1,1500,'2011-12-22 10:31:40'),
 (227,60,'F-0290',1,1500,'2011-12-22 10:35:10'),
 (228,60,'F-0290',1,1500,'2011-12-22 10:35:14'),
 (229,60,'F-0290',1,1500,'2011-12-22 10:35:27'),
 (230,60,'F-0290',1,1500,'2011-12-22 10:35:54'),
 (231,60,'F-0290',1,1500,'2011-12-22 10:36:00'),
 (232,104,'F-2107T',1,1550,'2011-12-22 12:35:28'),
 (233,104,'F-2107T',1,1550,'2011-12-22 12:35:38'),
 (234,104,'F-2107T',1,1550,'2011-12-22 12:35:43'),
 (235,104,'F-2107T',1,1550,'2011-12-22 12:37:32'),
 (236,104,'F-2107T',1,1550,'2011-12-22 12:37:41'),
 (237,104,'F-2107T',1,1550,'2011-12-22 12:37:57'),
 (238,104,'F-2107T',1,1550,'2011-12-22 12:38:36'),
 (239,104,'F-2107T',1,1550,'2011-12-22 12:38:45'),
 (240,104,'F-2107T',1,1550,'2011-12-22 12:38:52'),
 (241,104,'F-2107T',1,1550,'2011-12-22 12:39:24'),
 (242,104,'F-2107T',1,1550,'2011-12-22 12:41:27'),
 (243,104,'F-2107T',1,1550,'2011-12-22 12:41:47'),
 (244,104,'F-2107T',1,1550,'2011-12-22 12:42:08'),
 (245,104,'F-2107T',1,1550,'2011-12-22 12:42:15'),
 (246,104,'F-2107T',1,1550,'2011-12-22 12:42:22'),
 (247,104,'F-2107T',1,1550,'2011-12-22 12:42:26'),
 (248,104,'F-2107T',1,1550,'2011-12-22 12:42:41'),
 (249,104,'F-2107T',1,1550,'2011-12-22 12:42:49'),
 (250,104,'F-2107T',1,1550,'2011-12-22 12:43:03'),
 (251,104,'F-2107T',1,1550,'2011-12-22 12:43:10'),
 (252,104,'F-2107T',1,1550,'2011-12-22 12:43:46'),
 (253,104,'F-2107T',1,1550,'2011-12-22 12:43:59'),
 (254,104,'F-2107T',1,1550,'2011-12-22 12:44:54'),
 (255,104,'F-2107T',1,1550,'2011-12-22 12:54:10'),
 (256,101,'F-0814T',1,2050,'2011-12-22 13:29:38'),
 (257,101,'F-0814T',1,2050,'2011-12-22 13:29:48'),
 (258,101,'F-0814T',1,2050,'2011-12-22 13:32:16'),
 (259,101,'F-0814T',1,2050,'2011-12-22 13:32:29'),
 (260,101,'F-0814T',1,2050,'2011-12-22 13:32:37'),
 (261,101,'F-0814T',1,2050,'2011-12-22 13:32:52'),
 (262,101,'F-0814T',1,2050,'2011-12-22 13:33:03'),
 (263,101,'F-0814T',1,2050,'2011-12-22 13:34:07'),
 (264,101,'F-0814T',1,2050,'2011-12-22 13:34:15'),
 (273,104,'F-2107T',1,1550,'2011-12-23 10:54:03'),
 (274,104,'F-2107T',1,1550,'2011-12-23 10:54:16'),
 (275,101,'F-0814T',1,2050,'2011-12-23 11:45:36'),
 (276,101,'F-0814T',1,2050,'2011-12-23 11:45:59'),
 (277,101,'F-0814T',1,2050,'2011-12-23 11:46:48'),
 (278,101,'F-0814T',1,2050,'2011-12-23 11:47:42'),
 (279,101,'F-0814T',1,2050,'2011-12-23 11:48:39'),
 (280,101,'F-0814T',1,2050,'2011-12-23 11:49:08'),
 (281,101,'F-0814T',1,2050,'2011-12-23 11:53:11'),
 (282,101,'F-0814T',1,2050,'2011-12-23 11:54:04'),
 (283,101,'F-0814T',1,2050,'2011-12-23 12:08:15'),
 (284,298,'R-060',2,500,'2011-12-26 17:51:04'),
 (285,101,'F-0814T',1,2050,'2011-12-27 19:28:37'),
 (286,189,'H-020',1,820,'2011-12-28 18:16:15'),
 (287,189,'H-020',1,820,'2011-12-28 18:17:13'),
 (288,57,'F-03751',1,4700,'2012-01-16 14:28:33'),
 (289,57,'F-03751',1,4700,'2012-01-16 14:29:08'),
 (290,288,'D-0211',2,250,'2012-01-18 11:08:58'),
 (290,289,'D-0221',2,250,'2012-01-18 11:08:58'),
 (290,290,'D-0231',2,250,'2012-01-18 11:08:58'),
 (290,307,'A-055-16GA',1,350,'2012-01-18 11:08:58'),
 (290,308,'A-063-23GA',2,350,'2012-01-18 11:08:58'),
 (291,82,'F-0625T',2,1500,'2012-02-06 13:43:38'),
 (291,81,'F-0606T',1,1550,'2012-02-06 13:43:38'),
 (291,85,'F-092T',2,1500,'2012-02-06 13:43:38'),
 (291,96,'F-070T',2,1450,'2012-02-06 13:43:38'),
 (291,119,'F-113T',2,1200,'2012-02-06 13:43:38'),
 (291,127,'F-122S',2,740,'2012-02-06 13:43:38'),
 (291,144,'S-050S',2,2300,'2012-02-06 13:43:38'),
 (291,146,'S-052S',2,2300,'2012-02-06 13:43:38'),
 (291,151,'S-080',2,740,'2012-02-06 13:43:38'),
 (291,156,'S-042S',1,2600,'2012-02-06 13:43:38'),
 (291,189,'H-020',2,850,'2012-02-06 13:43:38'),
 (291,192,'H-032',1,850,'2012-02-06 13:43:38'),
 (291,195,'H-035',1,850,'2012-02-06 13:43:38'),
 (291,203,'I-010',2,800,'2012-02-06 13:43:38'),
 (291,211,'I-031',2,1000,'2012-02-06 13:43:38'),
 (291,213,'I-050',1,990,'2012-02-06 13:43:38'),
 (291,220,'N-013T',2,1750,'2012-02-06 13:43:38'),
 (291,300,'R-0701',10,600,'2012-02-06 13:43:38'),
 (291,342,'?-402',4,2400,'2012-02-06 13:43:38'),
 (292,199,'HT-429',3,850,'2012-02-07 11:36:20'),
 (292,192,'H-032',3,850,'2012-02-07 11:36:20'),
 (292,273,'B-010S',3,1900,'2012-02-07 11:36:20'),
 (292,48,'F-0300T',5,1700,'2012-02-07 11:36:20'),
 (292,90,'F-175T',5,1400,'2012-02-07 11:36:20'),
 (292,211,'I-031',5,1000,'2012-02-07 11:36:20'),
 (292,186,'P-081',5,1450,'2012-02-07 11:36:20'),
 (292,188,'P-0821',5,1450,'2012-02-07 11:36:20'),
 (292,269,'L-010S',5,1600,'2012-02-07 11:36:20'),
 (293,181,'?-1433',1,1100,'2012-02-07 12:03:16'),
 (293,243,'SK-092',1,3700,'2012-02-07 12:03:16'),
 (294,259,'L-0244S',5,400,'2012-02-07 22:31:33');
UNLOCK TABLES;
/*!40000 ALTER TABLE `OrderProduct` ENABLE KEYS */;


--
-- Definition of table `optica100`.`Preference`
--

DROP TABLE IF EXISTS `optica100`.`Preference`;
CREATE TABLE  `optica100`.`Preference` (
  `id` int(11) NOT NULL AUTO_INCREMENT,
  `title` varchar(255) NOT NULL,
  `name` varchar(255) NOT NULL,
  `value` varchar(255) NOT NULL,
  PRIMARY KEY (`id`)
) ENGINE=MyISAM AUTO_INCREMENT=4 DEFAULT CHARSET=utf8;

--
-- Dumping data for table `optica100`.`Preference`
--

/*!40000 ALTER TABLE `Preference` DISABLE KEYS */;
LOCK TABLES `Preference` WRITE;
INSERT INTO `optica100`.`Preference` VALUES  (1,'Префикс Биноклей','prefix_binokl','1'),
 (2,'Префикс Луп','prefix_lup','2'),
 (3,'Общая','prefix_all','0');
UNLOCK TABLES;
/*!40000 ALTER TABLE `Preference` ENABLE KEYS */;


--
-- Definition of table `optica100`.`Product`
--

DROP TABLE IF EXISTS `optica100`.`Product`;
CREATE TABLE  `optica100`.`Product` (
  `id` mediumint(9) NOT NULL AUTO_INCREMENT,
  `price` float DEFAULT NULL,
  `active` tinyint(1) NOT NULL,
  `top` tinyint(1) NOT NULL,
  `articul` varchar(30) NOT NULL,
  `url` varchar(500) DEFAULT NULL,
  `sort` mediumint(3) DEFAULT NULL,
  `date_added` timestamp NOT NULL DEFAULT CURRENT_TIMESTAMP ON UPDATE CURRENT_TIMESTAMP,
  `date_modified` timestamp NOT NULL DEFAULT '0000-00-00 00:00:00',
  `available` mediumint(9) NOT NULL,
  `date_delivery` timestamp NOT NULL DEFAULT '0000-00-00 00:00:00',
  `new` tinyint(1) NOT NULL,
  `id_man` mediumint(9) NOT NULL,
  PRIMARY KEY (`id`)
) ENGINE=MyISAM AUTO_INCREMENT=7 DEFAULT CHARSET=utf8;

--
-- Dumping data for table `optica100`.`Product`
--

/*!40000 ALTER TABLE `Product` DISABLE KEYS */;
LOCK TABLES `Product` WRITE;
INSERT INTO `optica100`.`Product` VALUES  (1,1500,1,0,'Art 1','',NULL,'2012-02-29 16:09:09','2012-03-26 16:29:29',1,'0000-00-00 00:00:00',0,0),
 (2,780,1,0,'Lp23','',NULL,'2012-03-01 14:33:36','2012-03-30 13:43:38',1,'0000-00-00 00:00:00',1,0),
 (3,500,1,0,'LB-1','',NULL,'2012-03-02 17:37:16','2012-03-30 12:49:13',1,'0000-00-00 00:00:00',0,0),
 (4,1450,1,0,'789456','',1,'2012-03-22 14:55:37','2012-03-22 16:16:13',130,'0000-00-00 00:00:00',0,0);
UNLOCK TABLES;
/*!40000 ALTER TABLE `Product` ENABLE KEYS */;


--
-- Definition of table `optica100`.`ProductCategory`
--

DROP TABLE IF EXISTS `optica100`.`ProductCategory`;
CREATE TABLE  `optica100`.`ProductCategory` (
  `id_prod` mediumint(9) NOT NULL,
  `id_cat` mediumint(9) NOT NULL,
  PRIMARY KEY (`id_prod`,`id_cat`)
) ENGINE=MyISAM DEFAULT CHARSET=utf8;

--
-- Dumping data for table `optica100`.`ProductCategory`
--

/*!40000 ALTER TABLE `ProductCategory` DISABLE KEYS */;
LOCK TABLES `ProductCategory` WRITE;
INSERT INTO `optica100`.`ProductCategory` VALUES  (3,4);
UNLOCK TABLES;
/*!40000 ALTER TABLE `ProductCategory` ENABLE KEYS */;


--
-- Definition of table `optica100`.`ProductFile`
--

DROP TABLE IF EXISTS `optica100`.`ProductFile`;
CREATE TABLE  `optica100`.`ProductFile` (
  `id_file` mediumint(9) NOT NULL,
  `id_prod` mediumint(9) NOT NULL,
  `id_lang` mediumint(9) NOT NULL,
  `title` varchar(255) COLLATE utf8_bin DEFAULT NULL,
  `name` varchar(500) COLLATE utf8_bin DEFAULT NULL,
  `active` tinyint(1) NOT NULL,
  `sort` mediumint(4) DEFAULT NULL,
  `session_id` varchar(255) COLLATE utf8_bin NOT NULL,
  `id` mediumint(9) NOT NULL AUTO_INCREMENT,
  `date_added` timestamp NOT NULL DEFAULT CURRENT_TIMESTAMP ON UPDATE CURRENT_TIMESTAMP,
  `date_modified` timestamp NOT NULL DEFAULT '0000-00-00 00:00:00',
  PRIMARY KEY (`id_file`,`id_prod`,`id_lang`,`id`) USING BTREE
) ENGINE=MyISAM DEFAULT CHARSET=utf8 COLLATE=utf8_bin;

--
-- Dumping data for table `optica100`.`ProductFile`
--

/*!40000 ALTER TABLE `ProductFile` DISABLE KEYS */;
LOCK TABLES `ProductFile` WRITE;
INSERT INTO `optica100`.`ProductFile` VALUES  (1,11,4,'',0x323232,1,NULL,0x653431646E716F6F6D65393136716A74756C7564706930346437,1,'2011-09-13 14:55:30','2011-09-13 14:55:30'),
 (2,12,4,0x313131,0x323233333333333333333333333333333231323132,1,NULL,0x653431646E716F6F6D65393136716A74756C7564706930346437,1,'2011-09-13 14:49:42','2011-09-13 14:49:42'),
 (3,12,4,0x323232,0x3131323132,1,NULL,0x653431646E716F6F6D65393136716A74756C7564706930346437,1,'2011-09-13 14:54:18','2011-09-13 14:54:18');
UNLOCK TABLES;
/*!40000 ALTER TABLE `ProductFile` ENABLE KEYS */;


--
-- Definition of table `optica100`.`ProductLang`
--

DROP TABLE IF EXISTS `optica100`.`ProductLang`;
CREATE TABLE  `optica100`.`ProductLang` (
  `id_prod` mediumint(4) NOT NULL,
  `id_lang` mediumint(4) NOT NULL,
  `name` varchar(255) CHARACTER SET utf8 NOT NULL,
  `title` varchar(70) CHARACTER SET utf8 NOT NULL,
  `meta_descr` varchar(215) CHARACTER SET utf8 NOT NULL,
  `meta_keywords` varchar(50) CHARACTER SET utf8 NOT NULL,
  `extra_text` text CHARACTER SET utf8 NOT NULL,
  PRIMARY KEY (`id_prod`,`id_lang`) USING BTREE
) ENGINE=MyISAM DEFAULT CHARSET=utf8 COLLATE=utf8_bin;

--
-- Dumping data for table `optica100`.`ProductLang`
--

/*!40000 ALTER TABLE `ProductLang` DISABLE KEYS */;
LOCK TABLES `ProductLang` WRITE;
INSERT INTO `optica100`.`ProductLang` VALUES  (1,4,'Лупа выгнутая','','','',''),
 (2,4,'Лупа 123','','','',''),
 (3,4,'лупа бинокулярна','','','',''),
 (4,4,'adventure 8x26 B active ','adventure 8x26 B active ','adventure 8x26 B active ','adventure 8x26 B active ','adventure 8x26 B active ');
UNLOCK TABLES;
/*!40000 ALTER TABLE `ProductLang` ENABLE KEYS */;


--
-- Definition of table `optica100`.`ProductRelation`
--

DROP TABLE IF EXISTS `optica100`.`ProductRelation`;
CREATE TABLE  `optica100`.`ProductRelation` (
  `id_prod` tinyint(4) NOT NULL,
  `id_prod_rel` tinyint(4) NOT NULL,
  `active` tinyint(1) NOT NULL DEFAULT '1',
  `date_added` timestamp NOT NULL DEFAULT CURRENT_TIMESTAMP,
  `date_modified` timestamp NOT NULL DEFAULT '0000-00-00 00:00:00',
  PRIMARY KEY (`id_prod`,`id_prod_rel`)
) ENGINE=MyISAM DEFAULT CHARSET=utf8;

--
-- Dumping data for table `optica100`.`ProductRelation`
--

/*!40000 ALTER TABLE `ProductRelation` DISABLE KEYS */;
LOCK TABLES `ProductRelation` WRITE;
INSERT INTO `optica100`.`ProductRelation` VALUES  (3,2,1,'2012-03-06 12:48:21','2012-03-06 12:48:21'),
 (2,3,1,'2012-03-12 17:29:24','2012-03-12 17:29:24'),
 (2,1,1,'2012-03-12 17:28:18','2012-03-12 17:28:18');
UNLOCK TABLES;
/*!40000 ALTER TABLE `ProductRelation` ENABLE KEYS */;


--
-- Definition of table `optica100`.`ProductVideo`
--

DROP TABLE IF EXISTS `optica100`.`ProductVideo`;
CREATE TABLE  `optica100`.`ProductVideo` (
  `id` mediumint(9) NOT NULL AUTO_INCREMENT,
  `id_video` mediumint(9) NOT NULL,
  `id_lang` mediumint(9) NOT NULL,
  `text_before` text COLLATE utf8_bin,
  `text_after` text COLLATE utf8_bin,
  `name` varchar(255) COLLATE utf8_bin NOT NULL,
  `active` tinyint(1) NOT NULL,
  `sort` mediumint(4) DEFAULT NULL,
  `id_prod` mediumint(9) NOT NULL,
  `date_added` timestamp NOT NULL DEFAULT CURRENT_TIMESTAMP ON UPDATE CURRENT_TIMESTAMP,
  `date_modified` timestamp NOT NULL DEFAULT '0000-00-00 00:00:00',
  `session_id` varchar(255) COLLATE utf8_bin NOT NULL,
  PRIMARY KEY (`id`) USING BTREE
) ENGINE=MyISAM AUTO_INCREMENT=2 DEFAULT CHARSET=utf8 COLLATE=utf8_bin;

--
-- Dumping data for table `optica100`.`ProductVideo`
--

/*!40000 ALTER TABLE `ProductVideo` DISABLE KEYS */;
LOCK TABLES `ProductVideo` WRITE;
UNLOCK TABLES;
/*!40000 ALTER TABLE `ProductVideo` ENABLE KEYS */;


--
-- Definition of table `optica100`.`Region`
--

DROP TABLE IF EXISTS `optica100`.`Region`;
CREATE TABLE  `optica100`.`Region` (
  `id` int(3) NOT NULL DEFAULT '0',
  `name` varchar(255) DEFAULT NULL,
  `id_country` int(11) NOT NULL,
  PRIMARY KEY (`id`)
) ENGINE=MyISAM DEFAULT CHARSET=utf8;

--
-- Dumping data for table `optica100`.`Region`
--

/*!40000 ALTER TABLE `Region` DISABLE KEYS */;
LOCK TABLES `Region` WRITE;
INSERT INTO `optica100`.`Region` VALUES  (1,'Адыгея',0),
 (2,'Алтай Республика',0),
 (3,'Алтайский край',0),
 (4,'Амурская обл.',0),
 (5,'Архангельская обл.',0),
 (6,'Астраханская обл.',0),
 (7,'Башкортостан',0),
 (8,'Белгородская обл.',0),
 (9,'Брянская обл.',0),
 (10,'Бурятия',0),
 (11,'Владимирская обл.',0),
 (12,'Волгоградская обл.',0),
 (13,'Вологодская обл.',0),
 (14,'Воронежская обл.',0),
 (15,'Дагестан',0),
 (16,'Еврейская АО',0),
 (81,'Забайкальский край',0),
 (17,'Ивановская обл.',0),
 (18,'Ингушетия',0),
 (19,'Иркутская обл.',0),
 (20,'Кабардино-Балкария',0),
 (21,'Калининградская обл.',0),
 (22,'Калмыкия',0),
 (23,'Калужская обл.',0),
 (24,'Камчатская обл.',0),
 (25,'Карачаево-Черкесия',0),
 (26,'Карелия',0),
 (27,'Кемеровская обл.',0),
 (28,'Кировская обл.',0),
 (29,'Коми',0),
 (30,'Корякский АО',0),
 (31,'Костромская обл.',0),
 (32,'Краснодарский край',0),
 (33,'Красноярский край',0),
 (34,'Курганская обл.',0),
 (35,'Курская обл.',0),
 (36,'Ленинградская обл.',0),
 (37,'Липецкая обл.',0),
 (38,'Магаданская обл.',0),
 (39,'Марий-Эл',0),
 (103,'Молдавия',0),
 (40,'Мордовия',0),
 (41,'Москва',0),
 (42,'Московская обл.',0),
 (43,'Мурманская обл.',0),
 (44,'Ненецкий АО',0),
 (45,'Нижегородская обл.',0),
 (46,'Новгородская обл.',0),
 (47,'Новосибирская обл.',0),
 (48,'Омская обл.',0),
 (49,'Оренбургская обл.',0),
 (50,'Орловская обл.',0),
 (51,'Пензенская обл.',0),
 (52,'Пермский край',0),
 (53,'Приморский край',0),
 (54,'Псковская обл.',0),
 (55,'Ростовская обл.',0),
 (56,'Рязанская обл.',0),
 (58,'Самарская обл.',0),
 (57,'Санкт-Петербург',0),
 (59,'Саратовская обл.',0),
 (61,'Сахалинская обл.',0),
 (62,'Свердловская обл.',0),
 (63,'Северная Осетия',0),
 (64,'Смоленская обл.',0),
 (65,'Ставропольский край',0),
 (66,'Тамбовская обл.',0),
 (67,'Татарстан',0),
 (68,'Тверская обл.',0),
 (69,'Томская обл.',0),
 (70,'Тульская обл.',0),
 (71,'Тыва',0),
 (72,'Тюменская обл.',0),
 (73,'Удмуртия',0),
 (74,'Ульяновская обл.',0),
 (76,'Хабаровский край',0),
 (77,'Хакасия',0),
 (78,'Ханты-Мансийский АО',0),
 (79,'Челябинская обл.',0),
 (80,'Чечня',0),
 (82,'Чувашия',0),
 (83,'Чукотский АО',0),
 (60,'Якутия',0),
 (84,'Ямало-Ненецкий АО',0),
 (85,'Ярославская обл.',0),
 (100,'Украина',248),
 (101,'Белоруссия',252),
 (102,'Казахстан',115);
UNLOCK TABLES;
/*!40000 ALTER TABLE `Region` ENABLE KEYS */;


--
-- Definition of table `optica100`.`RussianPost`
--

DROP TABLE IF EXISTS `optica100`.`RussianPost`;
CREATE TABLE  `optica100`.`RussianPost` (
  `id` mediumint(9) NOT NULL AUTO_INCREMENT,
  `country` varchar(255) NOT NULL,
  `weight` mediumint(9) NOT NULL,
  `price` float NOT NULL DEFAULT '100',
  `cost` float NOT NULL,
  `method` varchar(255) NOT NULL,
  `method_id` mediumint(9) NOT NULL,
  `country_id` mediumint(9) NOT NULL,
  `index` varchar(255) NOT NULL,
  `order_id` mediumint(9) NOT NULL,
  `city` varchar(255) NOT NULL,
  `address` varchar(1024) NOT NULL,
  PRIMARY KEY (`id`)
) ENGINE=MyISAM AUTO_INCREMENT=22 DEFAULT CHARSET=utf8;

--
-- Dumping data for table `optica100`.`RussianPost`
--

/*!40000 ALTER TABLE `RussianPost` DISABLE KEYS */;
LOCK TABLES `RussianPost` WRITE;
INSERT INTO `optica100`.`RussianPost` VALUES  (1,'Россия',600,100,41.4,'Заказная бандероль',23,643,'199178',0,'dfdfdf','11dsdssd'),
 (2,'Россия',600,100,41.4,'Заказная бандероль',23,643,'199178',0,'dfdfdf','11dsdssd'),
 (3,'Россия',600,100,41.4,'Заказная бандероль',23,643,'199178',0,'dfdfdf','11dsdssd'),
 (4,'Россия',600,100,41.4,'Заказная бандероль',23,643,'199178',0,'dfdfdf','11dsdssd'),
 (5,'Россия',600,100,41.4,'Заказная бандероль',23,643,'199178',0,'dfdfdf','11dsdssd'),
 (6,'Россия',600,100,41.4,'Заказная бандероль',23,643,'199178',0,'dfdfdf','11dsdssd'),
 (7,'Россия',600,100,41.4,'Заказная бандероль',23,643,'199178',0,'dfdfdf','11dsdssd'),
 (8,'Россия',600,100,41.4,'Заказная бандероль',23,643,'199178',0,'dfdfdf','11dsdssd'),
 (9,'Россия',600,100,41.4,'Заказная бандероль',23,643,'199178',0,'dfdfdf','11dsdssd'),
 (10,'Россия',600,100,130,'EMS обыкновенный',44,643,'123458',0,'санкт','ыыыы'),
 (11,'Россия',600,100,130,'EMS обыкновенный',44,643,'123458',0,'санкт','ыыыы'),
 (12,'Россия',600,100,36.1,'Ценная бандероль',26,643,'123458',0,'ssssss','ss'),
 (13,'Россия',600,100,36.1,'Ценная бандероль',26,643,'123458',0,'ssssss','ss'),
 (14,'Россия',600,100,36.1,'Ценная бандероль',26,643,'123458',0,'ssssss','ss'),
 (15,'Россия',600,100,36.1,'Ценная бандероль',26,643,'123458',0,'ssssss','ss'),
 (16,'Россия',600,100,36.1,'Ценная бандероль',26,643,'123458',0,'ssssss','ss'),
 (17,'Россия',600,100,36.1,'Ценная бандероль',26,643,'123458',0,'ssssss','ss'),
 (18,'Россия',600,100,36.1,'Ценная бандероль',26,643,'123458',0,'ssssss','ss'),
 (19,'Россия',600,100,36.1,'Ценная бандероль',26,643,'123458',0,'ssssss','ss'),
 (20,'Россия',600,100,440,'EMS обыкновенный',44,643,'170100',0,'Тверь','ул. Володарского,д.48,кв.2'),
 (21,'Россия',600,100,290,'EMS обыкновенный',44,643,'198332',0,'Санкт-Петербург','проспект Маршала Жукова д.37 корп.3 кв 84');
UNLOCK TABLES;
/*!40000 ALTER TABLE `RussianPost` ENABLE KEYS */;


--
-- Definition of table `optica100`.`Search`
--

DROP TABLE IF EXISTS `optica100`.`Search`;
CREATE TABLE  `optica100`.`Search` (
  `id` int(11) NOT NULL AUTO_INCREMENT,
  `request` varchar(2048) NOT NULL,
  `lang` varchar(5) NOT NULL,
  `count` int(11) NOT NULL,
  `country` varchar(5) NOT NULL,
  PRIMARY KEY (`id`)
) ENGINE=MyISAM AUTO_INCREMENT=343 DEFAULT CHARSET=utf8;

--
-- Dumping data for table `optica100`.`Search`
--

/*!40000 ALTER TABLE `Search` DISABLE KEYS */;
LOCK TABLES `Search` WRITE;
INSERT INTO `optica100`.`Search` VALUES  (1,'пинцет','4',102,'0'),
 (2,'пинцет','4',102,'RU'),
 (3,'контейнер','4',0,'RU'),
 (4,'3581','4',0,'RU'),
 (5,'3581','4',0,'RU'),
 (6,'ваннаса','4',0,'RU'),
 (7,'ваннас','4',8,'RU'),
 (8,'3581','4',0,'RU'),
 (9,'004','4',1,'RU'),
 (10,'2029','4',1,'RU'),
 (11,'036','4',2,'RU'),
 (12,'копье','4',1,'RU'),
 (13,'инородных тел','4',1,'RU'),
 (14,'036','4',2,'RU'),
 (15,'наглазник','4',0,'RU'),
 (16,'connor wand','5',1,'US'),
 (17,'расслаиватель роговицы','4',0,'RU'),
 (18,'ножницы энуклеации','4',0,'RU'),
 (19,'1912','4',1,'RU'),
 (20,'091','4',5,'RU'),
 (21,'g-530','4',0,'RU'),
 (22,'GS-572','4',0,'RU'),
 (23,'S-530','4',0,'RU'),
 (24,'G 530','4',0,'RU'),
 (25,'yj;ybws','4',0,'RU'),
 (26,'ножницы','4',40,'RU'),
 (27,'ножницы','4',40,'RU'),
 (28,'капсулорексис','4',12,'UA'),
 (29,'щипцы','4',0,'RU'),
 (30,'ножницы по Майо','4',0,'RU'),
 (31,'GS-194','4',0,'RU'),
 (32,'ножницы','4',40,'RU'),
 (33,'ножницы','4',40,'RU'),
 (34,'ножницы','4',40,'RU'),
 (35,'зонд проктологический','4',0,'RU'),
 (36,'178','4',1,'RU'),
 (37,'091','4',5,'RU'),
 (38,'трах','4',0,'RU'),
 (39,'трубка','4',2,'RU'),
 (40,'канюли для трубки','4',0,'RU'),
 (41,'GE-1001 ','4',0,'RU'),
 (42,'GE-1001','4',0,'RU'),
 (43,'GE-100','4',0,'RU'),
 (44,'152','4',0,'RU'),
 (45,'москит','4',2,'RU'),
 (46,'копье','4',1,'RU'),
 (47,'магнит','4',0,'RU'),
 (48,'слез','4',17,'RU'),
 (49,'слезн','4',17,'RU'),
 (50,'скальпель','4',0,'RU'),
 (51,'ирис-пинцет','4',3,'RU'),
 (52,'ирис-пинцет','4',3,'RU'),
 (53,'GS-100','4',0,'RU'),
 (54,'Ножницы тупоконечные , детские , прямые, 130 мм','4',0,'RU'),
 (55,'Ножницы тупоконечные , детские , прямые, 130 мм','4',0,'RU'),
 (56,'v025','5',0,'GR'),
 (57,'PT-488TH','4',1,'RU'),
 (58,'M-062','5',1,'MX'),
 (59,'P-097','4',1,'RU'),
 (60,'векорасширитель по мердоку','4',1,'RU'),
 (61,'шпатель-петля','4',0,'RU'),
 (62,'D-030','5',1,'CN'),
 (63,'D-050','5',1,'CN'),
 (64,'H-020','5',1,'CN'),
 (65,'H-030','5',1,'CN'),
 (66,'I-032','5',1,'CN'),
 (67,'M-060','5',1,'CN'),
 (68,'M-004','5',0,'CN'),
 (69,'M-004','5',0,'CN'),
 (70,'-040','4',5,'RU'),
 (71,'-040','4',5,'RU'),
 (72,'-040','4',5,'RU'),
 (73,'-040/lang/en','4',0,'RU'),
 (74,'040','4',5,'RU'),
 (75,'040/lang/en','4',0,'RU'),
 (76,'040','4',5,'RU'),
 (77,'040','4',5,'RU'),
 (78,'040','4',5,'RU'),
 (79,'004','4',1,'RU'),
 (80,'SK-050.2','4',0,'RU'),
 (81,'SK-05','4',0,'RU'),
 (82,'SK','4',9,'RU'),
 (83,'C-17','4',0,'RU'),
 (84,'C-176','4',0,'RU'),
 (85,'C-1','4',0,'RU'),
 (86,'C-0304T','4',1,'RU'),
 (87,'SK-07','4',1,'RU'),
 (88,'SK-07','4',1,'RU'),
 (89,'SK-07','4',1,'RU'),
 (90,'D-01','4',6,'RU'),
 (91,'M-402','4',0,'RU'),
 (92,'M-40','4',0,'RU'),
 (93,'P-09','4',3,'RU'),
 (94,'176','4',1,'RU'),
 (95,'181','4',1,'RU'),
 (96,'191','4',3,'RU'),
 (97,'112','4',1,'RU'),
 (98,'1435','4',1,'RU'),
 (99,'004','4',1,'RU'),
 (100,'401','4',2,'RU'),
 (101,'415','4',0,'RU'),
 (102,'410','4',1,'RU'),
 (103,'706','4',0,'RU'),
 (104,'202','4',4,'RU'),
 (105,'411','4',4,'RU'),
 (106,'411-','4',1,'RU'),
 (107,'325','4',2,'RU'),
 (108,'410','4',1,'RU'),
 (109,'414','4',0,'RU'),
 (110,'415','4',0,'RU'),
 (111,'410','4',1,'RU'),
 (112,'325','4',2,'RU'),
 (113,'1435','4',1,'RU'),
 (114,'1436','4',1,'RU'),
 (115,'1433','4',1,'RU'),
 (116,'1434','4',1,'RU'),
 (117,'202','4',4,'RU'),
 (118,'050','4',11,'RU'),
 (119,'d-030','5',1,'CN'),
 (120,'052','4',5,'RU'),
 (121,'053','4',3,'RU'),
 (122,'053','4',3,'RU'),
 (123,'053','4',4,'RU'),
 (124,'SK-054.1','4',1,'RU'),
 (125,'SK050.3','4',1,'RU'),
 (126,'SK-070.45','4',1,'RU'),
 (127,'SK-0741.5','4',0,'RU'),
 (128,'SK071.5','4',0,'RU'),
 (129,'SK-071.5','4',1,'RU'),
 (130,'SK-070','4',6,'RU'),
 (131,'grayson','5',0,'US'),
 (132,'SK-071.2','4',0,'RU'),
 (133,'SK071.2','4',0,'RU'),
 (134,'SK070','4',0,'RU'),
 (135,'SK-070','4',6,'RU'),
 (136,'SK-071.2','4',1,'RU'),
 (137,'SK-071.8','4',1,'RU'),
 (138,'SK-071','4',3,'RU'),
 (139,'SK-173','4',0,'RU'),
 (140,'SK-173','4',1,'RU'),
 (141,'SK-092','4',1,'RU'),
 (142,'SK-092.2','4',1,'RU'),
 (143,'SK-071.2','4',1,'RU'),
 (144,'092','4',6,'RU'),
 (145,'SK-711','4',0,'RU'),
 (146,'SK-710','4',0,'RU'),
 (147,'SK-709','4',0,'RU'),
 (148,'SK-709','4',1,'RU'),
 (149,'SK-707','4',1,'RU'),
 (150,'SK-701','4',2,'RU'),
 (151,'SK-701','4',2,'RU'),
 (152,'SK704','4',0,'RU'),
 (153,'SK-704','4',1,'RU'),
 (154,'SK-705','4',1,'RU'),
 (155,'SK-706','4',1,'RU'),
 (156,'SK-702','4',0,'RU'),
 (157,'SK-703','4',1,'RU'),
 (158,'SK-701','4',1,'RU'),
 (159,'SK-703','4',1,'RU'),
 (160,'SK-301','4',1,'RU'),
 (161,'SK-302','4',1,'RU'),
 (162,'SK-303','4',0,'RU'),
 (163,'SK-304','4',0,'RU'),
 (164,'SK-305','4',0,'RU'),
 (165,'SK-306','4',0,'RU'),
 (166,'SK-306','4',1,'RU'),
 (167,'SK-307','4',0,'RU'),
 (168,'SK-307','4',1,'RU'),
 (169,'sk-706','4',1,'RU'),
 (170,'1435','4',1,'RU'),
 (171,'1436','4',1,'RU'),
 (172,'1433','4',1,'RU'),
 (173,'1434','4',1,'RU'),
 (174,'2805','4',0,'RU'),
 (175,'2806','4',0,'RU'),
 (176,'2807','4',0,'RU'),
 (177,'2808','4',0,'RU'),
 (178,'2853','4',0,'RU'),
 (179,'202','4',4,'RU'),
 (180,'411','4',4,'RU'),
 (181,'410','4',1,'RU'),
 (182,'414','4',0,'RU'),
 (183,'415','4',0,'RU'),
 (184,'325','4',2,'RU'),
 (185,'контейнер','4',0,'RU'),
 (186,'контейнер','4',0,'RU'),
 (187,'m-064','4',1,'RU'),
 (188,'2805','4',0,'RU'),
 (189,'2806','4',0,'RU'),
 (190,'1435','4',1,'RU'),
 (191,'1434','4',1,'RU'),
 (192,'202-','4',1,'RU'),
 (193,'325','4',2,'RU'),
 (194,'410','4',1,'RU'),
 (195,'414','4',0,'RU'),
 (196,'415','4',0,'RU'),
 (197,'V-410','4',1,'RU'),
 (198,'V-410','4',1,'RU'),
 (199,'414','4',0,'RU'),
 (200,'325','4',2,'RU'),
 (201,'411','4',4,'RU'),
 (202,'411','4',5,'RU'),
 (203,'411','4',5,'RU'),
 (204,'325','4',2,'RU'),
 (205,'410','4',1,'RU'),
 (206,'410','4',1,'RU'),
 (207,'410','4',2,'RU'),
 (208,'1435','4',1,'RU'),
 (209,'1436','4',1,'RU'),
 (210,'1433','4',1,'RU'),
 (211,'1434','4',1,'RU'),
 (212,'2805','4',0,'RU'),
 (213,'прямой шпатель, ширина 0,50мм','4',0,'RU'),
 (214,'R-0701','4',1,'RU'),
 (215,'2805','4',0,'RU'),
 (216,'Москито','4',0,'RU'),
 (217,'M-2805','4',0,'RU'),
 (218,'М-28','4',0,'RU'),
 (219,'28','4',0,'RU'),
 (220,'2805','4',0,'RU'),
 (221,'М-2805','4',0,'RU'),
 (222,'2805','4',0,'RU'),
 (223,'2805','4',0,'RU'),
 (224,'25','4',12,'RU'),
 (225,'25','4',12,'RU'),
 (226,'25','4',12,'RU'),
 (227,'25','4',12,'RU'),
 (228,'N-013T','4',1,'RU'),
 (229,'P-081','4',1,'RU'),
 (230,'P-082','4',2,'RU'),
 (231,'H-020','4',1,'RU'),
 (232,'H-035','4',1,'RU'),
 (233,'пинцет','4',100,'RU'),
 (234,'пинцет','4',100,'RU'),
 (235,'пинцет','4',100,'RU'),
 (236,'пинцет','4',100,'RU'),
 (237,'пинцет','4',100,'RU'),
 (238,'пинцет','4',100,'RU'),
 (239,'F-0606T ','4',0,'RU'),
 (240,'F-0606T ','4',0,'RU'),
 (241,'F-0625T ','4',0,'RU'),
 (242,'F-0625 T ','4',0,'RU'),
 (243,'F-0625','4',1,'RU'),
 (244,'F-0606','4',1,'RU'),
 (245,'F-092','4',1,'RU'),
 (246,'F-070','4',1,'RU'),
 (247,'F-113','4',1,'RU'),
 (248,'F-122','4',1,'RU'),
 (249,'S-050','4',2,'RU'),
 (250,'S-052','4',1,'RU'),
 (251,'S-080','4',2,'RU'),
 (252,'S-042','4',1,'RU'),
 (253,'H-020 ','4',0,'RU'),
 (254,'H-020','4',1,'RU'),
 (255,'H-032','4',1,'RU'),
 (256,'H-035','4',1,'RU'),
 (257,'I-010','4',1,'RU'),
 (258,'I-031','4',1,'RU'),
 (259,'I-050','4',1,'RU'),
 (260,'N-013T','4',1,'RU'),
 (261,'R-0701','4',1,'RU'),
 (262,'М-402','4',1,'RU'),
 (263,'-402','4',2,'RU'),
 (264,'M-402','4',0,'RU'),
 (265,'Ь-402','4',0,'RU'),
 (266,'М-402','4',1,'RU'),
 (267,'М620 F20','4',0,'RU'),
 (268,'М-003','4',1,'RU'),
 (269,'М-402','4',1,'RU'),
 (270,'М820','4',0,'RU'),
 (271,'М-402','4',1,'RU'),
 (272,'т','4',303,'RU'),
 (273,'циркуль','4',1,'RU'),
 (274,'A-307T','5',1,'US'),
 (275,'коху','4',1,'RU'),
 (276,'2805','4',0,'RU'),
 (277,'термокаутер','4',0,'RU'),
 (278,'?-402','4',0,'RU'),
 (279,'F-060','4',6,'RU'),
 (280,'F-092T','4',1,'RU'),
 (281,'I-010','4',1,'RU'),
 (282,'прайс','4',0,'RU'),
 (283,'прайс','4',0,'RU'),
 (284,'термокаутер','4',0,'RU'),
 (285,'м-011','4',0,'RU'),
 (286,'m-011','4',1,'RU'),
 (287,'m-011','4',1,'RU'),
 (288,'2805','4',1,'RU'),
 (289,'2808','4',1,'RU'),
 (290,'2853','5',1,'RU'),
 (291,'2853','5',1,'RU'),
 (292,'2853','4',1,'RU'),
 (293,'2808','4',1,'RU'),
 (294,'2807','4',1,'RU'),
 (295,'2806','4',1,'RU'),
 (296,'2805','4',1,'RU'),
 (297,'М-402','4',0,'RU'),
 (298,'с','4',240,'RU'),
 (299,'с','4',240,'RU'),
 (300,'L-0244S','4',1,'RU'),
 (301,'1.','4',4,'RU'),
 (302,'1.','4',4,'RU'),
 (303,'f-0741s','4',0,'RU'),
 (304,'F-0741S','4',0,'RU'),
 (305,'GF-741S','4',0,'RU'),
 (306,'F-0741S','4',0,'RU'),
 (307,'воробьев','4',0,'RU'),
 (308,'V-615','5',0,'MX'),
 (309,'615','5',0,'MX'),
 (310,'025','5',3,'MX'),
 (311,'616','5',0,'MX'),
 (312,'615','5',0,'MX'),
 (313,'025','5',3,'MX'),
 (314,'025','5',3,'MX'),
 (315,'025','5',3,'MX'),
 (316,'615','5',0,'MX'),
 (317,'V-615','5',0,'MX'),
 (318,'615','5',0,'MX'),
 (319,'V-615','5',0,'MX'),
 (320,'615','5',0,'MX'),
 (321,'V-025','5',0,'MX'),
 (322,'V-616','5',0,'MX'),
 (323,'M-062','5',1,'MX'),
 (324,'1.','4',4,'RU'),
 (325,'-2141','4',1,'RU'),
 (326,'ПРАЙС-ЛИСТ','5',0,'KZ'),
 (327,'GS 532','4',0,'RU'),
 (328,'S 081','4',0,'RU'),
 (329,'L-032','4',1,'RU'),
 (330,'l-0244','4',1,'RU'),
 (331,'l-032','4',1,'RU'),
 (332,'ФУНДУС','4',0,'RU'),
 (333,'склеральный депрессор','4',0,'RU'),
 (334,'депрессор','4',0,'RU'),
 (335,'воронки ушные','4',0,'RU'),
 (336,'v-600T','4',1,'RU'),
 (337,'I-090','4',1,'RU'),
 (338,'I-020','4',1,'RU'),
 (339,'OV066','4',0,'RU'),
 (340,'OV-155','4',0,'RU'),
 (341,'pigtail','5',1,'TR'),
 (342,'pigtail','5',1,'TR');
UNLOCK TABLES;
/*!40000 ALTER TABLE `Search` ENABLE KEYS */;


--
-- Definition of table `optica100`.`Sessions`
--

DROP TABLE IF EXISTS `optica100`.`Sessions`;
CREATE TABLE  `optica100`.`Sessions` (
  `id` varchar(255) NOT NULL,
  `timestamp` varchar(255) DEFAULT NULL,
  `data` text,
  `name` varchar(255) DEFAULT NULL,
  PRIMARY KEY (`id`)
) ENGINE=InnoDB DEFAULT CHARSET=cp1251;

--
-- Dumping data for table `optica100`.`Sessions`
--

/*!40000 ALTER TABLE `Sessions` DISABLE KEYS */;
LOCK TABLES `Sessions` WRITE;
INSERT INTO `optica100`.`Sessions` VALUES  ('00di4e3248g3ogs3ndbre6l6i6','1314583152','','PHPSESSID'),
 ('02c0j1nminljc203p9d6fc8697','1314555863','','PHPSESSID'),
 ('03qfd2d617r1snn4b9otjv15v5','1314568870','','PHPSESSID'),
 ('077t9cto40sssu53na7495ugu4','1314594140','','PHPSESSID'),
 ('07ajboctct4offc3mmfuumnmg4','1314566316','','PHPSESSID'),
 ('08bgoqrr2ufgho8rk206ompeu3','1314596103','','PHPSESSID'),
 ('08kejgif9n75r6vugnd9dt9660','1314579265','','PHPSESSID'),
 ('09m3damkmrc9dt4k09f56suj77','1314558832','','PHPSESSID'),
 ('0a3qjhbn9n4jed5v3os00nndn2','1314551732','','PHPSESSID'),
 ('0d50pgn67a7hd339rnsc4amug7','1314591857','','PHPSESSID'),
 ('0delq6e39gts08erqtdvq87bl6','1314560721','','PHPSESSID'),
 ('0g7a72vsjmcgi481thp15elap2','1314554018','','PHPSESSID'),
 ('0h7jo1jkkau41uvr3q1q96aue4','1314581300','','PHPSESSID'),
 ('0hhoog531dmfb1d96gtljv0ci4','1314778733','','PHPSESSID'),
 ('0ja53rsdv5khoctok7uqjhpro4','1314560180','','PHPSESSID'),
 ('0mft0tpguch3t8femhu0cu4oa5','1314589144','','PHPSESSID'),
 ('0nl5g61lkkb65ql1gchbe36tf7','1314593980','','PHPSESSID'),
 ('0oqh7blq0c7g7cn43jr1tpebu3','1314560736','','PHPSESSID'),
 ('0qtarvn3o48n7m18igmdgr5a32','1314590225','','PHPSESSID'),
 ('0r231druqgfj8ddfhk6fbltf20','1314578492','','PHPSESSID'),
 ('0s4095ubvmr8f7i5g1r4ks6qg1','1314545874','','PHPSESSID'),
 ('0uqj142m39sivdsumdjgl5qk65','1314551914','','PHPSESSID'),
 ('12el6mg8hk3n3fr4rjhvaj6392','1314547964','','PHPSESSID'),
 ('12fbo02vni0h0kr149ik577tg3','1314589667','','PHPSESSID'),
 ('16q6dvufkkpulqfqlgsngrenq5','1314556825','','PHPSESSID'),
 ('185oc5qpbf6ob305lnkc74pv60','1314576316','','PHPSESSID'),
 ('1ahhre10g3cv4v9eb697k4ig31','1314549523','','PHPSESSID'),
 ('1dedda0uoqkfo7v35i1mqhdq51','1314598105','','PHPSESSID'),
 ('1j1bp3svatbb8hgl301uauq042','1314564510','','PHPSESSID'),
 ('1k0strprvj2dgup268lhf0js50','1314560132','','PHPSESSID'),
 ('1m47udlu20r3hje2ltk0lomos7','1314553148','','PHPSESSID'),
 ('1n5i452j7a6u2kb10mdj9q9gl3','1314582001','','PHPSESSID'),
 ('1nv0jkleeirc5es94uaplgi4h0','1314579578','','PHPSESSID'),
 ('1pdn5h9nt13g8ib7jbs7nqbcp4','1314546618','','PHPSESSID'),
 ('1qmpl5shki75ma14pqpc40gam6','1314592832','','PHPSESSID'),
 ('1voa21b99762u8n0d088g88kl0','1314574594','','PHPSESSID'),
 ('21dd8868omhd256hd0vpk81qk7','1314545825','','PHPSESSID'),
 ('21oetinvag2kqg4vokgouanpa0','1314555579','','PHPSESSID'),
 ('2286s544b1a6jdueqousll92s0','1314574489','','PHPSESSID'),
 ('23rn0nqomdnv755tms5a4h6g22','1314546197','','PHPSESSID'),
 ('26e8ok9sf7729b4qokga72vac0','1314578748','','PHPSESSID'),
 ('277op0vum4brd873asaitn9t85','1314559270','','PHPSESSID'),
 ('296mi6u7r8m896fnl274159k25','1314545863','','PHPSESSID'),
 ('2ap2sqtmgh8dkmsv3f21ko76n7','1314580469','','PHPSESSID'),
 ('2d9n513mimcbdpst0qlg43kjq4','1314600298','','PHPSESSID'),
 ('2g6mg89972cks442baj3ptp897','1314565525','','PHPSESSID'),
 ('2hjnl5reofoljo7ohr1vcnn0t6','1314592573','','PHPSESSID'),
 ('2hlukpnp0jo7csii4l4e2q8ib6','1314561553','','PHPSESSID'),
 ('2hri9ft2caukc3teeentfk2gd5','1314574565','','PHPSESSID'),
 ('2humm0tntfjkas3v54huac7v35','1314588811','','PHPSESSID'),
 ('2itk5phabbn1a6ch6tfg9dqus5','1314555187','','PHPSESSID'),
 ('2jl2ifmmg6kifeuvbodob8p4j7','1314589632','','PHPSESSID'),
 ('2kev678sqkeq5qrvuhul49tiu3','1314598806','','PHPSESSID'),
 ('2ksfunmi538c9fm59vsiusnc90','1314560978','','PHPSESSID'),
 ('2mm2ak7fcq5uait93b126unce4','1314589813','','PHPSESSID'),
 ('2u2jf9sc694b1qgajni9pgibf5','1315384894','','PHPSESSID'),
 ('2u7htt9kpq8aa5pf598q3rhpn7','1314579542','','PHPSESSID'),
 ('2vbh4ckhpbk57sp4m2eqs56ot5','1314545837','','PHPSESSID'),
 ('31as8gooi68ab7dma9hthendq4','1316158914','','PHPSESSID'),
 ('3509f5m9rf6aviaif5rf9h82f5','1314597563','','PHPSESSID'),
 ('3a4087mjla4nflacp012ffloj2','1314558618','','PHPSESSID'),
 ('3ak7dqf39ppco70rm5k7ddr6m0','1314596074','','PHPSESSID'),
 ('3d9c2dpbhj85dchtkf9jpq5rd4','1314556472','','PHPSESSID'),
 ('3dsumvna3m91um066klpnoabr6','1314553264','','PHPSESSID'),
 ('3i4f2vnu8nk9j9p1ddnidmr0p0','1314557205','','PHPSESSID'),
 ('3nk4ebboqa8nhh4dd7a5kqc966','1314574516','','PHPSESSID'),
 ('3nlmfjh43jj0ll7b2a6pac49f5','1314581619','','PHPSESSID'),
 ('3ovdatbnb1mcj7insrmts65el2','1314575988','','PHPSESSID'),
 ('3sd09hf4djmnrl9u3mhoapkd46','1314589468','','PHPSESSID'),
 ('3t7sta8aos83t856j2e6r3dkp2','1314556746','','PHPSESSID'),
 ('3tf4sr1r6fjvlbh68fcb4i6dt7','1314590760','','PHPSESSID'),
 ('3uuqbh2khdbnqv6ac3n10umib1','1314593271','','PHPSESSID'),
 ('40jeg2bkirotfsc403fbgaon37','1314591593','','PHPSESSID'),
 ('44nhshtlaaa0p1ki4fq5vabnt5','1314586982','','PHPSESSID'),
 ('46hqa64fe1e6oo6kl70kmdk8d2','1314587701','','PHPSESSID'),
 ('4ajilti4q909pgoe3oq4sqh853','1314570606','','PHPSESSID'),
 ('4bs3r5hh1mg24evbo0kuph24r2','1314551998','','PHPSESSID'),
 ('4eo40a04aeursq86gac5potv27','1314560786','','PHPSESSID'),
 ('4fhk6sbeflfobl760ife09ofd5','1314590725','','PHPSESSID'),
 ('4grk9mhi0dhjh890kekhlno1r2','1314596826','','PHPSESSID'),
 ('4gs627hsce4615mmij5942rt15','1314555288','','PHPSESSID'),
 ('4gvqnihldk5132matuk46u6fk0','1314561831','','PHPSESSID'),
 ('4hfqt2nib6k2gr153frtin8kg2','1314589451','','PHPSESSID'),
 ('4hit9jmnomqol92ghm5ur227o3','1314574588','','PHPSESSID'),
 ('4ih8b68h0pec3kjfj5dr80am07','1314564833','','PHPSESSID'),
 ('4jajobhk83fm48cm97hn3bs1j4','1314579763','','PHPSESSID'),
 ('4l2b7rt9vi323d86f19ud3tfg4','1314596082','','PHPSESSID'),
 ('4m1g3ufgkc80hro0duvgdsiu17','1314546764','','PHPSESSID'),
 ('4mold32v5krp45bifo33dkvu75','1315317005','','PHPSESSID'),
 ('4qfkpedf5k0o7r6ltnshis36i1','1314574596','','PHPSESSID'),
 ('4qscvufet74qgqbj250dvh3av4','1314547003','','PHPSESSID'),
 ('4rq5ko8hi15ahm1jui9s93dc56','1314584242','','PHPSESSID'),
 ('4se76stof8b3pc7ecn08vsih60','1314554589','','PHPSESSID'),
 ('4t85t6lm42g5jnu05vos7s2i07','1314577923','','PHPSESSID'),
 ('4tfmv648vkfjiho4csa5vfknb3','1315479605','','PHPSESSID'),
 ('4u9uee9geahi9q5n9tu5eemsq2','1314586281','','PHPSESSID'),
 ('53edsej7tikan6ntk5g6l6sn87','1314582333','','PHPSESSID'),
 ('5441abvgtt3so4bj0gfgkuv5e6','1314562565','','PHPSESSID'),
 ('55h2f2enmv9jo3vobs5m74vi13','1314586255','','PHPSESSID'),
 ('5712ibkptiqjm2k85hd7qlo9l3','1314566583','','PHPSESSID'),
 ('57c0cgpgf2eeesu5de9l09ftq3','1314563926','','PHPSESSID'),
 ('57ig3rek3qct7lpeubi6co4tm1','1314560931','','PHPSESSID'),
 ('5cedotg5nckkpkfpd8grcfpe02','1314545879','','PHPSESSID'),
 ('5enng8fh4q8r70fhji9mg113f2','1314561032','','PHPSESSID'),
 ('5ffm4nlaur9eleepsjujvc1790','1314560995','','PHPSESSID'),
 ('5g0htkgetnm77knn1k33rac7a5','1314565284','','PHPSESSID'),
 ('5iq3mithriji4pekf2pm9lhlh2','1314574817','','PHPSESSID'),
 ('5rdfv5liu3jmtkblfuq389mi40','1314580968','','PHPSESSID'),
 ('5t4552va3k4uq7817pv9igsf25','1314574580','','PHPSESSID'),
 ('6120grcd5ff816i4gh0qmcdqr5','1314585203','','PHPSESSID'),
 ('619ucdudmq94d9anha96igk5j7','1314557716','','PHPSESSID'),
 ('62rtcs1aqdunl4vetvfpo3lp44','1314595203','','PHPSESSID'),
 ('63q4pmlv2bl7frqp968hrt5i76','1314583573','','PHPSESSID'),
 ('6454b4qdq64oad72ubkcojeoc7','1314574556','','PHPSESSID'),
 ('65ebifgjkpqp0ab66l40s92eg4','1314597801','','PHPSESSID'),
 ('6713bg7oag9916tgkuq61b41b4','1314546434','','PHPSESSID'),
 ('69sdgkeklpbtnreee8r0p1h3b4','1314560570','','PHPSESSID'),
 ('6bivk7749qnmg1tvfssund3l65','1314563587','','PHPSESSID'),
 ('6c2do7j78jcvp0v0b8hml37lb5','1314572068','','PHPSESSID'),
 ('6cvkc4hjnp1mulvtm0fmsojnu1','1314570908','','PHPSESSID'),
 ('6dd9t1fr7tp0gkqcbr3bjp5th7','1314588860','','PHPSESSID'),
 ('6fqfkhj8v4q4papf5guv04mli2','1316688310','','PHPSESSID'),
 ('6huovph03qo07ccptjkqgk1kh7','1314564176','','PHPSESSID'),
 ('6po8a5o4pa8k5mg9s09i2lknp0','1314592239','','PHPSESSID'),
 ('6sfrcfbi680t3jgbkcfscusup1','1314574609','','PHPSESSID'),
 ('6vvf0gn3dhmkuamlp5vvdetbe4','1314588838','','PHPSESSID'),
 ('70m5h881llp4sg4p5go6crrnd4','1314588830','','PHPSESSID'),
 ('71g4gteeevreusk8vcd8ue7pl1','1314554356','','PHPSESSID'),
 ('72pdtil80e2d1ddjj0oth0kdl5','1314575346','','PHPSESSID'),
 ('73d79fnak5pf2eiaoq9ce928m5','1314600213','','PHPSESSID'),
 ('73pgh6ga0h2vs1j1o2vdjb60n7','1314559719','','PHPSESSID'),
 ('76b1uojkheop58cptt667v0qj7','1314586349','','PHPSESSID'),
 ('77ds9bk51rjpnlar6j59aih656','1314588730','','PHPSESSID'),
 ('7fqp46ov95rmp8a1u30jh4v1c4','1314556123','','PHPSESSID'),
 ('7gkqavd6hc251lhii6lc8q2nq6','1314578035','','PHPSESSID'),
 ('7gut9cbttc3ko56q29i7gv5030','1315891832','','PHPSESSID'),
 ('7h5k0u9kbi895jsofbkigfea93','1314559099','','PHPSESSID'),
 ('7i8er9i870b7jh5rtvrfsgpph7','1314600325','','PHPSESSID'),
 ('7ik3s6r6biur4vecv77hsf3822','1314582636','','PHPSESSID'),
 ('7is4nf533fld7j2mjlc37tal05','1314598090','','PHPSESSID'),
 ('7l9p9vrsob7admmuuc0hcudhl2','1314550379','c43d8179b2f2e8e27da99bfef637fe9ecartowner|i:413775;Yii.CCaptchaAction.a91ed37b.site.captcha|s:7:\"kehbxub\";Yii.CCaptchaAction.a91ed37b.site.captchacount|i:1;','PHPSESSID'),
 ('7lnut8tb9fap5gqvclush49as3','1314588824','','PHPSESSID'),
 ('7p2q0806d7e8fs7571btenimk6','1314546605','','PHPSESSID'),
 ('7phhi39or3mot5724mg9d13c73','1314575130','','PHPSESSID'),
 ('7qvbvhj5ooo3tledimdrjui4n7','1314546270','','PHPSESSID'),
 ('7u6h9tv7dgjkaf19lfj9ts0no7','1314590924','','PHPSESSID'),
 ('7vd0k8n0q8ut3t4n3p1anst745','1314557740','','PHPSESSID'),
 ('80rt30iiok82oe96cj1sdl1663','1314589875','','PHPSESSID'),
 ('8260rq5l5e6rd3msfhs1160421','1314596690','','PHPSESSID'),
 ('82h4p0tngpvdhihn6duqrdnip6','1314589380','','PHPSESSID'),
 ('831bfldp3374gqh3ip50f33hi0','1314559710','','PHPSESSID'),
 ('84suatvjm1gb27t4836flt5qe5','1314546327','','PHPSESSID'),
 ('89l3v1qkhdo3nno25b1bv92af2','1314565439','','PHPSESSID'),
 ('89q9a2s74cea861g0n0pqf4451','1314548795','','PHPSESSID'),
 ('8fqcapga6dhmhdbjnr3ffaguv4','1314546540','','PHPSESSID'),
 ('8liucsdutg1sfnt8bj125kgf21','1314577357','','PHPSESSID'),
 ('8mci9iu3ufanv3glgbkr4m6n86','1314582496','','PHPSESSID'),
 ('8mrqin0ou8hb1kaake8269u865','1314560174','','PHPSESSID'),
 ('8rps747aoqpae394fli9m3ev65','1314545831','','PHPSESSID'),
 ('8uakc20cv3540sm6bdl2f8ice2','1314565157','','PHPSESSID'),
 ('8us8bn42fm2oadabqksf7g45k6','1314705447','','PHPSESSID'),
 ('91nepvdlab58oprntmfga49g45','1314589271','','PHPSESSID'),
 ('93b9v73nff588cbhfe1o89t270','1314573867','','PHPSESSID'),
 ('95m5bht5epbv4n98jjp8rfa3m5','1314578000','','PHPSESSID'),
 ('97l384o9tfm55p8g3m4hvh5t23','1314557521','','PHPSESSID'),
 ('98hmfhj7op9vhljfvhjaedt0n0','1314595919','','PHPSESSID'),
 ('9afilk021smekrdgj7gjs7dpc1','1314575122','','PHPSESSID'),
 ('9d88rv39ttgbkuq35gvltei9o1','1314590535','','PHPSESSID'),
 ('9dpcqgu1pggmj9477ie3f635p7','1314600149','','PHPSESSID'),
 ('9e19mekdehsiia7ionp7gm6o92','1314583778','','PHPSESSID'),
 ('9e9pf2mbuo14r7aj6l6v0uih56','1314580130','','PHPSESSID'),
 ('9fhdhbr3s3f7qh9f7qlr2ubgj3','1314574572','','PHPSESSID'),
 ('9gnnn2ra77tvc9uv46tm3mmvu1','1314556670','','PHPSESSID'),
 ('9l476fmg7323bf2l0tgaa7p555','1314599298','','PHPSESSID'),
 ('9m8bonn3ehgf334bdkh753v444','1314574894','','PHPSESSID'),
 ('9mohqroas0thjroliadsduuof3','1314561887','','PHPSESSID'),
 ('9os6ge63s0upjnfg112r821d17','1314600059','','PHPSESSID'),
 ('9p1ighic1bji3b0qkt2t68dh85','1314556953','','PHPSESSID'),
 ('9q3kveh145905lgh3uepngptl4','1314574573','','PHPSESSID'),
 ('9sur3v3p96b6kq4u7ap9bf6s17','1314576057','','PHPSESSID'),
 ('9t5smuce7r4hls4hpvjrtd4787','1314557449','','PHPSESSID'),
 ('9v4njuj3ai6068jfs4f87rar63','1314589405','','PHPSESSID'),
 ('9vrvgt4bbqev086ov6m61qf513','1314574631','','PHPSESSID'),
 ('a0e5mh9jbfg274f81hn6udb3g5','1314558073','','PHPSESSID'),
 ('a5kdcqhlmqg2o6i578br87c6s0','1314564072','','PHPSESSID'),
 ('a9mrgdval1nf1b92ji7ab2juq5','1314561501','','PHPSESSID'),
 ('aajvr3hv9q0gcjoke9qlelpmm1','1314589481','','PHPSESSID'),
 ('ab6qj430uu6u40okfj0v6p73g6','1314560165','','PHPSESSID'),
 ('adhsm8hjofensf7qea4n68ufa0','1314571203','','PHPSESSID'),
 ('ago04dc476nkjila2ga68d2qi1','1314577003','','PHPSESSID'),
 ('ahlp1cega9c77crvebespqa5a3','1314577074','','PHPSESSID'),
 ('ai4g788e99r7pft89nmijors43','1314577149','','PHPSESSID'),
 ('aisieg8g7l6ar7mgliipk3jgu0','1314566446','','PHPSESSID'),
 ('ajikjvamq2tf7cd2ja9f6r8ek2','1314574578','','PHPSESSID'),
 ('ao7jcilrk38k5eh4t6jupbojo3','1314547006','','PHPSESSID'),
 ('aqo6jtb6nh9fovu5tb4qrtifq6','1314598855','','PHPSESSID'),
 ('atc8lt9892514fge8i70n0bja1','1314569997','','PHPSESSID'),
 ('atvitp5q73lpgldvb7ldicefk2','1314574624','','PHPSESSID'),
 ('auh0qiiudk14g11odv8codfik3','1314579784','','PHPSESSID'),
 ('b03r037fh31ipp790hn2r4mmt0','1314583262','','PHPSESSID'),
 ('b3540kiq0gto22tldihqfmbcb3','1314558762','','PHPSESSID'),
 ('b6kf6ad028l1ojhjl76085pv27','1314557743','','PHPSESSID'),
 ('b9k1lkrg5nr6k7n7r3rcr92tp7','1314568638','','PHPSESSID'),
 ('b9l4o9ao2cc47u6k1j1428ee22','1314546829','','PHPSESSID'),
 ('ba12edh6m4sa05dj4usc95h856','1314557308','','PHPSESSID'),
 ('bc6cgtsc51fqipk2q1hjpqgsv6','1314564394','','PHPSESSID'),
 ('bcbmbvo01gaom9k256n2198c35','1314547851','','PHPSESSID'),
 ('bd4va5cfpi5l3a8as253eokho0','1314592213','','PHPSESSID'),
 ('bfqlj5lnqeoa2q6olerssu5if4','1314575769','','PHPSESSID'),
 ('bgno279sih7afg062p1cgi2527','1314567709','','PHPSESSID'),
 ('bjbtc91796ufpi73ckuncauf90','1314588854','','PHPSESSID'),
 ('bjqecmbshrlnspusmt6v30gjj2','1314577720','','PHPSESSID'),
 ('bk2rgrtuptggtvsrru56718h96','1314582772','','PHPSESSID'),
 ('bl09ld1o9gbcp28o9hmc7uo3u4','1314605686','4b0f62855a7c3beb5be5e6f50f7e2246__returnUrl|s:21:\"/admin.php/news/admin\";4b0f62855a7c3beb5be5e6f50f7e2246__id|s:1:\"9\";4b0f62855a7c3beb5be5e6f50f7e2246__name|s:4:\"dimm\";4b0f62855a7c3beb5be5e6f50f7e2246__states|a:0:{}gii__returnUrl|s:14:\"/admin.php/gii\";','PHPSESSID'),
 ('bm9m7dp9bqrcr46v0al19a9u80','1314559788','','PHPSESSID'),
 ('bmo6sk3t6okkfin3h9gvl91ed2','1314554856','','PHPSESSID'),
 ('bnnq7qtlicbokmm34eblk5iue4','1314569640','','PHPSESSID'),
 ('bp9bskja2phu9ne5dtjgqjsji2','1314564718','','PHPSESSID'),
 ('bphjsjvbutiunm3l07mvni1995','1314577566','','PHPSESSID'),
 ('br3mbu0h7aau7q96pb34aj19u6','1314546353','','PHPSESSID'),
 ('c0gn3vap0vjpntc8jopof84j05','1314557889','','PHPSESSID'),
 ('c0ug0u84lc1ektkt1mdac6t3c6','1314590713','','PHPSESSID'),
 ('c153mmrfk07a7cu04c14he5k83','1314545885','','PHPSESSID'),
 ('c5a35buoeets1t2sluv080lvq2','1314545814','','PHPSESSID'),
 ('chfc2gkddipflgckr2qi3e4os5','1314570468','','PHPSESSID'),
 ('chfnka7i4d7dgfnk9gb6rku8m3','1314570952','','PHPSESSID'),
 ('cjd91196ss5l5gjtn5v7qv9n96','1314577420','','PHPSESSID'),
 ('cm8fjlt0iporcqb9t4be408v10','1314589656','','PHPSESSID'),
 ('cmock6dqm35u3hfhkl17atgd80','1314561097','','PHPSESSID'),
 ('cnir5aisgg6skas4f9nviprk41','1314581347','','PHPSESSID'),
 ('csf1ssv7dfir227amdmn7kcg25','1314593030','','PHPSESSID'),
 ('cskl13l78rsa8vv1hov0v1mnu6','1314561092','','PHPSESSID'),
 ('d38lvhs11f8ne4qhopbfl2epv5','1316780862','','PHPSESSID'),
 ('d4h1qbriio13hg3184dqt3s1h5','1314561653','','PHPSESSID'),
 ('d5fd7jl3ln3g2j2r6116a30374','1314545846','','PHPSESSID'),
 ('d7gd0qnrhcgidf23mskvrq0kk1','1314546414','','PHPSESSID'),
 ('d8n8sr4leoi1q35hted5rpmnr6','1314590923','','PHPSESSID'),
 ('d9kuckf5136q8p42bapcng7bb4','1314597069','','PHPSESSID'),
 ('da8v46odpps1uj5p4qa89h8kh7','1314560650','','PHPSESSID'),
 ('db7jj3m28ro5dh13oviks4bkb3','1314576034','','PHPSESSID'),
 ('dfpbgr75insvimk9q264i7s2g1','1314553382','','PHPSESSID'),
 ('dhbn0hqv9n0cv6olbv22qgamo0','1314575338','','PHPSESSID'),
 ('di7l1dpels7sr69lo1fa0ov5f5','1314552778','','PHPSESSID'),
 ('dklrebo8dj96u45g1ukmjh27n0','1314582026','','PHPSESSID'),
 ('dm7bfnledegd39e2narh9841v6','1314599454','','PHPSESSID'),
 ('do4h7vhp5snbnmnk8p8cstmod5','1314589796','','PHPSESSID'),
 ('do9ktn8b27a8e8itk14c0avr93','1314593140','','PHPSESSID'),
 ('dp7oa19mpaj4g4vq3fudt55th4','1315390605','','PHPSESSID'),
 ('ds7f0lbu9q08dgnmfrmbbjqtu4','1314596778','','PHPSESSID'),
 ('dursakcr7rnd410m9kgj8ojlp7','1314567399','','PHPSESSID'),
 ('e26t3i29jaqisijqmu689ri8e7','1314586537','','PHPSESSID'),
 ('e3vvqcbdu3228s29tc1sfuij32','1314591128','','PHPSESSID'),
 ('e5b80552p0q1a2b96jhsvalbl5','1314575183','','PHPSESSID'),
 ('e6afdecub0d8gqq6bhkhitc256','1314588885','','PHPSESSID'),
 ('e8337gpaqpprqa9j7bv59al6h7','1314581785','','PHPSESSID'),
 ('e8jugctoiogvo81ii999dq8md0','1314577204','','PHPSESSID'),
 ('e8q9h7ok9849dksl3locnr3s27','1314553004','','PHPSESSID'),
 ('e93kubirbgo3u5s31813ecra84','1314589457','','PHPSESSID'),
 ('e9ehg9het2v93uc7er1rdl64i1','1314598802','','PHPSESSID'),
 ('eaievluh060gqk9vj76270jbt0','1314549300','','PHPSESSID'),
 ('ecuq5ldohhkjo80tjgj8c1qq76','1314561024','','PHPSESSID'),
 ('eflcak4uues4su5jmm90guava5','1314559635','','PHPSESSID'),
 ('ei7qmvkbm2segpjgh68l212tj0','1314574560','','PHPSESSID'),
 ('eipsl6nvibru6u4jqusl7qeag4','1314555941','','PHPSESSID'),
 ('ejkbvn3cqpq729og07jtg2ihm7','1314598077','','PHPSESSID'),
 ('ekhkkn90la69oe6oeh0rsdpcd1','1314581134','','PHPSESSID'),
 ('eklqh4p5ifkkd5v9tun33j8b66','1314561364','','PHPSESSID'),
 ('endae4e17p8kfahhiongiseft0','1314560618','','PHPSESSID'),
 ('eoe1a615ne4mjarc75t598cdg6','1314582113','','PHPSESSID'),
 ('epj2ibi1pvlp3i4tgfcnr412d1','1314585636','','PHPSESSID'),
 ('eqdiliebunn53tlruhfgu0aj56','1314565797','','PHPSESSID'),
 ('era5er3at0kq3iop3b5cpldfd7','1314559439','','PHPSESSID'),
 ('erq63rocte2admsfj0te2rjdc4','1314592805','','PHPSESSID'),
 ('f1il97rrmavp82ge4hpfk62kl2','1314558463','','PHPSESSID'),
 ('f25bdphrugi16j53bo0lole050','1314575398','','PHPSESSID'),
 ('f3d2mglajik68q6c37lt41d323','1314573332','','PHPSESSID'),
 ('f3f1jf87bq4h7tevonv4k6s497','1314574636','','PHPSESSID'),
 ('f7jp0b2k2kbufqburqho3as5e6','1314578466','','PHPSESSID'),
 ('f97ku0uhm2fojivlq3g6nv4374','1314560967','','PHPSESSID'),
 ('fagd5j5pdjm5hqdvb4f0nhhal6','1314589350','','PHPSESSID'),
 ('fbfr0d0hubupclnm0ib8e3hae6','1314592058','','PHPSESSID'),
 ('fbmkmmefunlit2vd82tulos0c6','1314559469','','PHPSESSID'),
 ('fd674eegrvch0a91udpg0vqvt4','1314589401','','PHPSESSID'),
 ('fdmo1is5b3svho59vm63vise60','1314614083','4b0f62855a7c3beb5be5e6f50f7e2246__returnUrl|s:21:\"/admin.php/news/admin\";4b0f62855a7c3beb5be5e6f50f7e2246__id|s:1:\"9\";4b0f62855a7c3beb5be5e6f50f7e2246__name|s:4:\"dimm\";4b0f62855a7c3beb5be5e6f50f7e2246__states|a:0:{}gii__returnUrl|s:14:\"/admin.php/gii\";gii__id|s:5:\"yiier\";gii__name|s:5:\"yiier\";gii__states|a:0:{}','PHPSESSID'),
 ('ffjoj04ms7fi9664bbnfenubj6','1314571387','','PHPSESSID'),
 ('flula5b53u219lim8ib10uvaa7','1314604341','4b0f62855a7c3beb5be5e6f50f7e2246__returnUrl|s:21:\"/admin.php/news/admin\";','PHPSESSID'),
 ('fmh5g96lfn50vk8gffqcr3fne5','1314588859','','PHPSESSID'),
 ('fq4kk7452ln1tog85oomskrln2','1314545890','','PHPSESSID'),
 ('fqllc1rq2fca5fu12cecfg6au2','1314565362','','PHPSESSID'),
 ('frorcu8mi9h2on45mftta8b0r0','1314576007','','PHPSESSID'),
 ('g3bbgrnpg7g0llo42j2drv11p1','1314576063','','PHPSESSID'),
 ('g4ks36fm23fnmlnslqqfa6cvp0','1314572276','','PHPSESSID'),
 ('g7cfbk567gd9gpvqfpscrhmv55','1314575754','','PHPSESSID'),
 ('gb7q3j1to7fenvds4v8ujfh862','1314561002','','PHPSESSID'),
 ('gd2p7s0kiuarbe5naer0jpmqf7','1314561683','','PHPSESSID'),
 ('geg57m6k87nuh45tlgmbj7ek17','1314561018','','PHPSESSID'),
 ('gfmeq5ob7d5trf03pv5rlatmg6','1314550744','','PHPSESSID'),
 ('gh873racpbak2em8b0g07j23a4','1314555218','','PHPSESSID'),
 ('gp9ejjt45i6mu78b0ba5fnjof1','1314557552','','PHPSESSID'),
 ('gqn8olbhmqokm9ro8o401uujp0','1314561079','','PHPSESSID'),
 ('grt676mv76hm3joeq4ro2hamj5','1314545811','','PHPSESSID'),
 ('gsk3cdj7bc2mjhjfcgrighai36','1314548540','','PHPSESSID'),
 ('gtdg5kqjcmctr9sqhdes0hk2l7','1314589694','','PHPSESSID'),
 ('h01i7rnl1gjc5l6qflqns37k47','1314555941','','PHPSESSID'),
 ('h1mu2osmba4qfipftu5j12bqc2','1316413621','','PHPSESSID'),
 ('h2t3nbkcaeqq0ne1v6k7go7q61','1314568096','','PHPSESSID'),
 ('h52b37ac8q1ss5glvutk12kn30','1314572986','','PHPSESSID'),
 ('h5tmtmfk0l0dbhb7rs6h7od0f7','1314546558','','PHPSESSID'),
 ('hca7gpartn9bj4rervl01tb4h4','1316668858','','PHPSESSID'),
 ('hcuagblfu3npqu3ao0r501f7b3','1314551758','','PHPSESSID'),
 ('hf88opor13ph196jsoe0nhb4j0','1314598392','','PHPSESSID'),
 ('hj6ahtrglc7e66fle2obkb3dv5','1314555474','','PHPSESSID'),
 ('hjfv6u42t9ie96030cqqfbq0e5','1314545874','','PHPSESSID'),
 ('hjhgme9541ikd6q1i7epctp876','1314546951','','PHPSESSID'),
 ('hjldgkcstrnui6ac9dckd48616','1314563086','','PHPSESSID'),
 ('hjutl3cv9qtds3iliffemsnfe0','1314546387','','PHPSESSID'),
 ('hkgpji5lakabb84t9nbdlhqaj1','1314581198','','PHPSESSID'),
 ('hkpqf58cg4ifss8mt99e8aljt7','1314577821','','PHPSESSID'),
 ('hld91sgu5rlpigi3nu5kvovri0','1314556775','','PHPSESSID'),
 ('hnbg8i9are125gta8b6id0eh81','1314592066','','PHPSESSID'),
 ('hofq250gmkb4d8e01pec1g8e35','1314591795','','PHPSESSID'),
 ('hplb7oml60g5odj9lmf6gkb6g3','1314588849','','PHPSESSID'),
 ('hrn2s8lqsm7lau0kakcksjgb30','1314575215','','PHPSESSID'),
 ('i16hlfumi1rj9oop2pl3r6kbc4','1314557527','','PHPSESSID'),
 ('i3kvkds8e2osb5peipq84k9ta3','1314589784','','PHPSESSID'),
 ('i3lbfb5m9l5gbg6on26272g443','1314560573','','PHPSESSID'),
 ('i4joeeqmmkvfepsnq35tfcp1r3','1314580916','','PHPSESSID'),
 ('i6045kf0v72e0m9037f6oecj55','1314565831','','PHPSESSID'),
 ('i7rdnsrflaesp6tcdhba1iife5','1314565336','','PHPSESSID'),
 ('iabodr1kr7vf3dc10nkeetik76','1314561184','','PHPSESSID'),
 ('iet743goknum3rruv63otk16c3','1314591387','','PHPSESSID'),
 ('ii2sujbh6q27l4m4dr1ea1lui3','1314586631','','PHPSESSID'),
 ('iifcd0phto6tl311l38fogmdu3','1314565378','','PHPSESSID'),
 ('iimc90jjkjjar41c4oqrhe6bq3','1314591619','','PHPSESSID'),
 ('iqmklgiuss20j91mlki4v5rmu3','1314595315','','PHPSESSID'),
 ('ir7af4avh4af3rjmsu0nimrou5','1314574881','','PHPSESSID'),
 ('iv5qo4dr05dt4m5ej2j716vij7','1314561110','','PHPSESSID'),
 ('j5djgven1jv5bdqoh6lkce5dt7','1314560438','','PHPSESSID'),
 ('j7lrvk1guljkihtnfnchibmab7','1314557006','','PHPSESSID'),
 ('jec4ktkepmih94a1ju5d6u8kt7','1314558178','','PHPSESSID'),
 ('jeu6vnke6i4q603iknsdh85js4','1314575191','','PHPSESSID'),
 ('jeus4aijttqpb4t59l13r409k1','1314579859','','PHPSESSID'),
 ('jftmco2csb7f5f2rcadc8kcbs4','1314556720','','PHPSESSID'),
 ('jkar5gci5kseg639nse7k3rlg4','1314560156','','PHPSESSID'),
 ('jl0dkpql0220hh9s22acf09oc6','1314546248','','PHPSESSID'),
 ('jlb27qh379e5iis4turgckoh42','1314962980','','PHPSESSID'),
 ('jna7ubhmvo9a27oelfou4rkj27','1314596014','','PHPSESSID'),
 ('joischjs229lqugipcv8us9r31','1314589915','','PHPSESSID'),
 ('jtbkntuk73fkkeps62v3n751n0','1314561898','','PHPSESSID'),
 ('k1segm0a9i5134db0v56j1o7a6','1314623480','','PHPSESSID'),
 ('k1t4qj9qgv9etk572e0qd362d7','1314588873','','PHPSESSID'),
 ('k31jqbatohge8s5pad4c40dbs1','1314558799','','PHPSESSID'),
 ('k5c7p0tgfok4pe8ngnp8kgfqi0','1314545852','','PHPSESSID'),
 ('kaful5vr4rea4ldpmqgndlc7e1','1314551108','','PHPSESSID'),
 ('kcrvaq5l0elpu1mhjt5cdb5s03','1314545886','','PHPSESSID'),
 ('kf548ublleer88db92v6n70pv7','1314570212','','PHPSESSID'),
 ('kf60b8hij18sdo459bo71s81o4','1314558563','','PHPSESSID'),
 ('khlt2dhvmgrvpdmjst8mon5bh0','1314569990','','PHPSESSID'),
 ('kkk675bl23a1k7k9pobd4jrvc7','1314575546','','PHPSESSID'),
 ('kl3ehn7kqp838p28rklen60cq4','1314588843','','PHPSESSID'),
 ('klu1iqttrssseovfrmcm9ranu7','1314563138','','PHPSESSID'),
 ('kmqmpe3uqu7849e8h12cjorg94','1314957966','4b0f62855a7c3beb5be5e6f50f7e2246__returnUrl|s:21:\"/admin.php/news/admin\";','PHPSESSID'),
 ('kmth0slc1v87pm967gasujb230','1314583867','','PHPSESSID'),
 ('ku44uu5efe3ogtl9gdfbnodug4','1314579917','','PHPSESSID'),
 ('ku548etapjageb4vk3q2uve4r3','1314552682','','PHPSESSID'),
 ('kuoo6nobf53qj4483j1gp3uth5','1314561906','','PHPSESSID'),
 ('kvjfd69iqjg22of4othd03k1e1','1314576042','','PHPSESSID'),
 ('l2k7rmtvic91phsaq2ndrl2p20','1314574246','','PHPSESSID'),
 ('l39hvakrr5otue5upj3njc3hs7','1314583469','','PHPSESSID'),
 ('l6kfp5t99bvfcn8444dsuhgud4','1314589313','','PHPSESSID'),
 ('ladja9tm6mp071jmrflfec9m43','1314583392','','PHPSESSID'),
 ('ladl5d2h7kmgals2oad3l9mkm0','1314554314','','PHPSESSID'),
 ('lckrgan0ev86fp94amen38glc3','1314558435','','PHPSESSID'),
 ('lcpu8dtjpo4ejh7o8l4hr0huu1','1314599931','','PHPSESSID'),
 ('ld1l0cblkm8glqhr2mfre1ag51','1314599238','','PHPSESSID'),
 ('ld8ftrgp75qqinluvggn59vqi4','1314561102','','PHPSESSID'),
 ('le5c1v1m46c9q9h98u4o4fedp3','1314579965','','PHPSESSID'),
 ('lni1jok27cudfg9bo0hntaq2g7','1314584784','','PHPSESSID'),
 ('lqeureunn60to80k35k869i493','1314589421','','PHPSESSID'),
 ('lqvce6nfkv2j9dt9m1ev5cj196','1314554495','','PHPSESSID'),
 ('ltptft8vkp2gd0fua9dtauigr0','1314593425','','PHPSESSID'),
 ('m0itobi6qr15bjh6o3arggs927','1314573667','','PHPSESSID'),
 ('m0tan86vu1pvuir0qstbjlrkk0','1314563789','','PHPSESSID'),
 ('m328v45jn9s7g62snfhrqrjub5','1314548016','','PHPSESSID'),
 ('m4l9012pqsdep8kcsgblrvad55','1314547015','','PHPSESSID'),
 ('m4rcpp1812rqc6fv1s53ur0es6','1314545805','','PHPSESSID'),
 ('m62aeaklc4nugrmcc9o40att36','1314594779','','PHPSESSID'),
 ('mcfo29vnrqolagb74c7d8bv1b6','1314585248','','PHPSESSID'),
 ('mdu8ccuknufljr577iu76kkqu3','1314582881','','PHPSESSID'),
 ('me3ldlgt3hfcss0ec4q7dvi685','1314569489','','PHPSESSID'),
 ('me3r6mmvnu92oracu8l101ml24','1314554078','','PHPSESSID'),
 ('mgujbcr25bhllavuhtagpf0jj6','1314560150','','PHPSESSID'),
 ('mkmg7fklqs6a88k603sopjelj4','1314575525','','PHPSESSID'),
 ('mnar0qmhemfj1vdvggf38v2vd7','1314574107','','PHPSESSID'),
 ('mo5vrkoua3q9jbv5p2tgmm7rr2','1314546469','','PHPSESSID'),
 ('mpi3ofi8pcnbg68deui0as9h25','1314549601','','PHPSESSID'),
 ('mpr2p99mka0s6n9mlcube6kd93','1314565477','','PHPSESSID'),
 ('mqbb0d0s965uklnohfsl98lhe1','1314594638','','PHPSESSID'),
 ('mup33ech2uimv87aokfa95tpi7','1314558616','','PHPSESSID'),
 ('n0785bp059fgnpdb87alnkpqh2','1314577458','','PHPSESSID'),
 ('n258m6ghijo8qm0chrrt2b70t7','1314595025','','PHPSESSID'),
 ('n4d29mc77ne4rkadhvceo0rr92','1314575495','','PHPSESSID'),
 ('n7bum91biesn9h2ralpsvh5au3','1314552226','','PHPSESSID'),
 ('n8a3gbbe9no9dcfrsju8tqkhf0','1314554694','','PHPSESSID'),
 ('n92d2qjdh5e01nnqiutpmsnue2','1314546662','','PHPSESSID'),
 ('n94afrea3me28hup7pcepthhm3','1314568998','','PHPSESSID'),
 ('ndj7pv79fn2sdic5nik9nirka1','1314564330','','PHPSESSID'),
 ('nds5haounqhomaqf34r1acstg2','1314547131','','PHPSESSID'),
 ('nhjd2225lada2dtudreg279040','1314589591','','PHPSESSID'),
 ('nk9si64edisb24uh1i8f6ojit3','1314550718','','PHPSESSID'),
 ('nn8qp1675ka7kot534b7ui94i5','1314570237','','PHPSESSID'),
 ('nofopji0q0a5da4pllkkh6n012','1314570736','','PHPSESSID'),
 ('nojeng5h48o954aduote53i611','1314560704','','PHPSESSID'),
 ('nq0kh08l8q07e0h1glajtmst87','1314561170','','PHPSESSID'),
 ('o6ms2e3063tl9p6ak4ktd030m7','1314546991','','PHPSESSID'),
 ('o9j0ihbdtmbtivo34jlvrbfkg6','1314576016','','PHPSESSID'),
 ('obdrki84obtfujcitp3i9p8kl6','1315220656','','PHPSESSID'),
 ('oblkfrngmchs0cehbmfh1j5th0','1314546303','','PHPSESSID'),
 ('obp44j5ej1ojuijb2k0hmjcjh3','1314552121','','PHPSESSID'),
 ('oc95n69gaso61snkp6fmcr8ib3','1314556486','','PHPSESSID'),
 ('oeuo28rs1tjmsmlhvrn3poctp0','1314563297','','PHPSESSID'),
 ('ofnupd2igdeohpprm9fb07igq2','1314589773','','PHPSESSID'),
 ('og5ntpjcjmguv58cf3urf5l2s0','1314553794','','PHPSESSID'),
 ('oi0350q5q634vilc1dkb2ga370','1314575479','','PHPSESSID'),
 ('oi21ap7tvsa0q56kt1jnr4ihp3','1314559969','','PHPSESSID'),
 ('okq7r6d0hr103hmfe7rtg9gtd1','1314546440','','PHPSESSID'),
 ('ol9tno29l5hnning2hr29g9kq6','1314576993','','PHPSESSID'),
 ('or1977j7qr6n4d2rs26ljokve7','1314555760','','PHPSESSID'),
 ('oveet1gbk4h8qsvuo7bddlc7c7','1314560125','','PHPSESSID'),
 ('p2kr6hlglr918b13h199fhgkh1','1314589674','','PHPSESSID'),
 ('p2r32rdq7r112mdau922p5sgq4','1314575060','','PHPSESSID'),
 ('p5jkc7al9gtjfbl09belb8ts10','1314565129','','PHPSESSID'),
 ('p6ddujbcb49r9m40kpsk047uh5','1314576989','','PHPSESSID'),
 ('p75m4ibse4sgokka4vk9rdsq30','1314587544','','PHPSESSID'),
 ('pgg50qbckpkjiq5i2o2mbdo6o5','1314580637','','PHPSESSID'),
 ('phdcmuaacnvrdqdjf6el2v7a30','1314576763','','PHPSESSID'),
 ('pi8fkju7tb09gbmropiol10m60','1314580660','','PHPSESSID'),
 ('pi9m8vcfoa63kkcuhsoqm3mn10','1314591568','','PHPSESSID'),
 ('piilsqafd81ibqr4asus8vchq5','1314569902','','PHPSESSID'),
 ('ppg44adlg21u84dgl2n8e3r6s0','1314561866','','PHPSESSID'),
 ('prgc3h06eu6g1oicig8vpqcoa0','1314582901','','PHPSESSID'),
 ('prp9vlthn40143qddd06r16046','1314574555','','PHPSESSID'),
 ('ptfl851ql4q8a6h28grtdrrvf2','1314575388','','PHPSESSID'),
 ('pukkocdmfb7ohpkjelt3e1fp05','1314570128','','PHPSESSID'),
 ('q10u927u551lhspe4rtdo09vk2','1314591422','','PHPSESSID'),
 ('q4hg3mj8gs8isd2rp4vnun0q84','1314588817','','PHPSESSID'),
 ('q4hn5smmo7h8104isbv2b38pv3','1314578542','','PHPSESSID'),
 ('q4tjvr431lqc0jgintj0fhgm04','1314957982','4b0f62855a7c3beb5be5e6f50f7e2246__returnUrl|s:21:\"/admin.php/news/admin\";4b0f62855a7c3beb5be5e6f50f7e2246__id|s:1:\"9\";4b0f62855a7c3beb5be5e6f50f7e2246__name|s:4:\"dimm\";4b0f62855a7c3beb5be5e6f50f7e2246__states|a:0:{}','PHPSESSID'),
 ('q5r8qa0t2f3jn4f8cop2i0seq0','1314579957','','PHPSESSID'),
 ('q9h84u5q9dq75bo6f8544lbbg4','1314579730','','PHPSESSID'),
 ('qe50mrvd7b7jgm2blbr0kdbn06','1314570318','','PHPSESSID'),
 ('qhpaqe295qrtrq59je38mjoac7','1314545820','','PHPSESSID'),
 ('qkcahftegu5j4ifga51v7js9e0','1314570528','','PHPSESSID'),
 ('qkm06vbrfpk7usg42q4tfi5da6','1314565430','','PHPSESSID'),
 ('ql3f0h1k4jcjjnulnfbgkdel83','1314581958','','PHPSESSID'),
 ('qmck20fpqvul2mcercpuuggm56','1314585198','','PHPSESSID'),
 ('qnqr7vq4it21bk29valkj29jl1','1314581792','','PHPSESSID'),
 ('r1kjb8vmisrcgod2f1ejte8185','1314598879','','PHPSESSID'),
 ('r35efidbqrblu2pv05k3dqckg1','1314588988','','PHPSESSID'),
 ('r3gr7thmf66a1ifvjfg25eqm25','1314547368','','PHPSESSID'),
 ('r7ssi00c6pq098i995d01tpah4','1314569179','','PHPSESSID'),
 ('ra5g4ekrvmcr70mkjq43nc4716','1314562784','','PHPSESSID'),
 ('rboal5v6lt0ffvl39js11dacm0','1315205642','','PHPSESSID'),
 ('rdt3tno9u7f04j66lskjbsqof7','1314573564','','PHPSESSID'),
 ('re49760bnihuhrtman2002ur56','1314589803','','PHPSESSID'),
 ('ri7477t2pne6vq6okgt9ck80t6','1314593114','','PHPSESSID'),
 ('ril7bv5jghjtgk88l5c3hp0183','1314546223','','PHPSESSID'),
 ('rlc2hc0i3c215824155ncsles7','1314553205','','PHPSESSID'),
 ('rlpld9ofcm7982gimrvos7v8n7','1314546998','','PHPSESSID'),
 ('rn03msmu9fgerktpj6ear4bs15','1314577211','','PHPSESSID'),
 ('rtd4kf96q7s643ui3f476d1tg2','1314552252','','PHPSESSID'),
 ('rufvus0qp3bntqjqrvbo4u2497','1314562073','','PHPSESSID'),
 ('s04tb18rqlt763dkmdhe06bqr2','1314596860','','PHPSESSID'),
 ('s10k9f26lvgubqigfq9uqegvo1','1314559051','','PHPSESSID'),
 ('s3sp88ur8mbhru3a33e7q58im3','1314549341','','PHPSESSID'),
 ('s6f6p8na184shgo546kfscdb45','1314558455','','PHPSESSID'),
 ('s8f7spq7ce7fkkq1lntllnbla1','1314547574','','PHPSESSID'),
 ('sce9o2mpmpjom0bhqi8du228j4','1314560981','','PHPSESSID'),
 ('sf88pt968pk8q3g1g1o4pdeht7','1314560952','','PHPSESSID'),
 ('sng5ivhmhvte075pcra60mt6k4','1314555877','','PHPSESSID'),
 ('sr0ad74lkdfhse5ltbi5c7kd76','1314550586','','PHPSESSID'),
 ('sst21f0n31n0n7n2lo1gdbaus5','1314574546','','PHPSESSID'),
 ('t5or8j6ncbit2qi6a70oisnkm5','1314560774','','PHPSESSID'),
 ('t8de14kj08ep4qgamebnig6at7','1314546566','','PHPSESSID'),
 ('th5sih5l9b1jc8pca4pg03ahv2','1314589681','','PHPSESSID'),
 ('tid1mv9nfopuhp7ulm1mvbs4m7','1314552537','','PHPSESSID'),
 ('tjv1qc6fdoctinrihmsk5ipvj3','1314557961','','PHPSESSID'),
 ('tkc68rtg56lud4aedvqk5flki1','1314574550','','PHPSESSID'),
 ('tl1d7779l71speet7kd79jpga1','1314595949','','PHPSESSID'),
 ('tlejbrsng57kgsep3vctr2ooi3','1314578810','','PHPSESSID'),
 ('toksj20c4v38f96c3i1jhva0f2','1314554187','','PHPSESSID'),
 ('tr3dr8cps62bruummp96vg2gp3','1314561711','','PHPSESSID'),
 ('tvi42nb95eqhhjtdhc09m90vo0','1314588866','','PHPSESSID'),
 ('uafcn0l472o6fpcrcgshab5b06','1314591956','','PHPSESSID'),
 ('ubggfiriqd8q9b89a7em224ud4','1314596206','','PHPSESSID'),
 ('ubsh3d2u78fc10mi8s2vpkcqj4','1314586228','','PHPSESSID'),
 ('uco8fhkfvg3nopt8477d5j02r1','1314560140','','PHPSESSID'),
 ('ucrtdabvg7clcvgn8rdvlolk51','1314562603','','PHPSESSID'),
 ('uhfm7r9ag43acuf3cmqrt6rs04','1314545783','','PHPSESSID'),
 ('umgtputmeokts8f2v4je55rjc5','1314560755','','PHPSESSID'),
 ('uqgos23jrir5dpjr9ksn15cvl5','1314579088','','PHPSESSID'),
 ('uqo0di0hgvhrol3rt0kcq5f0b2','1314582977','','PHPSESSID'),
 ('usm64o6d19jhf7ki0muje25894','1314599599','','PHPSESSID'),
 ('uuck6rag6v7p5qtjlmo3v70s20','1314581730','','PHPSESSID'),
 ('uuplcj1kemmpl99mhb2q31n977','1314558567','','PHPSESSID'),
 ('v2a8angtq8i3iub1uju6vk6ak2','1314557118','','PHPSESSID'),
 ('v2nj732kbfcqcm5b6djm25af44','1314560189','','PHPSESSID'),
 ('v3rb9ht1i61vd1migct0vmehf3','1315979952','','PHPSESSID'),
 ('v4blsin3119mocl8vcl05dlm72','1314560988','','PHPSESSID'),
 ('v8f2ht1i8ji7bc23rob92ou0o1','1314560099','','PHPSESSID'),
 ('v8fpmedvisepba8s694vsvd3l3','1314567493','','PHPSESSID'),
 ('va10sgqmcneqpm3to9rnf2ro07','1314589688','','PHPSESSID'),
 ('vc6ik59pkn42ebf3hknfsr9e36','1314576025','','PHPSESSID'),
 ('vie1kicbfqtkq8j2jjj2ku6uq4','1314556904','','PHPSESSID'),
 ('vijq3gurjfpckmnerp3e6pqjp0','1314546535','','PHPSESSID'),
 ('vocijvi1mk5tgvp5o73qsdrom4','1314573229','','PHPSESSID'),
 ('vofu8bdor1nq9tm3vkdb729pn6','1314580143','','PHPSESSID'),
 ('vq3ve79vpu2hqvg0kcqmump492','1314572017','','PHPSESSID'),
 ('vqt6ffk9rd81vpak0qg88rsdd2','1314580808','','PHPSESSID'),
 ('vr5n91jgo1v2vv2ee0gr65jue3','1314590740','','PHPSESSID'),
 ('vt1hg68f20gpiukn33ne0ofsb4','1314582902','','PHPSESSID'),
 ('vttqpem2c6n09p8ggmnhmta636','1314559491','','PHPSESSID'),
 ('vu3g4dmd6bl34p97l3q47emnl7','1314587131','','PHPSESSID'),
 ('vvj1h5v4ib2tkijth6qc7rc586','1314569153','','PHPSESSID');
UNLOCK TABLES;
/*!40000 ALTER TABLE `Sessions` ENABLE KEYS */;


--
-- Definition of table `optica100`.`SetAttribute`
--

DROP TABLE IF EXISTS `optica100`.`SetAttribute`;
CREATE TABLE  `optica100`.`SetAttribute` (
  `id` int(11) NOT NULL AUTO_INCREMENT,
  `title` varchar(255) NOT NULL,
  `id_prefix` mediumint(9) NOT NULL DEFAULT '0',
  `date_added` datetime NOT NULL,
  `active` tinyint(1) NOT NULL DEFAULT '1',
  PRIMARY KEY (`id`)
) ENGINE=MyISAM AUTO_INCREMENT=10 DEFAULT CHARSET=utf8;

--
-- Dumping data for table `optica100`.`SetAttribute`
--

/*!40000 ALTER TABLE `SetAttribute` DISABLE KEYS */;
LOCK TABLES `SetAttribute` WRITE;
INSERT INTO `optica100`.`SetAttribute` VALUES  (5,'SEO аттрибуты',0,'2012-02-22 17:26:57',1),
 (6,'Аттрибуты биноклей',1,'2012-02-22 17:27:15',1),
 (7,'Аттрибуты луп',2,'2012-02-22 17:27:45',1),
 (8,'Ценовые аттрибуты',0,'2012-02-22 17:27:55',1),
 (9,'Общие',0,'2012-03-22 12:28:57',1);
UNLOCK TABLES;
/*!40000 ALTER TABLE `SetAttribute` ENABLE KEYS */;


--
-- Definition of table `optica100`.`Video`
--

DROP TABLE IF EXISTS `optica100`.`Video`;
CREATE TABLE  `optica100`.`Video` (
  `id` mediumint(9) NOT NULL AUTO_INCREMENT,
  `name` varchar(255) COLLATE utf8_bin NOT NULL,
  `code` text COLLATE utf8_bin,
  `file` varchar(500) COLLATE utf8_bin DEFAULT NULL,
  `date_modified` timestamp NOT NULL DEFAULT CURRENT_TIMESTAMP ON UPDATE CURRENT_TIMESTAMP,
  `date_added` timestamp NOT NULL DEFAULT '0000-00-00 00:00:00',
  `active` tinyint(1) NOT NULL,
  PRIMARY KEY (`id`)
) ENGINE=MyISAM AUTO_INCREMENT=6 DEFAULT CHARSET=utf8 COLLATE=utf8_bin;

--
-- Dumping data for table `optica100`.`Video`
--

/*!40000 ALTER TABLE `Video` DISABLE KEYS */;
LOCK TABLES `Video` WRITE;
INSERT INTO `optica100`.`Video` VALUES  (5,0x313232323232323231,'','','2011-09-13 14:59:02','2011-09-13 14:58:39',1);
UNLOCK TABLES;
/*!40000 ALTER TABLE `Video` ENABLE KEYS */;


--
-- Definition of table `optica100`.`price2012`
--

DROP TABLE IF EXISTS `optica100`.`price2012`;
CREATE TABLE  `optica100`.`price2012` (
  `A` varchar(164) DEFAULT NULL,
  `B` int(5) DEFAULT NULL
) ENGINE=MyISAM DEFAULT CHARSET=utf8;

--
-- Dumping data for table `optica100`.`price2012`
--

/*!40000 ALTER TABLE `price2012` DISABLE KEYS */;
LOCK TABLES `price2012` WRITE;
INSERT INTO `optica100`.`price2012` VALUES  ('B-010S',1900),
 ('C-010T',2150),
 ('C-030T',1600),
 ('C-0304T',1600),
 ('C-176T',1200),
 ('C-181',3750),
 ('C-191',3750),
 ('F-0290T',1500),
 ('F-0300T',1700),
 ('F-0301T',1700),
 ('F-0302T',1600),
 ('F-0304T',1600),
 ('F-0311T',1750),
 ('F-0321T',1700),
 ('F-0331T',1750),
 ('F-0371',5200),
 ('F-03741',5200),
 ('F-03751',5200),
 ('F-0391S',3350),
 ('F-0392S',3350),
 ('F-1906T',1600),
 ('F-1907T',1600),
 ('F-1908T',1600),
 ('F-1909T',1600),
 ('F-1912T',2000),
 ('F-040T',1200),
 ('F-043T',1200),
 ('F-2301T',1400),
 ('F-050T',1500),
 ('F-0501T',1500),
 ('F-0502T',1500),
 ('F-0504T',1500),
 ('F-0505T',1500),
 ('F-0511T',1500),
 ('F-053T',1700),
 ('F-054T',1700),
 ('F-0551T',1750),
 ('F-0552T',1700),
 ('F-055T',1750),
 ('F-056T',1700),
 ('F-057T',1700),
 ('F-058T',1500),
 ('F-059T',1500),
 ('F-070T',1450),
 ('F-071T',1450),
 ('F-072T',1500),
 ('F-0740T',1650),
 ('F-0741T',1600),
 ('F-0814T',2050),
 ('F-0822T',1360),
 ('F-2107T',1700),
 ('F-2108',1700),
 ('F-2132T',1700),
 ('F-2135T',1800),
 ('F-2010T',2200),
 ('F-2013T',2200),
 ('F-2015T',2200),
 ('F-2141T',1500),
 ('F-2150',6950),
 ('F-100T',1500),
 ('F-101T',1500),
 ('F-102T',1500),
 ('F-111T',1200),
 ('F-113T',1200),
 ('F-115T',1200),
 ('F-122S',740),
 ('F-123S',740),
 ('F-137T',1500),
 ('F-138T',1400),
 ('F-0600T',1850),
 ('F-0601T',1700),
 ('F-0602T',1550),
 ('F-0603T',1550),
 ('F-0605T',1600),
 ('F-0606T',1550),
 ('F-0625T',1500),
 ('F-090T',1500),
 ('F-091T',1500),
 ('F-092T',1500),
 ('F-093T',1500),
 ('F-171T',1400),
 ('F-174T',1400),
 ('F-175T',1400),
 ('F-177T',1400),
 ('F-178S',2100),
 ('F-182T',1550),
 ('F-185T',1550),
 ('H-020',850),
 ('H-021',850),
 ('H-030',850),
 ('H-032',850),
 ('H-0331',850),
 ('H-034',850),
 ('H-035',850),
 ('H-036',850),
 ('H-0405',950),
 ('H-0406',950),
 ('H-060',850),
 ('HT-429',850),
 ('HT-435',850),
 ('HT-401',900),
 ('HT-431',950),
 ('DK050',14500),
 ('DK052',16100),
 ('DK053',16100),
 ('DK072',43900),
 ('DK074',42800),
 ('DK092',48500),
 ('DK101',42100),
 ('DK104',45800),
 ('SK-050',3600),
 ('SK-050.2',3600),
 ('SK-050.3',3600),
 ('SK-052',3600),
 ('SK-053',4300),
 ('SK-053.2',4300),
 ('SK-054.05',5800),
 ('SK-054.1',5800),
 ('SK-070.25',4100),
 ('SK-070.3',4100),
 ('SK-070.35',4100),
 ('SK-070.45',4100),
 ('SK-071.5',4100),
 ('SK-070.75',4100),
 ('SK-070',4100),
 ('SK-071.2',4100),
 ('SK-071.8',4100),
 ('SK-071',4100),
 ('SK-172.5',3700),
 ('SK-172.65',3700),
 ('SK-172.8',3700),
 ('SK-173',3700),
 ('SK-173.2',3700),
 ('SK-175.2',3700),
 ('SK-092',3700),
 ('SK-092.2',3700),
 ('SK-092.5',3700),
 ('SK-092.8',3700),
 ('SK-711',5400),
 ('SK-710',5400),
 ('SK-709',5400),
 ('SK-708',5400),
 ('SK-707',5400),
 ('SK-706',5400),
 ('SK-705',5400),
 ('SK-704',5400),
 ('SK-701',5400),
 ('SK-702',5400),
 ('SK-703',5400),
 ('SK-301',5400),
 ('SK-302',5400),
 ('SK-303',5400),
 ('SK-304',5400),
 ('SK-305',5400),
 ('SK-306',5400),
 ('SK-307',5400),
 ('P-0201T',1300),
 ('P-025T',1900),
 ('P-111S',2900),
 ('P-112T',2800),
 ('P-116S',2800),
 ('P-063',900),
 ('P-064',900),
 ('P-065',900),
 ('P-068',950),
 ('P-069',950),
 ('P-077',950),
 ('P-095',1200),
 ('P-097',950),
 ('P-125',900),
 ('PT-4881',1000),
 ('PT-488',1000),
 ('PT-486',1000),
 ('PT-487',1000),
 ('PT-483',1000),
 ('P-1435',1100),
 ('P-1436',1100),
 ('P-1433',1100),
 ('P-1434',1100),
 ('P-070',850),
 ('P-096',950),
 ('P-101',900),
 ('P-081',1450),
 ('P-082',1450),
 ('P-0821',1450),
 ('N-013T',1750),
 ('N-023T',1750),
 ('N-025T',1750),
 ('N-031T',1850),
 ('N-040T',1900),
 ('N-041T',1850),
 ('N-045T',1850),
 ('N-081T',4600),
 ('N-090T',1890),
 ('N-091T',1890),
 ('D-010S',350),
 ('D-011S',350),
 ('D-012S',350),
 ('D-013S',350),
 ('D-014S',350),
 ('D-015S',350),
 ('D-0211',250),
 ('D-0221',250),
 ('D-0231',250),
 ('D-030',1000),
 ('D-050T',600),
 ('D-051T',600),
 ('D-052T',600),
 ('D-061T',600),
 ('R-0701',600),
 ('R-014',800),
 ('R-020',800),
 ('R-021',800),
 ('R-022',800),
 ('R-023',800),
 ('S-010S',2650),
 ('S-0101S',2650),
 ('S-011S',2600),
 ('S-012S',2600),
 ('S-034S',2650),
 ('S-035S',2650),
 ('S-020S',2650),
 ('S-0201S',2650),
 ('S-024S',2650),
 ('S-0241S',2650),
 ('S-046S',2600),
 ('S-047S',2600),
 ('S-042S',2600),
 ('S-03741',5200),
 ('S-03751',5200),
 ('S-03721',5200),
 ('S-050S',2300),
 ('S-0501S',2300),
 ('S-052S',2300),
 ('S-056S',2300),
 ('S-057S',2450),
 ('S-058S',2450),
 ('S-0581S',2450),
 ('S-062S',2450),
 ('S-080',740),
 ('S-081',740),
 ('S-091',740),
 ('S-0802',1400),
 ('V-001T',3100),
 ('V-003T',3100),
 ('v-301-23',5300),
 ('V-402-23',5300),
 ('v-202-23',5300),
 ('V-209-23',5300),
 ('V-325-23',5300),
 ('V-410-23',5300),
 ('V-411-23',5300),
 ('I-097-23',1100),
 ('V-3019',5400),
 ('V-3259',5400),
 ('V-2029',5400),
 ('V-2099',5400),
 ('V-4089',5400),
 ('V-411-25',5400),
 ('I-0979',1100),
 ('V-202',5200),
 ('V-2021',5200),
 ('V-211',5200),
 ('V-206',5200),
 ('V-212',5200),
 ('V-208',5200),
 ('V-2084',5200),
 ('F-2150',6950),
 ('S-2151',5400),
 ('V-301',5200),
 ('V-3012',5200),
 ('V-3013',5200),
 ('V-327',5200),
 ('V-303',5200),
 ('V-3032',5200),
 ('V-325',5200),
 ('V-321',5200),
 ('V-210',5200),
 ('V-403',5200),
 ('V-407',5200),
 ('V-410',5300),
 ('V-414',5300),
 ('V-415',5300),
 ('V-025',950),
 ('V-026',950),
 ('V-6000',2000),
 ('V-6000-zk',1600),
 ('V-6010',2000),
 ('V-6010-zk',1600),
 ('I-084',850),
 ('I-090',900),
 ('I-099',950),
 ('I-097-23',1100),
 ('I-0979',1100),
 ('I-010',800),
 ('I-011',800),
 ('I-013',800),
 ('I-014',800),
 ('I-015',800),
 ('I-016',800),
 ('I-020',800),
 ('I-021',800),
 ('I-031',1000),
 ('I-032',990),
 ('I-050',990),
 ('I-051',850),
 ('I-052',850),
 ('E-001',950),
 ('I-005',950),
 ('I-110',1400),
 ('I-140',890),
 ('L-040T',1900),
 ('L-040TL',1900),
 ('LT-608T',1500),
 ('LT-609',1500),
 ('L-042T',2400),
 ('L-043T',2400),
 ('L-0411T',1850),
 ('L-0411TK',2400),
 ('L-0411TL',2400),
 ('LT-533',1500),
 ('LT-604',1500),
 ('L-0244S',400),
 ('L-022S',400),
 ('L-0221S',400),
 ('L-023S',400),
 ('L-025S',400),
 ('L-026S',400),
 ('L-032',800),
 ('L-031',800),
 ('L-030',800),
 ('L-020',1790),
 ('L-010S',1600),
 ('L-080A',3500),
 ('L-080LA',3500),
 ('L-082A',3500),
 ('A-051-23',350),
 ('A-055-16',350),
 ('A-063-23',350),
 ('A-065',950),
 ('A-067',950),
 ('A-0681',700),
 ('A-091-13/21',700),
 ('A-091-21/21',700),
 ('A-1098',700),
 ('A-129-0.3',1000),
 ('A-129-0.4',1000),
 ('A-379-23',1050),
 ('A-301/A-303',950),
 ('A-307T',800),
 ('A-308T',800),
 ('M-003',1000),
 ('M-004',1200),
 ('M-011',4600),
 ('M-060',990),
 ('M-062',990),
 ('M-063',850),
 ('M-064',850),
 ('M-065',900),
 ('M-066',900),
 ('M-067',900),
 ('M-071',1100),
 ('M-072',910),
 ('M-50S',400),
 ('M-0341T',1150),
 ('M-036T',1150),
 ('M-2805',8900),
 ('M-2806',9600),
 ('M-2807',8900),
 ('M-2808',9600),
 ('M-2853',7500),
 ('M-401',2900),
 ('M-402',2400),
 ('*-ООО\"Цилита\"оставляет за собой право пересмотреть цены без предварительного уведомления',NULL);
UNLOCK TABLES;
/*!40000 ALTER TABLE `price2012` ENABLE KEYS */;


--
-- Definition of table `optica100`.`tbl_profiles`
--

DROP TABLE IF EXISTS `optica100`.`tbl_profiles`;
CREATE TABLE  `optica100`.`tbl_profiles` (
  `user_id` int(11) NOT NULL,
  `lastname` varchar(50) NOT NULL DEFAULT '',
  `firstname` varchar(50) NOT NULL DEFAULT '',
  `birthday` date NOT NULL DEFAULT '0000-00-00',
  `avatar` varchar(255) NOT NULL DEFAULT '',
  `sex` tinyint(1) NOT NULL DEFAULT '1',
  `country` varchar(255) NOT NULL DEFAULT '',
  `city` varchar(255) NOT NULL DEFAULT '',
  `index` varchar(255) NOT NULL DEFAULT '',
  `address` varchar(1000) NOT NULL DEFAULT '',
  PRIMARY KEY (`user_id`)
) ENGINE=InnoDB DEFAULT CHARSET=utf8;

--
-- Dumping data for table `optica100`.`tbl_profiles`
--

/*!40000 ALTER TABLE `tbl_profiles` DISABLE KEYS */;
LOCK TABLES `tbl_profiles` WRITE;
INSERT INTO `optica100`.`tbl_profiles` VALUES  (1,'Admin','Administrator','2011-03-08','images/users/dimspace_yii_html_54df782e.jpg',1,'','','',''),
 (7,'dimm','dimm','2011-11-16','',1,'Россия','Рязань','123458','Островского д.40'),
 (9,'логинов','дмитрий','2011-11-16','',1,'','','',''),
 (10,'dimm123','dimm123','2011-11-02','',1,'','','',''),
 (11,'dimm112','dimm112','2011-11-16','',1,'','','',''),
 (12,'dimm13','dimm13','2011-11-16','',1,'','','',''),
 (13,'dimm14','dimm14','2011-11-24','',1,'','','',''),
 (14,'Olga','Baskakova','0000-00-00','',1,'','','',''),
 (15,'Белова','Мария','0000-00-00','',1,'','','',''),
 (16,'Бевза','Наталия','0000-00-00','',1,'Россия','Люберцы','140011','Юбилейная дом 8'),
 (17,'Conradie','Eliah','0000-00-00','',1,'','','',''),
 (18,'chapcyna','irina','2012-02-09','',1,'','','',''),
 (19,'Ворон','Екатерина','0000-00-00','',1,'','','',''),
 (20,'Полковникова','Зоя','0000-00-00','',1,'РФ','Тверь','170100 ','ул. Володарского, д.48,кв.2 '),
 (21,'Ковшов','Федор','0000-00-00','',1,'','Санкт-Петербург','',''),
 (22,'Агафонов','Николай','0000-00-00','',1,'','','',''),
 (23,'Joke','Case','1987-03-08','',1,'Россия','Рязань','390029','Чкалова ');
UNLOCK TABLES;
/*!40000 ALTER TABLE `tbl_profiles` ENABLE KEYS */;


--
-- Definition of table `optica100`.`tbl_profiles_fields`
--

DROP TABLE IF EXISTS `optica100`.`tbl_profiles_fields`;
CREATE TABLE  `optica100`.`tbl_profiles_fields` (
  `id` int(10) NOT NULL AUTO_INCREMENT,
  `varname` varchar(50) NOT NULL,
  `title` varchar(255) NOT NULL,
  `field_type` varchar(50) NOT NULL,
  `field_size` int(3) NOT NULL DEFAULT '0',
  `field_size_min` int(3) NOT NULL DEFAULT '0',
  `required` int(1) NOT NULL DEFAULT '0',
  `match` varchar(255) NOT NULL DEFAULT '',
  `range` varchar(255) NOT NULL DEFAULT '',
  `error_message` varchar(255) NOT NULL DEFAULT '',
  `other_validator` varchar(5000) NOT NULL DEFAULT '',
  `default` varchar(255) NOT NULL DEFAULT '',
  `widget` varchar(255) NOT NULL DEFAULT '',
  `widgetparams` varchar(5000) NOT NULL DEFAULT '',
  `position` int(3) NOT NULL DEFAULT '0',
  `visible` int(1) NOT NULL DEFAULT '0',
  PRIMARY KEY (`id`),
  KEY `varname` (`varname`,`widget`,`visible`)
) ENGINE=InnoDB AUTO_INCREMENT=8 DEFAULT CHARSET=utf8;

--
-- Dumping data for table `optica100`.`tbl_profiles_fields`
--

/*!40000 ALTER TABLE `tbl_profiles_fields` DISABLE KEYS */;
LOCK TABLES `tbl_profiles_fields` WRITE;
INSERT INTO `optica100`.`tbl_profiles_fields` VALUES  (1,'lastname','Last Name','VARCHAR',50,3,1,'','','Incorrect Last Name (length between 3 and 50 characters).','','','','',1,3),
 (2,'firstname','First Name','VARCHAR',50,3,1,'','','Incorrect First Name (length between 3 and 50 characters).','','','','',0,3),
 (3,'birthday','Birthday','DATE',0,0,2,'','','','','0000-00-00','UWjuidate','{\"ui-theme\":\"redmond\"}',3,2),
 (4,'country','Country','VARCHAR',255,0,2,'','','','','','','',4,3),
 (5,'city','City','VARCHAR',255,0,2,'','','','','','','',5,3),
 (6,'index','Zip','VARCHAR',255,0,2,'','','','','','','',6,3),
 (7,'address','Adress','VARCHAR',1000,0,2,'','','','','','','',7,3);
UNLOCK TABLES;
/*!40000 ALTER TABLE `tbl_profiles_fields` ENABLE KEYS */;


--
-- Definition of table `optica100`.`tbl_users`
--

DROP TABLE IF EXISTS `optica100`.`tbl_users`;
CREATE TABLE  `optica100`.`tbl_users` (
  `id` int(11) NOT NULL AUTO_INCREMENT,
  `username` varchar(20) NOT NULL,
  `password` varchar(128) NOT NULL,
  `email` varchar(128) NOT NULL,
  `activkey` varchar(128) NOT NULL DEFAULT '',
  `createtime` int(10) NOT NULL DEFAULT '0',
  `lastvisit` int(10) NOT NULL DEFAULT '0',
  `superuser` int(1) NOT NULL DEFAULT '0',
  `status` int(1) NOT NULL DEFAULT '0',
  PRIMARY KEY (`id`),
  UNIQUE KEY `username` (`username`),
  UNIQUE KEY `email` (`email`),
  KEY `status` (`status`),
  KEY `superuser` (`superuser`)
) ENGINE=InnoDB AUTO_INCREMENT=24 DEFAULT CHARSET=utf8;

--
-- Dumping data for table `optica100`.`tbl_users`
--

/*!40000 ALTER TABLE `tbl_users` DISABLE KEYS */;
LOCK TABLES `tbl_users` WRITE;
INSERT INTO `optica100`.`tbl_users` VALUES  (1,'admin','21232f297a57a5a743894a0e4a801fc3','webmaster@example.com','9a24eff8c15a6a141ece27eb6947da0f',1261146094,0,1,1),
 (2,'demo','fe01ce2a7fbac8fafaed7c982a04e229','demo@example.com','099f825543f7850cc038b90aaff39fac',1261146096,0,0,1),
 (7,'dimm','bc320bca4bf8020bac8ca6c5d3cfd761','dimm_inbox@mail.ru','97b24e0fe8f9d4fb1577c1cd5be9a3a3',1299502483,1328678334,1,1),
 (9,'dimm1','bc320bca4bf8020bac8ca6c5d3cfd761','dimminbox@gmail.com','8b41d51bd2ad46df8586c312a65aa3ca',1320653997,1320660277,0,1),
 (10,'dimm123','7b18e1463c86a40e0b53ab17d44bded0','dimm123@dimm123.ru','5107d8ce7c93d416c10e4a15efb23a6e',1320665638,1320665638,0,1),
 (11,'dimm112','6265120eb433fcb62bbd3e5d6dafbbcb','dimm112@dimm112.ru','8f10f2edf8bcab4dad6ab9f41878766b',1320665931,1320665931,0,1),
 (12,'dimm13','1376b79c532730b3f8581db818fa8942','dimm13@dimm13.ru','15b622e8b1392a3a8ea8f9e01419f774',1320666222,1320666222,0,1),
 (13,'dimm14','f973359a76212b1ba2b55fd5a787c87e','dimm14@dimm14.ru','ffecb86f71d4341ed65602b9d84b2de7',1320666263,1320666283,0,1),
 (14,'baskakova','4a7e191cc9613e560df1c7f4934f2b47','baskakova@rumex.ru','d8dad046add4beb99fb94f7b360e2b66',1323435544,1326457112,1,1),
 (15,'mashabelova','ca8667687a5ade2810ce7b2a76269d80','mashabelova86@yandex.ru','7811be8b67eea1ee2e8bd7c95decd27b',1326869995,1326869995,0,1),
 (16,'aibolitik8','2072774d2bf5731ad45ee026a525fe29','aibolitik8@yandex.ru','d6e13761ef76cf4456e489b3a46eba86',1327400381,1327400381,0,1),
 (17,'econradie','09393eb37cf7b2576a3d864e09d48f4f','lap.ulya@yahoo.com','513722fd2c67be3c127ad674c4a0b9c2',1327584911,1327587246,0,1),
 (18,'chapcyna','4b39683851e35b00994ef8955b0b93c1','chapcyna@rumex.ru','c5bcc1f83c727f9297b87ce7bb3d2bfd',1328269444,1328269444,1,1),
 (19,'Inoran','f2ebcb7c67e093f5a78f23a181470609','880723@mail.ru','234eed25452767a7ed5ec0c967d241e2',1328511815,1328511815,0,1),
 (20,'Zoya','6f6330d5e6152881e8a52c4d33c9beb4','zoya.polkovnikova@mail.ru','b29dee50344ca336c152a170371a6db7',1328599749,1328599749,0,1),
 (21,'Feredo','f0fd878f5d86c114f65eb185fc3f26ba','fedor_vk@mail.ru','f79d42ac1293c00f4d2ffa308d9a795c',1328639239,1328639239,0,1),
 (22,'anp61','268ca1db9cc06007078f2539db62114e','anp61@mail.ru','3dc37132d176bcabd1c792f5d79789c9',1329809460,1329809460,0,1),
 (23,'case','63a9f0ea7bb98050796b649e85481845','breslavec@rumex.ru','099502fa1f080be4a855a8fa6ed4d2b4',1331883507,1332421641,0,1);
UNLOCK TABLES;
/*!40000 ALTER TABLE `tbl_users` ENABLE KEYS */;




/*!40101 SET SQL_MODE=@OLD_SQL_MODE */;
/*!40014 SET FOREIGN_KEY_CHECKS=@OLD_FOREIGN_KEY_CHECKS */;
/*!40014 SET UNIQUE_CHECKS=@OLD_UNIQUE_CHECKS */;
/*!40101 SET CHARACTER_SET_CLIENT=@OLD_CHARACTER_SET_CLIENT */;
/*!40101 SET CHARACTER_SET_RESULTS=@OLD_CHARACTER_SET_RESULTS */;
/*!40101 SET COLLATION_CONNECTION=@OLD_COLLATION_CONNECTION */;
/*!40101 SET CHARACTER_SET_CLIENT=@OLD_CHARACTER_SET_CLIENT */;
